date_courbe;maturite;maturite_annees;taux;volume;date_valeur;n_jours;taux_actuariel
2005-01-31;2005-03-21;0.13415468856947296;2.4729668030923144;21.990000000000002;2005-01-26;49;2.534693882920025
2005-01-31;2005-05-02;0.24914442162902123;2.34;150.0;2005-01-31;91;2.393711006737309
2005-01-31;2005-09-19;0.6324435318275154;2.51;34.61;2005-01-28;231;2.556722499250541
2005-01-31;2005-12-12;0.8624229979466119;2.685;200.7;2005-01-28;315;2.727334521955993
2005-01-31;2006-05-02;1.2484599589322383;2.888;30.22;2005-01-31;456;2.888
2005-01-31;2008-12-15;3.871321013004791;3.6709999999999994;41.99;2005-01-31;1414;3.6709999999999994
2005-01-31;2009-04-05;4.175222450376454;3.782;12.68;2005-01-31;1525;3.782
2005-01-31;2009-06-28;4.405201916495551;3.856;29.73;2005-01-31;1609;3.856
2005-01-31;2009-10-18;4.7118412046543465;3.936;454.3;2005-01-31;1721;3.936
2005-01-31;2012-08-19;7.5482546201232035;4.455;69.63;2005-01-31;2757;4.455
2005-01-31;2014-08-02;9.500342231348391;4.808;85.7;2005-01-31;3470;4.808
2005-01-31;2015-01-31;9.998631074606434;4.91;17.69;2005-01-31;3652;4.91
2005-01-31;2019-08-02;14.499657768651609;5.442;52.15;2005-01-31;5296;5.442
2005-01-31;2019-10-18;14.710472279260781;5.477;239.18;2005-01-31;5373;5.477
2005-01-31;2024-04-05;19.175906913073238;6.002;37.14;2005-01-31;7004;6.002
2005-02-28;2005-03-21;0.057494866529774126;2.5559999999999996;14.18;2005-02-24;21;2.6233906232794757
2005-02-28;2005-04-25;0.15331964407939766;2.417;20.42;2005-02-24;56;2.476133503256994
2005-02-28;2006-01-02;0.8432580424366872;2.774;34.77;2005-02-24;308;2.8186649262401
2005-02-28;2007-01-14;1.8754277891854894;3.064;26.6;2005-02-28;685;3.064
2005-02-28;2007-02-04;1.9329226557152634;3.07;31.33;2005-02-28;706;3.07
2005-02-28;2007-03-04;2.0095824777549622;3.045;114.7;2005-02-28;734;3.045
2005-02-28;2007-08-19;2.4695414099931554;3.2299999999999995;432.78;2005-02-28;902;3.2299999999999995
2005-02-28;2009-06-28;4.328542094455853;3.809;21.09;2005-02-28;1581;3.809
2005-02-28;2009-10-18;4.635181382614648;3.913;82.16;2005-02-28;1693;3.913
2005-02-28;2012-02-18;6.97056810403833;4.333;82.2;2005-02-28;2546;4.333
2005-02-28;2013-06-02;8.257357973990418;4.563;56.32;2005-02-28;3016;4.563
2005-02-28;2014-04-05;9.097878165639973;4.713;56.36;2005-02-28;3323;4.713
2005-02-28;2015-01-31;9.921971252566735;4.846;31.24;2005-02-28;3624;4.846
2005-02-28;2017-10-14;12.624229979466119;5.191;24.31;2005-02-24;4611;5.191
2005-02-28;2019-04-05;14.097193702943189;5.354;54.78;2005-02-28;5149;5.354
2005-02-28;2019-08-02;14.42299794661191;5.38;26.55;2005-02-28;5268;5.38
2005-02-28;2019-10-18;14.633812457221081;5.43;92.09;2005-02-28;5345;5.43
2005-02-28;2020-02-28;14.99794661190965;5.471;599.13;2005-02-28;5478;5.471
2005-02-28;2025-02-28;20.0;6.085;153.2;2005-02-28;7305;6.085
2005-03-31;2005-04-25;0.06844626967830253;2.417;20.42;2005-02-24;25;2.4787374300400122
2005-03-31;2005-08-22;0.3942505133470226;2.45;304.86;2005-03-22;144;2.502740604452658
2005-03-31;2005-11-28;0.6625598904859685;2.5600000000000005;100.89;2005-03-24;242;2.6068749700544958
2005-03-31;2006-05-02;1.0869267624914443;2.75;10.57;2005-03-25;397;2.75
2005-03-31;2008-12-15;3.7097878165639973;3.6;21.16;2005-03-25;1355;3.6
2005-03-31;2009-06-28;4.243668720054757;3.76;58.82;2005-03-24;1550;3.76
2005-03-31;2014-04-05;9.013004791238878;4.6;109.03;2005-03-31;3292;4.6
2005-03-31;2017-10-14;12.539356605065024;5.125;107.83;2005-03-16;4580;5.125
2005-03-31;2019-04-05;14.012320328542094;5.265;166.39;2005-03-31;5118;5.265
2005-03-31;2019-08-02;14.338124572210814;5.29;64.04;2005-03-31;5237;5.29
2005-03-31;2020-02-28;14.913073237508556;5.369;101.84;2005-04-04;5447;5.369
2005-03-31;2025-02-28;19.915126625598905;5.986;805.8;2005-04-04;7274;5.986
2005-04-29;2005-09-18;0.3887748117727584;2.5359999999999996;12.88;2005-04-18;142;2.5914564012907038
2005-04-29;2006-01-29;0.7529089664613279;2.668;27.63;2005-04-19;275;2.7140360341532777
2005-04-29;2006-05-02;1.0075290896646132;2.727;14.12;2005-04-20;368;2.727
2005-04-29;2008-02-03;2.7652292950034223;3.282;52.74;2005-04-29;1010;3.282
2005-04-29;2009-01-19;3.7262149212867897;3.604;282.01;2005-04-29;1361;3.604
2005-04-29;2009-10-18;4.470910335386721;3.819;298.67;2005-04-25;1633;3.819
2005-04-29;2014-04-05;8.933607118412047;4.6;14.97;2005-04-29;3263;4.6
2005-04-29;2015-05-02;10.00684462696783;4.754;845.35;2005-05-02;3655;4.754
2005-04-29;2019-04-05;13.932922655715263;5.209;31.3;2005-04-28;5089;5.209
2005-04-29;2020-02-28;14.833675564681725;5.333;184.6;2005-04-28;5418;5.333
2005-04-29;2024-04-05;18.934976043805612;5.852;103.18;2005-04-29;6916;5.852
2005-04-29;2025-02-28;19.835728952772072;5.978;556.97;2005-05-02;7245;5.978
2005-05-31;2005-08-04;0.17796030116358658;2.505;102.94;2005-05-25;65;2.5664456629904464
2005-05-31;2005-09-19;0.30390143737166325;2.5500000000000003;213.77;2005-05-23;111;2.6087532165233185
2005-05-31;2006-05-02;0.919917864476386;2.6449999999999996;61.01;2005-05-31;336;2.6845718606818725
2005-05-31;2006-06-05;1.0130047912388775;2.713;100.22;2005-05-27;370;2.713
2005-05-31;2007-11-04;2.428473648186174;3.193;10.8;2005-05-25;887;3.193
2005-05-31;2009-06-28;4.076659822039699;3.715;48.86;2005-05-17;1489;3.715
2005-05-31;2015-01-31;9.670088980150581;4.702;229.9;2005-05-31;3532;4.702
2005-05-31;2017-02-04;11.682409308692677;4.945;64.73;2005-05-30;4267;4.945
2005-05-31;2019-04-05;13.845311430527037;5.195;21.35;2005-05-31;5057;5.195
2005-05-31;2020-02-28;14.746064339493497;5.294;58.96;2005-05-31;5386;5.294
2005-05-31;2025-02-28;19.748117727583846;5.975;30.46;2005-05-16;7213;5.975
2005-06-30;2005-08-04;0.09582477754962354;2.784130080037299;128.69;2005-06-23;35;2.8590944570781485
2005-06-30;2005-10-16;0.29568788501026694;2.8;52.68;2005-06-23;108;2.8673716977621666
2005-06-30;2005-12-12;0.4517453798767967;2.75;10.14;2005-06-23;165;2.8095120865802237
2005-06-30;2008-10-06;3.268993839835729;3.483;24.33;2005-06-27;1194;3.483
2005-06-30;2009-07-20;4.054757015742642;3.75;15.98;2005-06-30;1481;3.75
2005-06-30;2015-01-31;9.587953456536619;4.735;51.62;2005-06-30;3502;4.735
2005-06-30;2017-10-14;12.290212183436003;5.04;136.98;2005-06-20;4489;5.04
2005-06-30;2019-04-05;13.763175906913073;5.21;133.68;2005-06-24;5027;5.21
2005-06-30;2020-06-06;14.934976043805612;5.29;237.82;2005-06-20;5455;5.29
2005-06-30;2025-02-28;19.665982203969882;5.939;10.25;2005-06-22;7183;5.939
2005-07-29;2005-08-04;0.01642710472279261;2.505;102.94;2005-05-25;6;2.57177550160963
2005-07-29;2005-09-19;0.14236824093086928;3.85;255.7;2005-07-29;52;3.9694151424463975
2005-07-29;2008-10-06;3.189596167008898;3.485;36.07;2005-07-28;1165;3.485
2005-07-29;2009-10-18;4.2217659137577;3.7849999999999997;39.49;2005-07-28;1542;3.7849999999999997
2005-07-29;2015-06-20;9.891854893908283;4.747;653.64;2005-08-01;3613;4.747
2005-07-29;2017-10-14;12.210814510609172;5.041;137.18;2005-07-01;4460;5.041
2005-07-29;2020-06-06;14.855578370978781;5.288;151.38;2005-08-01;5426;5.288
2005-07-29;2025-02-28;19.586584531143053;5.935;41.27;2005-07-29;7154;5.935
2005-08-31;2005-10-16;0.12594113620807665;2.72;39.45;2005-08-29;46;2.791241550839585
2005-08-31;2005-12-12;0.28199863107460643;2.9950000000000006;101.75;2005-08-18;103;3.0698375852761473
2005-08-31;2006-02-20;0.4736481861738535;2.7;300.0;2005-08-22;173;2.757219335348271
2005-08-31;2006-06-05;0.7611225188227242;3.034;930.28;2005-08-22;278;3.087356350042003
2005-08-31;2007-08-19;1.9657768651608487;3.3;62.76;2005-08-26;718;3.3
2005-08-31;2009-01-19;3.3867214236824092;3.631;34.5;2005-08-26;1237;3.631
2005-08-31;2010-09-20;5.054072553045859;3.977;1258.0;2005-09-05;1846;3.977
2005-08-31;2014-08-02;8.919917864476385;4.65;30.76;2005-08-30;3258;4.65
2005-08-31;2015-09-05;10.012320328542094;4.77;1198.08;2005-09-05;3657;4.77
2005-08-31;2020-09-05;15.014373716632443;5.35;1651.53;2005-09-05;5484;5.35
2005-08-31;2025-02-28;19.496235455167692;5.929999999999999;1541.35;2005-09-05;7121;5.929999999999999
2005-09-30;2005-12-12;0.1998631074606434;2.62;11.04;2005-09-29;73;2.684764851752064
2005-09-30;2006-01-02;0.25735797399041754;2.7;18.21;2005-09-28;94;2.765443138105761
2005-09-30;2006-05-14;0.6187542778918549;2.9000000000000004;50.68;2005-09-30;226;2.9567010341085442
2005-09-30;2007-01-14;1.2895277207392197;3.17;44.99;2005-09-30;471;3.17
2005-09-30;2009-10-18;4.049281314168378;3.825;10.44;2005-09-26;1479;3.825
2005-09-30;2014-08-02;8.837782340862423;4.599;51.63;2005-09-28;3228;4.599
2005-09-30;2015-09-05;9.930184804928132;4.757;200.61;2005-10-03;3627;4.757
2005-09-30;2018-06-16;12.709103353867214;5.089999999999999;55.96;2005-09-27;4642;5.089999999999999
2005-09-30;2020-02-28;14.412046543463381;5.282;105.36;2005-09-30;5264;5.282
2005-09-30;2020-09-05;14.932238193018481;5.346;2094.4;2005-09-19;5454;5.346
2005-09-30;2025-10-03;20.008213552361397;5.982;1606.14;2005-10-03;7308;5.982
2005-10-31;2006-01-02;0.17248459958932238;2.691;10.03;2005-10-05;63;2.759354846771589
2005-10-31;2006-10-09;0.9390828199863107;3.007;50.05;2005-10-24;343;3.0515404156559622
2005-10-31;2007-03-04;1.3388090349075976;3.15;438.39;2005-10-31;489;3.15
2005-10-31;2008-10-06;2.9322381930184807;3.52;30.04;2005-10-28;1071;3.52
2005-10-31;2009-03-16;3.373032169746749;3.622;82.59;2005-10-28;1232;3.622
2005-10-31;2009-05-04;3.5071868583162216;3.652;81.83;2005-10-28;1281;3.652
2005-10-31;2010-11-07;5.018480492813142;3.9899999999999998;71.15;2005-10-24;1833;3.9899999999999998
2005-10-31;2015-01-31;9.25119780971937;4.608;54.7;2005-10-31;3379;4.608
2005-10-31;2015-10-31;9.998631074606434;4.731;652.48;2005-10-31;3652;4.731
2005-10-31;2020-02-28;14.327173169062286;5.2;106.64;2005-10-31;5233;5.2
2005-10-31;2020-10-17;14.962354551676933;5.299;154.1;2005-10-31;5465;5.299
2005-10-31;2024-04-05;18.428473648186174;5.734;48.4;2005-10-31;6731;5.734
2005-10-31;2025-02-28;19.329226557152634;5.837;52.93;2005-10-31;7060;5.837
2005-10-31;2025-10-03;19.923340177960302;5.939;44.96;2005-10-31;7277;5.939
2005-11-30;2006-01-02;0.09034907597535935;2.7;11.64;2005-11-07;33;2.7718379120931447
2005-11-30;2006-01-29;0.16427104722792607;2.75;34.5;2005-11-07;60;2.8208783180984742
2005-11-30;2006-10-09;0.8569472963723477;2.9060000000000006;90.43;2005-11-28;313;2.952501936799079
2005-11-30;2010-09-20;4.804928131416838;3.918;21.29;2005-11-28;1755;3.918
2005-11-30;2015-01-31;9.169062286105408;4.618;49.87;2005-11-29;3349;4.618
2005-11-30;2015-11-14;9.95482546201232;4.727;188.14;2005-11-14;3636;4.727
2005-11-30;2020-02-28;14.245037645448322;5.205000000000001;53.52;2005-11-30;5203;5.205000000000001
2005-11-30;2020-11-14;14.956878850102669;5.271;1256.19;2005-11-28;5463;5.271
2005-11-30;2025-10-03;19.84120465434634;5.915;30.4;2005-11-30;7247;5.915
2005-12-30;2006-03-01;0.16700889801505817;2.855;206.22;2005-12-19;61;2.9297711659164394
2005-12-30;2006-05-14;0.36960985626283366;2.849;52.36;2005-12-28;135;2.9149240641386687
2005-12-30;2006-12-03;0.9253935660506503;2.9999999999999996;10.95;2005-12-28;338;3.045059373704495
2005-12-30;2009-10-18;3.800136892539357;3.696;25.46;2005-12-30;1388;3.696
2005-12-30;2012-08-19;6.636550308008213;4.24;48.46;2005-12-29;2424;4.24
2005-12-30;2014-08-02;8.588637919233403;4.52;105.01;2005-12-30;3137;4.52
2005-12-30;2015-10-31;9.834360027378509;4.702;101.13;2005-12-30;3592;4.702
2005-12-30;2018-06-16;12.459958932238193;5.009;28.81;2005-12-12;4551;5.009
2005-12-30;2020-10-17;14.798083504449007;5.245;51.06;2005-12-30;5405;5.245
2005-12-30;2020-12-12;14.951403148528405;5.263;74.77;2005-12-30;5461;5.263
2005-12-30;2021-01-02;15.008898015058179;5.266;301.05;2006-01-02;5482;5.266
2005-12-30;2024-04-05;18.26420260095825;5.682;38.19;2005-12-29;6671;5.682
2005-12-30;2025-10-03;19.759069130732374;5.88;90.64;2005-12-29;7217;5.88
2005-12-30;2026-01-02;20.008213552361397;5.899;844.95;2006-01-02;7308;5.899
2006-01-30;2006-03-01;0.08213552361396304;2.855;206.22;2005-12-19;30;2.9334161427927663
2006-01-30;2006-05-14;0.28473648186173856;2.81;52.47;2006-01-24;104;2.8781673572150224
2006-01-30;2006-09-11;0.6132785763175906;2.94;208.22;2006-01-17;224;2.997956945294167
2006-01-30;2007-11-04;1.7604380561259412;3.255;114.4;2006-01-17;643;3.255
2006-01-30;2007-11-17;1.7960301163586585;3.27;37.36;2006-01-17;656;3.27
2006-01-30;2008-12-15;2.8747433264887063;3.523;52.13;2006-01-24;1050;3.523
2006-01-30;2010-05-16;4.290212183436003;3.83;24.77;2006-01-26;1567;3.83
2006-01-30;2014-08-02;8.503764544832306;4.465;85.66;2006-01-26;3106;4.465
2006-01-30;2015-01-31;9.00205338809035;4.51;107.67;2006-01-26;3288;4.51
2006-01-30;2016-01-30;9.998631074606434;4.62;290.62;2006-01-30;3652;4.62
2006-01-30;2021-01-30;15.000684462696784;5.111;67.25;2006-01-30;5479;5.111
2006-01-30;2025-10-03;19.67419575633128;5.655;10.54;2006-01-30;7186;5.655
2006-01-30;2026-01-02;19.923340177960302;5.699;131.09;2006-01-30;7277;5.699
2006-02-28;2006-03-01;0.0027378507871321013;2.8739964603261554;237.31;2006-02-23;1;2.9566631621640527
2006-02-28;2006-05-29;0.2464065708418891;2.65;50.0;2006-02-27;90;2.7141237942050145
2006-02-28;2007-02-12;0.9555099247091033;3.068;167.77;2006-02-27;349;3.1127120815740428
2006-02-28;2007-11-04;1.68104038329911;3.2450000000000006;191.06;2006-02-22;614;3.2450000000000006
2006-02-28;2009-01-19;2.891170431211499;3.445;13.5;2006-02-24;1056;3.445
2006-02-28;2011-01-17;4.884325804243669;3.886;303.12;2006-02-22;1784;3.886
2006-02-28;2015-11-14;9.708418891170432;4.43;103.84;2006-02-28;3546;4.43
2006-02-28;2019-02-03;12.930869267624914;4.75;34.1;2006-02-20;4723;4.75
2006-02-28;2020-12-12;14.787132101300479;4.863;52.82;2006-02-28;5401;4.863
2006-02-28;2021-01-02;14.844626967830253;4.883000000000001;52.57;2006-02-28;5422;4.883000000000001
2006-02-28;2021-01-30;14.921286789869953;5.111;67.25;2006-01-30;5450;5.111
2006-02-28;2026-01-02;19.84394250513347;5.41;32.21;2006-02-27;7248;5.41
2006-03-31;2006-05-02;0.08761122518822724;2.612;42.0;2006-03-31;32;2.680504335028888
2006-03-31;2006-07-03;0.25735797399041754;2.65;50.0;2006-04-03;94;2.713721142514247
2006-03-31;2007-01-20;0.8076659822039699;2.991;145.27;2006-03-30;295;3.041305681185369
2006-03-31;2007-06-03;1.1745379876796715;3.187;219.99;2006-03-31;429;3.187
2006-03-31;2007-11-04;1.596167008898015;3.26;15.8;2006-03-31;583;3.26
2006-03-31;2009-06-28;3.24435318275154;3.58;28.88;2006-03-30;1185;3.58
2006-03-31;2009-07-20;3.3045859000684463;3.59;199.77;2006-03-30;1207;3.59
2006-03-31;2010-05-16;4.125941136208077;3.7;25.05;2006-03-31;1507;3.7
2006-03-31;2014-08-02;8.33949349760438;4.218;216.61;2006-03-31;3046;4.218
2006-03-31;2015-10-31;9.585215605749486;4.311;52.67;2006-03-31;3501;4.311
2006-03-31;2019-02-03;12.845995893223819;4.685;123.13;2006-03-31;4692;4.685
2006-03-31;2021-01-30;14.836413415468858;4.84;105.12;2006-03-31;5419;4.84
2006-03-31;2025-10-03;19.509924709103355;5.187;22.41;2006-03-28;7126;5.187
2006-03-31;2026-01-02;19.759069130732374;5.205;33.1;2006-03-22;7217;5.205
2006-04-28;2006-05-02;0.010951403148528405;2.51;103.6;2006-04-21;4;2.5771552016733423
2006-04-28;2006-07-17;0.2190280629705681;2.64;50.0;2006-04-17;80;2.7047783213845156
2006-04-28;2006-10-23;0.487337440109514;2.79;50.0;2006-04-24;178;2.849252579911421
2006-04-28;2007-04-15;0.9637234770704997;3.0420000000000003;205.81;2006-04-24;352;3.0859280809576894
2006-04-28;2007-11-04;1.5195071868583163;3.2319999999999998;87.22;2006-04-28;555;3.2319999999999998
2006-04-28;2009-11-01;3.512662559890486;3.595;33.35;2006-04-24;1283;3.595
2006-04-28;2012-08-19;6.310746064339494;4.0;11.51;2006-04-24;2305;4.0
2006-04-28;2014-06-14;8.128678986995208;4.163;58.47;2006-04-28;2969;4.163
2006-04-28;2016-01-30;9.757700205338809;4.26;104.57;2006-04-28;3564;4.26
2006-04-28;2019-04-05;12.936344969199178;4.69;98.57;2006-04-14;4725;4.69
2006-04-28;2020-12-12;14.625598904859686;4.791;119.55;2006-04-28;5342;4.791
2006-04-28;2021-01-30;14.759753593429158;4.81;105.79;2006-04-26;5391;4.81
2006-04-28;2026-01-02;19.682409308692677;5.154999999999999;55.76;2006-04-26;7189;5.154999999999999
2006-05-31;2006-07-01;0.08487337440109514;2.64;65.94;2006-05-18;31;2.709690918469976
2006-05-31;2006-08-26;0.23819301848049282;2.635;144.59;2006-05-29;87;2.6989050319538466
2006-05-31;2006-08-28;0.243668720054757;2.59;50.0;2006-05-29;89;2.65216087461162
2006-05-31;2007-03-04;0.758384668035592;2.89;25.95;2006-05-31;277;2.94043692974304
2006-05-31;2007-07-01;1.0841889117043122;3.031;91.0;2006-05-31;396;3.031
2006-05-31;2008-03-17;1.7960301163586585;3.205;91.41;2006-05-31;656;3.205
2006-05-31;2009-01-19;2.639288158795346;3.3600000000000003;42.0;2006-05-30;964;3.3600000000000003
2006-05-31;2012-12-02;6.507871321013004;3.9150000000000005;85.33;2006-05-30;2377;3.9150000000000005
2006-05-31;2015-11-14;9.456536618754278;4.192;128.18;2006-05-29;3454;4.192
2006-05-31;2019-04-05;12.845995893223819;4.694;98.77;2006-05-03;4692;4.694
2006-05-31;2020-12-12;14.535249828884325;4.608;116.14;2006-05-25;5309;4.608
2006-05-31;2021-01-02;14.5927446954141;4.621;141.89;2006-05-25;5330;4.621
2006-05-31;2021-01-30;14.669404517453799;4.595;130.1;2006-05-18;5358;4.595
2006-05-31;2026-06-05;20.01368925393566;4.945;205.14;2006-06-05;7310;4.945
2006-06-30;2006-07-01;0.0027378507871321013;2.64;65.94;2006-05-18;1;2.7127103555180776
2006-06-30;2006-08-28;0.16153319644079397;2.601;50.11;2006-06-30;59;2.6664504387504673
2006-06-30;2006-10-02;0.25735797399041754;2.595;100.68;2006-06-23;94;2.6568492735538296
2006-06-30;2006-10-09;0.27652292950034224;2.61;50.31;2006-06-23;101;2.671674482408992
2006-06-30;2007-02-12;0.621492128678987;2.75;151.94;2006-06-26;227;2.8028574476186785
2006-06-30;2007-11-17;1.3826146475017111;3.045;36.31;2006-06-29;505;3.045
2006-06-30;2007-12-29;1.4976043805612593;3.075;58.77;2006-06-29;547;3.075
2006-06-30;2009-01-19;2.5571526351813825;3.28;27.43;2006-06-30;934;3.28
2006-06-30;2011-01-17;4.550308008213553;3.63;111.9;2006-06-26;1662;3.63
2006-06-30;2016-01-30;9.585215605749486;4.17;106.03;2006-06-29;3501;4.17
2006-06-30;2019-04-05;12.763860369609857;4.426;68.69;2006-06-27;4662;4.426
2006-06-30;2020-02-28;13.664613278576317;4.42;67.63;2006-06-30;4991;4.42
2006-06-30;2020-10-17;14.299794661190965;4.517;157.31;2006-06-30;5223;4.517
2006-06-30;2021-01-30;14.587268993839835;4.566;152.91;2006-06-23;5328;4.566
2006-06-30;2025-02-28;18.666666666666668;4.833;11.84;2006-06-26;6818;4.833
2006-06-30;2026-06-05;19.9315537303217;4.945;205.14;2006-06-05;7280;4.945
2006-07-31;2006-08-28;0.07665982203969883;2.601;50.11;2006-06-30;28;2.669469821536641
2006-07-31;2007-02-12;0.5366187542778919;2.99;101.41;2006-07-28;196;3.0527877986184837
2006-07-31;2008-03-17;1.6290212183436004;3.06;51.16;2006-07-31;595;3.06
2006-07-31;2009-06-28;2.9103353867214237;3.31;52.56;2006-07-28;1063;3.31
2006-07-31;2011-01-17;4.465434633812457;3.525;21.05;2006-07-31;1631;3.525
2006-07-31;2011-03-06;4.596851471594798;3.465;237.24;2006-07-31;1679;3.465
2006-07-31;2016-01-30;9.500342231348391;4.1;53.48;2006-07-31;3470;4.1
2006-07-31;2019-04-05;12.678986995208762;4.42;89.12;2006-07-19;4631;4.42
2006-07-31;2020-12-12;14.368240930869268;4.493;74.19;2006-07-31;5248;4.493
2006-07-31;2021-01-30;14.50239561943874;4.566;152.91;2006-06-23;5297;4.566
2006-07-31;2025-02-28;18.581793292265573;4.833;11.84;2006-06-26;6787;4.833
2006-07-31;2026-06-05;19.8466803559206;4.945;205.14;2006-06-05;7249;4.945
2006-08-31;2006-09-11;0.030116358658453114;2.9000000000000004;51.47;2006-08-30;11;2.982589956329651
2006-08-31;2013-01-06;6.351813826146475;3.64;29.09;2006-08-25;2320;3.64
2006-08-31;2013-06-02;6.754277891854894;3.69;28.44;2006-08-25;2467;3.69
2006-08-31;2016-03-06;9.514031485284052;4.007;113.65;2006-08-25;3475;4.007
2006-08-31;2019-08-02;12.919917864476385;4.283;56.65;2006-08-31;4719;4.283
2006-08-31;2021-01-30;14.417522245037645;4.387;42.12;2006-08-23;5266;4.387
2006-08-31;2026-01-02;19.340177960301162;4.76;18.95;2006-08-10;7064;4.76
2006-08-31;2026-06-05;19.761806981519506;4.945;205.14;2006-06-05;7218;4.945
2006-09-29;2006-10-09;0.02737850787132101;2.45;102.96;2006-09-29;10;2.5142706769882617
2006-09-29;2006-11-19;0.13963039014373715;2.61;118.54;2006-09-18;51;2.6765631216453256
2006-09-29;2007-02-19;0.3915126625598905;2.612;101.97;2006-09-26;143;2.669646827646055
2006-09-29;2007-07-07;0.7693360711841205;2.775;74.97;2006-09-19;281;2.8226048204399445
2006-09-29;2008-03-17;1.4647501711156743;2.963;103.0;2006-10-02;535;2.963
2006-09-29;2009-10-18;3.052703627652293;3.141;505.76;2006-09-29;1115;3.141
2006-09-29;2011-01-17;4.301163586584531;3.35;52.74;2006-09-28;1571;3.35
2006-09-29;2014-08-02;7.841204654346338;3.535;55.15;2006-09-28;2864;3.535
2006-09-29;2019-04-05;12.514715947980836;3.8010000000000006;158.96;2006-09-19;4571;3.8010000000000006
2006-09-29;2020-12-12;14.203969883641342;3.91;77.37;2006-09-20;5188;3.91
2006-09-29;2021-01-30;14.338124572210814;4.387;42.12;2006-08-23;5237;4.387
2006-09-29;2025-10-03;19.01163586584531;4.463;74.61;2006-09-07;6944;4.463
2006-09-29;2026-06-05;19.682409308692677;4.47;16.18;2006-09-05;7189;4.47
2006-10-31;2006-11-19;0.05201916495550993;2.61;118.54;2006-09-18;19;2.6797043496497253
2006-10-31;2007-04-09;0.4380561259411362;2.68;10.01;2006-10-26;160;2.737979240865829
2006-10-31;2007-04-30;0.49555099247091033;2.69;200.0;2006-10-30;181;2.7461115998896
2006-10-31;2008-01-06;1.1827515400410678;2.901;424.31;2006-10-18;432;2.901
2006-10-31;2009-11-01;3.0034223134839153;3.15;202.76;2006-10-26;1097;3.15
2006-10-31;2010-12-11;4.112251882272417;3.341;135.21;2006-10-27;1502;3.341
2006-10-31;2012-04-21;5.47296372347707;3.49;55.39;2006-10-27;1999;3.49
2006-10-31;2015-11-14;9.037645448323067;3.5399999999999996;113.73;2006-10-26;3301;3.5399999999999996
2006-10-31;2016-01-30;9.248459958932239;3.633;164.22;2006-10-26;3378;3.633
2006-10-31;2019-02-03;12.260095824777549;3.7800000000000002;48.05;2006-10-18;4478;3.7800000000000002
2006-10-31;2020-12-12;14.116358658453114;3.82;60.3;2006-10-31;5156;3.82
2006-10-31;2021-01-02;14.173853524982889;3.825;40.9;2006-10-31;5177;3.825
2006-10-31;2021-01-30;14.250513347022586;4.387;42.12;2006-08-23;5205;4.387
2006-10-31;2025-10-03;18.924024640657084;4.463;74.61;2006-09-07;6912;4.463
2006-10-31;2026-06-05;19.59479808350445;4.47;16.18;2006-09-05;7157;4.47
2006-11-30;2006-12-03;0.008213552361396304;2.5;42.45;2006-11-24;3;2.566848679731093
2006-11-30;2007-01-14;0.12320328542094455;2.56;25.92;2006-11-24;45;2.6252805017085157
2006-11-30;2007-02-04;0.1806981519507187;2.56;143.63;2006-11-17;66;2.6233020468156454
2006-11-30;2007-02-12;0.2026009582477755;2.565;85.54;2006-11-17;74;2.6277246554946787
2006-11-30;2007-02-26;0.24093086926762491;2.48;200.0;2006-11-27;88;2.5385393385907395
2006-11-30;2007-06-03;0.5065023956194388;2.612;20.89;2006-11-30;185;2.66556894763208
2006-11-30;2007-07-01;0.5831622176591376;2.625;26.0;2006-11-30;213;2.6761854894025605
2006-11-30;2008-03-17;1.2950034223134839;2.7899999999999996;94.99;2006-11-29;473;2.7899999999999996
2006-11-30;2008-06-16;1.5441478439425051;2.81;66.13;2006-11-29;564;2.81
2006-11-30;2010-10-16;3.8767967145790556;3.046;84.07;2006-11-30;1416;3.046
2006-11-30;2010-11-07;3.9370294318959616;3.05;26.74;2006-11-30;1438;3.05
2006-11-30;2010-12-11;4.030116358658453;3.055;113.22;2006-11-30;1472;3.055
2006-11-30;2014-08-02;7.671457905544147;3.291;253.56;2006-11-30;2802;3.291
2006-11-30;2019-02-03;12.177960301163587;3.58;87.15;2006-11-27;4448;3.58
2006-11-30;2019-10-18;12.881587953456537;3.64;119.46;2006-11-27;4705;3.64
2006-11-30;2021-01-30;14.168377823408624;3.621;611.05;2006-12-04;5175;3.621
2006-11-30;2026-06-05;19.512662559890487;3.801;1220.95;2006-12-04;7127;3.801
2006-11-30;2036-12-04;30.012320328542096;3.9800000000000004;2180.2;2006-12-04;10962;3.9800000000000004
2006-12-29;2007-01-20;0.06023271731690623;2.6;148.51;2006-12-20;22;2.6690159648324663
2006-12-29;2007-02-04;0.10130047912388775;2.56;143.63;2006-11-17;37;2.6260352423361555
2006-12-29;2007-02-12;0.12320328542094455;2.565;85.54;2006-11-17;45;2.6304665531693194
2006-12-29;2007-05-28;0.4106776180698152;2.6;255.46;2006-12-22;150;2.6566095621325614
2006-12-29;2007-11-04;0.8487337440109514;2.82;39.67;2006-12-28;310;2.8652852263375994
2006-12-29;2008-04-14;1.2922655715263518;2.91;99.85;2007-01-02;472;2.91
2006-12-29;2009-01-19;2.0588637919233403;2.91;623.75;2006-12-27;752;2.91
2006-12-29;2009-03-16;2.212183436002738;2.895;300.0;2007-01-02;808;2.895
2006-12-29;2009-05-04;2.346338124572211;2.892;332.42;2006-12-27;857;2.892
2006-12-29;2011-03-06;4.183436002737851;3.06;106.43;2006-12-29;1528;3.06
2006-12-29;2014-08-02;7.592060232717317;3.257;124.54;2006-12-28;2773;3.257
2006-12-29;2015-11-14;8.876112251882272;3.334;250.2;2006-12-28;3242;3.334
2006-12-29;2016-01-30;9.086926762491444;3.406;75.17;2006-12-28;3319;3.406
2006-12-29;2016-03-06;9.1854893908282;3.351;109.04;2006-12-28;3355;3.351
2006-12-29;2017-10-14;10.792607802874743;3.4;271.93;2006-12-28;3942;3.4
2006-12-29;2019-02-03;12.098562628336756;3.5050000000000003;78.11;2006-12-28;4419;3.5050000000000003
2006-12-29;2020-02-28;13.166324435318275;3.586;62.18;2006-12-28;4809;3.586
2006-12-29;2021-01-02;14.012320328542094;3.6;123.68;2006-12-28;5118;3.6
2006-12-29;2021-01-30;14.088980150581794;3.6;614.06;2007-01-02;5146;3.6
2006-12-29;2026-06-05;19.433264887063654;3.821;30.22;2006-12-28;7098;3.821
2006-12-29;2036-12-04;29.932922655715263;3.972;246.38;2007-01-02;10933;3.972
2007-01-31;2007-02-12;0.03285420944558522;2.803;338.8;2007-01-30;12;2.881333618022053
2007-01-31;2007-04-15;0.2026009582477755;2.698;210.83;2007-01-31;74;2.7654630857880003
2007-01-31;2007-05-14;0.28199863107460643;2.729;92.06;2007-01-31;103;2.7944900931520023
2007-01-31;2007-11-04;0.758384668035592;2.865;117.07;2007-01-26;277;2.914912748206988
2007-01-31;2008-04-14;1.2019164955509924;2.939;1050.88;2007-02-05;439;2.939
2007-01-31;2008-06-16;1.374401095140315;2.96;210.87;2007-01-31;502;2.96
2007-01-31;2009-03-16;2.1218343600273784;3.0449999999999995;399.86;2007-02-05;775;3.0449999999999995
2007-01-31;2011-03-06;4.093086926762491;3.11;426.28;2007-02-05;1495;3.11
2007-01-31;2016-03-06;9.095140314852841;3.345;112.57;2007-01-31;3322;3.345
2007-01-31;2017-01-15;9.957563312799453;3.394;80.2;2007-02-05;3637;3.394
2007-01-31;2019-10-18;12.711841204654347;3.533;63.12;2007-01-26;4643;3.533
2007-01-31;2022-02-05;15.014373716632443;3.6510000000000002;949.88;2007-02-05;5484;3.6510000000000002
2007-01-31;2026-01-02;18.921286789869953;3.78;155.29;2007-01-30;6911;3.78
2007-01-31;2026-06-05;19.342915811088297;3.7879999999999994;85.25;2007-01-30;7065;3.7879999999999994
2007-01-31;2036-12-04;29.842573579739906;3.969;60.45;2007-01-31;10900;3.969
2007-02-28;2007-04-15;0.12594113620807665;2.85;105.44;2007-02-07;46;2.9263343857169666
2007-02-28;2007-08-13;0.4544832306639288;2.84;35.03;2007-02-21;166;2.9020660459831538
2007-02-28;2008-01-06;0.8542094455852156;2.925;204.37;2007-02-19;312;2.971966082844868
2007-02-28;2008-05-05;1.1827515400410678;2.966;399.88;2007-03-05;432;2.966
2007-02-28;2009-10-18;2.6365503080082138;3.09;51.85;2007-02-26;963;3.09
2007-02-28;2012-03-19;5.054072553045859;3.162;100.06;2007-03-05;1846;3.162
2007-02-28;2012-08-19;5.47296372347707;3.218;29.77;2007-02-28;1999;3.218
2007-02-28;2016-03-06;9.018480492813142;3.351;202.94;2007-02-22;3294;3.351
2007-02-28;2017-10-14;10.625598904859686;3.432;166.08;2007-02-16;3881;3.432
2007-02-28;2022-02-05;14.937713894592745;3.662;801.11;2007-03-05;5456;3.662
2007-02-28;2026-06-05;19.266255989048595;3.7910000000000004;1136.24;2007-03-05;7037;3.7910000000000004
2007-02-28;2036-12-04;29.765913757700204;3.968;386.08;2007-03-05;10872;3.968
2007-03-30;2007-04-15;0.04380561259411362;3.225;267.65;2007-03-15;16;3.321417899860668
2007-03-30;2007-04-21;0.06023271731690623;3.275;372.75;2007-03-15;22;3.3727991803792046
2007-03-30;2007-06-11;0.1998631074606434;3.06;100.67;2007-03-29;73;3.141241672187922
2007-03-30;2008-02-03;0.8487337440109514;3.06;102.26;2007-03-30;310;3.10970031725335
2007-03-30;2008-05-05;1.1006160164271048;2.963;100.1;2007-03-21;402;2.963
2007-03-30;2010-05-16;3.1293634496919918;3.1;17.78;2007-03-21;1143;3.1
2007-03-30;2012-12-02;5.678302532511978;3.22;34.57;2007-03-21;2074;3.22
2007-03-30;2014-04-05;7.017111567419575;3.277;900.32;2007-03-23;2563;3.277
2007-03-30;2019-04-05;12.016427104722792;3.54;257.67;2007-03-08;4389;3.54
2007-03-30;2021-01-30;13.839835728952773;3.629;10.64;2007-03-29;5055;3.629
2007-03-30;2025-02-28;17.919233401779604;3.765;92.0;2007-03-29;6545;3.765
2007-03-30;2036-12-04;29.683778234086244;3.9689999999999994;16.55;2007-03-07;10842;3.9689999999999994
2007-04-30;2007-05-14;0.038329911019849415;3.3;401.67;2007-04-23;14;3.400217812351869
2007-04-30;2007-06-11;0.11498973305954825;3.06;50.35;2007-04-03;42;3.1454303806026207
2007-04-30;2008-03-17;0.8815879534565366;3.075;200.79;2007-04-19;322;3.1233889671820503
2007-04-30;2008-04-14;0.9582477754962354;3.054629024350384;122.38;2007-04-19;350;3.099006926527026
2007-04-30;2009-06-28;2.16290212183436;3.11;34.1;2007-04-13;790;3.11
2007-04-30;2013-06-02;6.091718001368926;3.306;273.6;2007-04-13;2225;3.306
2007-04-30;2014-08-02;7.258042436687201;3.3650000000000007;159.0;2007-04-16;2651;3.3650000000000007
2007-04-30;2020-02-28;12.83230663928816;3.665;120.62;2007-04-20;4687;3.665
2007-04-30;2020-12-12;13.620807665982204;3.688;118.9;2007-04-20;4975;3.688
2007-04-30;2021-01-02;13.678302532511978;3.69;207.59;2007-04-20;4996;3.69
2007-04-30;2026-06-05;19.09924709103354;3.7989999999999995;165.52;2007-04-19;6976;3.7989999999999995
2007-04-30;2036-12-04;29.598904859685145;3.9689999999999994;16.55;2007-03-07;10811;3.9689999999999994
2007-05-31;2007-06-03;0.008213552361396304;3.25;79.32;2007-05-24;3;3.349568761395383
2007-05-31;2007-08-19;0.2190280629705681;3.33;20.93;2007-05-25;80;3.4210353063944154
2007-05-31;2007-09-03;0.2600958247775496;3.3;1150.0;2007-06-04;95;3.3874598266871114
2007-05-31;2007-12-03;0.5092402464065708;3.343;1463.0;2007-06-04;186;3.417594271721147
2007-05-31;2008-05-05;0.9308692676249144;2.973;16.1;2007-06-04;340;3.0173766721151685
2007-05-31;2009-03-16;1.7932922655715264;3.3599999999999994;80.39;2007-05-31;655;3.3599999999999994
2007-05-31;2011-01-17;3.6331279945242985;3.28;93.33;2007-05-31;1327;3.28
2007-05-31;2014-04-05;6.847364818617385;3.346;78.19;2007-05-04;2501;3.346
2007-05-31;2016-01-30;8.668035592060233;3.485;24.31;2007-05-31;3166;3.485
2007-05-31;2016-03-06;8.766598220396988;3.6499999999999995;80.21;2007-05-31;3202;3.6499999999999995
2007-05-31;2019-04-05;11.846680355920602;3.618;94.15;2007-05-07;4327;3.618
2007-05-31;2020-10-17;13.382614647501711;3.52;60.42;2007-05-31;4888;3.52
2007-05-31;2021-01-30;13.670088980150581;3.596;525.06;2007-05-31;4993;3.596
2007-05-31;2026-06-05;19.014373716632445;3.93;36.35;2007-05-28;6945;3.93
2007-05-31;2036-12-04;29.51403148528405;3.965;22.24;2007-05-18;10780;3.965
2007-06-29;2007-07-07;0.02190280629705681;3.35;109.42;2007-06-29;8;3.453561142794781
2007-06-29;2007-07-28;0.07939767282683094;3.363;327.61;2007-06-29;29;3.4637351877090827
2007-06-29;2007-08-19;0.13963039014373715;3.29;35.46;2007-06-20;51;3.3839404850407595
2007-06-29;2007-12-03;0.42984257357973993;3.2999999999999994;20.05;2007-06-29;157;3.377779863683661
2007-06-29;2007-12-17;0.4681724845995893;3.35;50.0;2007-06-18;171;3.4272079559910296
2007-06-29;2008-01-06;0.5229295003422314;3.3499999999999996;158.4;2007-06-12;191;3.4240110702694615
2007-06-29;2009-05-04;1.8480492813141685;3.3;62.91;2007-06-29;675;3.3
2007-06-29;2011-01-17;3.5537303216974676;3.326;40.28;2007-06-29;1298;3.326
2007-06-29;2014-04-05;6.767967145790554;3.421;44.71;2007-06-28;2472;3.421
2007-06-29;2015-10-31;8.33949349760438;3.4910000000000005;39.23;2007-06-29;3046;3.4910000000000005
2007-06-29;2016-01-30;8.588637919233403;3.494;27.68;2007-06-29;3137;3.494
2007-06-29;2019-08-02;12.093086926762492;3.6;35.21;2007-06-29;4417;3.6
2007-06-29;2021-01-30;13.59069130732375;3.64;83.41;2007-06-29;4964;3.64
2007-06-29;2026-06-05;18.934976043805612;3.772;143.4;2007-06-26;6916;3.772
2007-06-29;2036-12-04;29.43463381245722;3.965;21.55;2007-06-25;10751;3.965
2007-07-31;2007-08-19;0.05201916495550993;3.407;268.2;2007-07-26;19;3.511463070948917
2007-07-31;2007-10-20;0.22176591375770022;3.373;238.41;2007-07-25;81;3.465636252468962
2007-07-31;2007-11-17;0.29842573579739906;3.365;49.9;2007-07-31;109;3.452742763172756
2007-07-31;2008-04-14;0.7063655030800822;3.397;15.36;2007-07-23;258;3.461486084862475
2007-07-31;2009-05-04;1.7604380561259412;3.3;91.37;2007-07-10;643;3.3
2007-07-31;2011-03-06;3.597535934291581;3.67;42.63;2007-07-23;1314;3.67
2007-07-31;2014-04-05;6.680355920602327;3.4680000000000004;75.78;2007-07-27;2440;3.4680000000000004
2007-07-31;2016-01-30;8.501026694045175;3.541;60.53;2007-07-27;3105;3.541
2007-07-31;2019-10-18;12.216290212183436;3.7500000000000004;52.81;2007-07-26;4462;3.7500000000000004
2007-07-31;2021-01-30;13.503080082135524;3.8;19.29;2007-07-26;4932;3.8
2007-07-31;2025-10-03;18.17659137577002;3.915;137.48;2007-07-26;6639;3.915
2007-07-31;2026-06-05;18.847364818617386;3.805;322.06;2007-07-26;6884;3.805
2007-07-31;2036-12-04;29.347022587268995;3.97;53.1;2007-07-31;10719;3.97
2007-08-31;2007-09-03;0.008213552361396304;3.51;481.79;2007-08-17;3;3.622292197597554
2007-08-31;2007-09-29;0.07939767282683094;3.3479999999999994;156.82;2007-08-01;29;3.448043686003288
2007-08-31;2007-12-03;0.25735797399041754;3.35;46.1;2007-08-13;94;3.439590276448601
2007-08-31;2008-03-17;0.5448323066392882;3.3499999999999996;50.68;2007-08-30;199;3.4227345283801336
2007-08-31;2009-05-04;1.675564681724846;3.4999999999999996;75.93;2007-08-15;612;3.4999999999999996
2007-08-31;2009-10-18;2.132785763175907;3.605;89.24;2007-08-30;779;3.605
2007-08-31;2012-03-19;4.550308008213553;3.81;267.12;2007-08-31;1662;3.81
2007-08-31;2015-01-31;7.4195756331279945;4.155;48.33;2007-08-23;2710;4.155
2007-08-31;2019-02-03;11.427789185489392;4.27;25.11;2007-08-28;4174;4.27
2007-08-31;2021-01-30;13.418206707734429;3.7979999999999996;19.31;2007-08-02;4901;3.7979999999999996
2007-08-31;2026-06-05;18.76249144421629;4.28;56.12;2007-08-28;6853;4.28
2007-08-31;2036-12-04;29.2621492128679;3.97;51.0;2007-08-27;10688;3.97
2007-09-28;2007-11-04;0.10130047912388775;3.45;57.93;2007-09-21;37;3.5534064237562335
2007-09-28;2007-12-10;0.1998631074606434;3.436;19.19;2007-09-28;73;3.53260692082884
2007-09-28;2008-02-02;0.34770704996577684;3.375;26.9;2007-09-27;127;3.460182663991107
2007-09-28;2008-05-19;0.6406570841889117;3.605;101.27;2007-09-26;234;3.6789616629296917
2007-09-28;2009-03-16;1.4647501711156743;3.579;80.8;2007-09-12;535;3.579
2007-09-28;2009-09-14;1.9630390143737166;3.585;99.2;2007-09-17;717;3.585
2007-09-28;2009-11-01;2.0944558521560577;3.61;98.24;2007-09-28;765;3.61
2007-09-28;2010-12-11;3.2032854209445585;3.76;65.0;2007-09-28;1170;3.76
2007-09-28;2012-08-19;4.892539356605065;3.9540000000000006;178.12;2007-09-24;1787;3.9540000000000006
2007-09-28;2014-04-05;6.5188227241615335;4.121;213.6;2007-09-24;2381;4.121
2007-09-28;2015-01-31;7.342915811088296;4.155;39.89;2007-09-26;2682;4.155
2007-09-28;2019-04-05;11.51813826146475;4.355;231.08;2007-09-21;4207;4.355
2007-09-28;2022-02-05;14.35728952772074;4.485;18.68;2007-09-06;5244;4.485
2007-09-28;2025-02-28;17.420944558521562;4.229;147.45;2007-09-20;6363;4.229
2007-09-28;2036-12-04;29.1854893908282;4.3;101.38;2007-09-27;10660;4.3
2007-10-31;2007-12-03;0.09034907597535935;3.5;252.96;2007-10-12;33;3.6064402976045518
2007-10-31;2007-12-10;0.10951403148528405;3.436;19.19;2007-09-28;40;3.538246577659243
2007-10-31;2008-04-14;0.4544832306639288;3.392333281482634;450.01;2007-10-16;166;3.4717307292957855
2007-10-31;2008-11-17;1.0485968514715949;3.416;500.23;2007-11-05;383;3.416
2007-10-31;2009-09-14;1.8726899383983573;3.564;398.81;2007-11-05;684;3.564
2007-10-31;2010-07-03;2.6721423682409307;3.69;10.82;2007-10-10;976;3.69
2007-10-31;2012-08-19;4.802190280629706;3.8840000000000003;83.21;2007-10-23;1754;3.8840000000000003
2007-10-31;2013-01-06;5.1854893908282;3.9169999999999994;136.61;2007-10-23;1894;3.9169999999999994
2007-10-31;2016-01-30;8.24914442162902;4.2;26.71;2007-10-22;3013;4.2
2007-10-31;2019-08-02;11.75359342915811;4.387;225.42;2007-10-19;4293;4.387
2007-10-31;2022-02-05;14.26694045174538;4.485;18.68;2007-09-06;5211;4.485
2007-10-31;2026-06-05;18.595482546201232;4.38;102.32;2007-10-30;6792;4.38
2007-10-31;2036-12-04;29.09514031485284;4.3;101.38;2007-09-27;10627;4.3
2007-11-30;2007-12-03;0.008213552361396304;3.5;252.96;2007-10-12;3;3.6117896485754475
2007-11-30;2007-12-10;0.02737850787132101;3.436;19.19;2007-09-28;10;3.543394325750482
2007-11-30;2008-02-18;0.2190280629705681;3.4;200.0;2007-11-19;80;3.4939163846588572
2007-11-30;2008-05-19;0.4681724845995893;3.445;217.0;2007-11-19;171;3.525292794278667
2007-11-30;2009-01-19;1.1389459274469542;3.526;300.09;2007-11-26;416;3.526
2007-11-30;2010-12-11;3.030800821355236;3.709;17.22;2007-11-22;1107;3.709
2007-11-30;2014-04-05;6.346338124572211;4.125;76.42;2007-11-22;2318;4.125
2007-11-30;2015-10-31;7.917864476386037;4.41;30.75;2007-11-22;2892;4.41
2007-11-30;2019-04-05;11.345653661875428;4.321;29.11;2007-11-02;4144;4.321
2007-11-30;2021-01-30;13.169062286105408;4.491;10.27;2007-11-22;4810;4.491
2007-11-30;2025-10-03;17.842573579739906;4.55;20.0;2007-11-22;6517;4.55
2007-11-30;2026-06-05;18.51334702258727;4.5249999999999995;60.66;2007-11-22;6762;4.5249999999999995
2007-11-30;2036-12-04;29.013004791238878;4.308;50.98;2007-11-26;10597;4.308
2007-12-31;2008-01-06;0.01642710472279261;3.72;523.71;2007-12-27;6;3.8424830894445705
2007-12-31;2008-03-24;0.2299794661190965;3.82;200.03;2007-12-25;84;3.9312009847413787
2007-12-31;2008-03-31;0.24914442162902123;3.74;100.0;2007-12-31;91;3.8462571835871318
2007-12-31;2008-06-30;0.49828884325804246;3.82;25.0;2007-12-31;182;3.9106610211884663
2007-12-31;2009-02-16;1.1307323750855578;3.75;49.86;2007-12-31;413;3.75
2007-12-31;2011-01-17;3.047227926078029;3.711;52.2;2007-12-28;1113;3.711
2007-12-31;2012-03-19;4.216290212183436;4.18;123.49;2007-12-31;1540;4.18
2007-12-31;2016-01-30;8.082135523613964;4.348;178.13;2007-12-31;2952;4.348
2007-12-31;2017-10-14;9.787816563997263;4.369;27.77;2007-12-31;3575;4.369
2007-12-31;2019-04-05;11.260780287474333;4.391;29.14;2007-12-31;4113;4.391
2007-12-31;2019-08-02;11.586584531143053;4.395;38.43;2007-12-31;4232;4.395
2007-12-31;2019-10-18;11.797399041752225;4.399;44.43;2007-12-31;4309;4.399
2007-12-31;2020-02-28;12.161533196440795;4.401;28.69;2007-12-31;4442;4.401
2007-12-31;2020-12-12;12.950034223134839;4.409;23.96;2007-12-31;4730;4.409
2007-12-31;2021-01-30;13.084188911704311;4.416;64.05;2007-12-31;4779;4.416
2007-12-31;2026-06-05;18.428473648186174;4.515;240.1;2007-12-27;6731;4.515
2007-12-31;2036-12-04;28.928131416837783;4.308;50.98;2007-11-26;10566;4.308
2008-01-31;2008-02-02;0.0054757015742642025;3.4999999999999996;83.21;2008-01-21;2;3.611968323158865
2008-01-31;2008-03-17;0.12594113620807665;3.55;102.63;2008-01-16;46;3.656427996374023
2008-01-31;2008-05-05;0.2600958247775496;3.52;50.0;2008-02-04;95;3.616267445200627
2008-01-31;2008-08-04;0.5092402464065708;3.56;200.0;2008-02-04;186;3.6413826967853113
2008-01-31;2009-01-19;0.9691991786447639;3.6749999999999994;303.12;2008-01-30;354;3.728109692002679
2008-01-31;2009-02-16;1.0458590006844628;3.74;64.93;2008-01-30;382;3.74
2008-01-31;2009-05-18;1.2950034223134839;3.716;199.3;2008-02-04;473;3.716
2008-01-31;2011-03-06;3.0937713894592744;3.915;17.28;2008-01-28;1130;3.915
2008-01-31;2014-06-14;6.368240930869268;4.07;54.58;2008-01-29;2326;4.07
2008-01-31;2015-10-31;7.748117727583847;4.19;16.88;2008-01-31;2830;4.19
2008-01-31;2016-01-30;7.997262149212868;4.219;70.6;2008-01-31;2921;4.219
2008-01-31;2018-06-16;10.373716632443532;4.398;71.17;2008-01-31;3789;4.398
2008-01-31;2022-02-05;14.015058179329227;4.682;27.94;2008-01-28;5119;4.682
2008-01-31;2026-01-02;17.921971252566735;4.865;31.22;2008-01-22;6546;4.865
2008-01-31;2036-12-04;28.843258042436688;4.308;50.98;2007-11-26;10535;4.308
2008-02-29;2008-04-14;0.12320328542094455;3.4200042698548248;257.62;2008-02-22;45;3.5206719599315983
2008-02-29;2008-05-26;0.23819301848049282;3.44;400.0;2008-02-25;87;3.534385747950708
2008-02-29;2008-08-25;0.487337440109514;3.4999999999999996;23.8;2008-02-25;178;3.5808783419907675
2008-02-29;2009-03-16;1.0431211498973305;3.645;616.02;2008-02-19;381;3.645
2008-02-29;2012-03-19;4.05201916495551;3.79;100.89;2008-03-03;1480;3.79
2008-02-29;2013-06-02;5.256673511293634;3.8449999999999998;68.05;2008-02-27;1920;3.8449999999999998
2008-02-29;2015-10-31;7.668720054757015;4.035;17.09;2008-02-26;2801;4.035
2008-02-29;2016-03-06;8.016427104722792;4.015;21.45;2008-02-26;2928;4.015
2008-02-29;2021-01-30;12.919917864476385;4.435;32.41;2008-02-08;4719;4.435
2008-02-29;2022-02-05;13.935660506502396;4.682;27.94;2008-01-28;5090;4.682
2008-02-29;2026-01-02;17.842573579739906;4.593;77.52;2008-02-21;6517;4.593
2008-02-29;2036-12-04;28.763860369609855;4.5;36.98;2008-02-28;10506;4.5
2008-03-31;2008-04-14;0.038329911019849415;3.4;208.86;2008-03-31;14;3.504970769456839
2008-03-31;2008-10-06;0.5174537987679672;3.42;34.43;2008-03-27;189;3.4964764233127443
2008-03-31;2009-05-18;1.1307323750855578;3.652;70.2;2008-03-31;413;3.652
2008-03-31;2012-03-19;3.9671457905544147;3.77;18.59;2008-03-31;1449;3.77
2008-03-31;2014-10-18;6.548939082819986;3.925;35.25;2008-03-19;2392;3.925
2008-03-31;2016-01-30;7.832991101984942;4.015;10.53;2008-03-27;2861;4.015
2008-03-31;2019-04-05;11.011635865845312;4.165;42.02;2008-03-14;4022;4.165
2008-03-31;2022-02-05;13.850787132101301;4.321;56.17;2008-03-27;5059;4.321
2008-03-31;2025-10-03;17.508555783709788;4.535;35.81;2008-03-06;6395;4.535
2008-03-31;2026-01-02;17.75770020533881;4.55;35.36;2008-03-06;6486;4.55
2008-03-31;2036-12-04;28.67898699520876;4.5;36.98;2008-02-28;10475;4.5
2008-04-30;2008-05-19;0.05201916495550993;3.4;206.7;2008-04-17;19;3.5041300648301466
2008-04-30;2008-06-23;0.14784394250513347;3.43;101.36;2008-04-21;54;3.529585105895716
2008-04-30;2008-10-06;0.4353182751540041;3.44;33.71;2008-04-29;159;3.5221565144550437
2008-04-30;2009-02-03;0.7638603696098563;3.46;61.18;2008-04-30;279;3.5224649284470333
2008-04-30;2009-07-20;1.2210814510609171;3.568;62.51;2008-04-28;446;3.568
2008-04-30;2011-01-17;2.7159479808350446;3.72;50.85;2008-04-30;992;3.72
2008-04-30;2012-12-02;4.591375770020534;3.85;49.79;2008-04-30;1677;3.85
2008-04-30;2015-11-14;7.540041067761807;3.9980000000000007;110.77;2008-04-25;2754;3.9980000000000007
2008-04-30;2021-01-02;12.676249144421629;4.272;20.06;2008-04-18;4630;4.272
2008-04-30;2022-02-05;13.768651608487337;4.335;28.08;2008-04-08;5029;4.335
2008-04-30;2026-06-05;18.09719370294319;4.562;55.88;2008-04-30;6610;4.562
2008-04-30;2036-12-04;28.5968514715948;4.5;36.98;2008-02-28;10445;4.5
2008-05-30;2008-08-17;0.216290212183436;3.39;32.19;2008-05-29;79;3.483668156709019
2008-05-30;2008-09-01;0.25735797399041754;3.4;100.0;2008-06-02;94;3.491583390536568
2008-05-30;2009-03-16;0.7939767282683093;3.505;152.59;2008-05-30;290;3.5665657560772557
2008-05-30;2009-05-04;0.9281314168377823;3.522;101.15;2008-05-30;339;3.575412645254694
2008-05-30;2009-07-20;1.1389459274469542;3.6;15.98;2008-05-28;416;3.6
2008-05-30;2011-04-16;2.8774811772758384;3.76;39.41;2008-05-30;1051;3.76
2008-05-30;2012-12-02;4.509240246406571;3.858;49.93;2008-05-30;1647;3.858
2008-05-30;2015-11-14;7.457905544147844;3.996;21.42;2008-05-09;2724;3.996
2008-05-30;2019-04-05;10.847364818617386;4.25;39.92;2008-05-26;3962;4.25
2008-05-30;2022-02-05;13.686516084873375;4.335;28.08;2008-04-08;4999;4.335
2008-05-30;2026-06-05;18.015058179329227;4.574;78.2;2008-05-06;6580;4.574
2008-05-30;2036-12-04;28.514715947980836;4.5;36.98;2008-02-28;10415;4.5
2008-06-30;2008-09-01;0.17248459958932238;3.4;23.9;2008-06-03;63;3.496754874405239
2008-06-30;2008-09-29;0.24914442162902123;3.3970000000000002;605.3;2008-06-30;91;3.488961944779767
2008-06-30;2009-02-03;0.5968514715947981;3.47;51.22;2008-06-20;218;3.5430629194446395
2008-06-30;2009-10-18;1.3004791238877482;3.609;26.62;2008-06-19;475;3.609
2008-06-30;2011-03-06;2.6803559206023273;3.7499999999999996;75.14;2008-06-24;979;3.7499999999999996
2008-06-30;2014-10-18;6.299794661190965;4.066;79.79;2008-06-20;2301;4.066
2008-06-30;2015-10-31;7.3347022587268995;4.118;117.64;2008-06-20;2679;4.118
2008-06-30;2020-09-05;12.183436002737851;4.297;68.18;2008-06-27;4450;4.297
2008-06-30;2024-04-05;15.764544832306639;4.454;67.08;2008-06-30;5758;4.454
2008-06-30;2026-06-05;17.930184804928132;4.574;78.2;2008-05-06;6549;4.574
2008-06-30;2036-12-04;28.42984257357974;4.5;36.98;2008-02-28;10384;4.5
2008-07-31;2008-08-25;0.06844626967830253;3.4;88.59;2008-07-24;25;3.5031219255852175
2008-07-31;2008-09-01;0.08761122518822724;3.4;23.9;2008-06-03;32;3.501946735730077
2008-07-31;2008-10-20;0.22176591375770022;3.4;500.0;2008-07-21;81;3.4937496050383876
2008-07-31;2009-02-03;0.5119780971937029;3.52;178.68;2008-07-18;187;3.599937086279348
2008-07-31;2009-11-01;1.2539356605065024;3.7;213.35;2008-07-31;458;3.7
2008-07-31;2012-03-19;3.6331279945242985;3.856;98.69;2008-07-21;1327;3.856
2008-07-31;2012-12-02;4.339493497604381;4.02;110.84;2008-07-18;1585;4.02
2008-07-31;2020-02-28;11.578370978781656;4.28;11.31;2008-07-18;4229;4.28
2008-07-31;2024-04-05;15.679671457905544;4.454;67.08;2008-06-30;5727;4.454
2008-07-31;2025-10-03;17.17453798767967;4.531;12.12;2008-07-03;6273;4.531
2008-07-31;2026-06-05;17.845311430527037;4.566;10.74;2008-07-03;6518;4.566
2008-07-31;2036-12-04;28.344969199178646;4.5;36.98;2008-02-28;10353;4.5
2008-08-29;2008-09-29;0.08487337440109514;3.5;111.22;2008-08-29;31;3.606796266866552
2008-08-29;2008-11-17;0.2190280629705681;3.430614525139665;402.75;2008-08-27;80;3.525803552297768
2008-08-29;2009-10-18;1.136208076659822;3.6760000000000006;14.19;2008-08-29;415;3.6760000000000006
2008-08-29;2012-12-02;4.26009582477755;4.02;40.25;2008-08-15;1556;4.02
2008-08-29;2013-06-02;4.758384668035592;4.06;76.02;2008-08-15;1738;4.06
2008-08-29;2016-01-30;7.4195756331279945;4.239;73.91;2008-08-29;2710;4.239
2008-08-29;2020-12-12;12.28747433264887;4.541;166.18;2008-08-29;4488;4.541
2008-08-29;2024-04-05;15.600273785078713;4.454;67.08;2008-06-30;5698;4.454
2008-08-29;2025-10-03;17.09514031485284;4.531;12.12;2008-07-03;6244;4.531
2008-08-29;2026-06-05;17.765913757700204;4.566;10.74;2008-07-03;6489;4.566
2008-08-29;2036-12-04;28.265571526351813;4.5;36.98;2008-02-28;10324;4.5
2008-09-30;2008-10-06;0.01642710472279261;3.6;206.47;2008-09-29;6;3.7162951562026647
2008-09-30;2008-11-17;0.13141683778234087;3.52;102.75;2008-08-27;48;3.6246862883117847
2008-09-30;2009-01-18;0.30116358658453113;3.505;106.78;2008-09-23;110;3.5980020837601323
2008-09-30;2009-04-20;0.5530458590006845;3.85;81.84;2008-09-26;202;3.937447778801584
2008-09-30;2009-05-04;0.5913757700205339;3.85;170.1;2008-09-26;216;3.93449887017725
2008-09-30;2009-10-18;1.0485968514715949;3.8;183.15;2008-09-30;383;3.8
2008-09-30;2009-11-16;1.1279945242984257;3.5919999999999996;300.43;2008-10-06;412;3.5919999999999996
2008-09-30;2012-03-19;3.46611909650924;4.023;79.08;2008-09-26;1266;4.023
2008-09-30;2012-08-19;3.885010266940452;4.073;43.55;2008-09-26;1419;4.073
2008-09-30;2012-12-02;4.172484599589322;4.125;19.59;2008-09-30;1524;4.125
2008-09-30;2015-11-14;7.121149897330596;4.3;55.33;2008-09-26;2601;4.3
2008-09-30;2020-12-12;12.199863107460644;4.54;101.98;2008-09-02;4456;4.54
2008-09-30;2024-04-05;15.512662559890487;4.817;35.02;2008-09-29;5666;4.817
2008-09-30;2026-01-02;17.256673511293634;4.885;81.63;2008-09-29;6303;4.885
2008-09-30;2036-12-04;28.177960301163587;4.5;36.98;2008-02-28;10292;4.5
2008-10-31;2008-11-17;0.04654346338124572;3.75;216.37;2008-10-27;17;3.871794628600811
2008-10-31;2009-01-19;0.2190280629705681;3.744;64.16;2008-10-29;80;3.8526578183150084
2008-10-31;2009-01-26;0.23819301848049282;3.69;200.0;2008-10-27;87;3.7949022362085083
2008-10-31;2009-10-18;0.9637234770704997;3.97;151.57;2008-10-24;352;4.027988846265029
2008-10-31;2010-01-18;1.215605749486653;3.9170000000000003;3000.99;2008-11-03;444;3.9170000000000003
2008-10-31;2010-10-16;1.9575633127994525;4.057;236.54;2008-10-29;715;4.057
2008-10-31;2012-02-18;3.299110198494182;4.144;68.55;2008-10-29;1205;4.144
2008-10-31;2014-08-02;5.752224503764545;4.315;20.88;2008-10-31;2101;4.315
2008-10-31;2015-11-14;7.036276522929501;4.39;74.68;2008-10-30;2570;4.39
2008-10-31;2019-04-05;10.425735797399042;4.647;39.42;2008-10-30;3808;4.647
2008-10-31;2019-10-18;10.962354551676933;4.677;21.42;2008-10-30;4004;4.677
2008-10-31;2022-02-05;13.264887063655031;4.764;56.04;2008-10-29;4845;4.764
2008-10-31;2025-10-03;16.922655715263517;4.888;61.84;2008-10-28;6181;4.888
2008-10-31;2036-12-04;28.093086926762492;4.5;36.98;2008-02-28;10261;4.5
2008-11-28;2008-12-22;0.06570841889117043;3.704;201.25;2008-11-28;24;3.8220462087910745
2008-11-28;2009-01-18;0.13963039014373715;3.68;127.4;2008-11-14;51;3.7915308308074103
2008-11-28;2009-03-16;0.29568788501026694;3.71;15.26;2008-11-27;108;3.811595562627801
2008-11-28;2009-10-18;0.8870636550308009;3.8380000000000005;34.99;2008-11-28;324;3.8997259386300165
2008-11-28;2010-04-19;1.3880903490759753;3.876;1998.57;2008-12-01;507;3.876
2008-11-28;2011-01-17;2.135523613963039;4.055;100.59;2008-11-26;780;4.055
2008-11-28;2013-12-01;5.007529089664613;3.994;1000.25;2008-12-01;1829;3.994
2008-11-28;2016-01-30;7.170431211498974;4.4;92.93;2008-11-21;2619;4.4
2008-11-28;2020-09-05;11.770020533880903;4.707;63.81;2008-11-19;4299;4.707
2008-11-28;2024-04-05;15.351129363449692;4.836;65.62;2008-11-13;5607;4.836
2008-11-28;2025-10-03;16.84599589322382;4.888;61.84;2008-10-28;6153;4.888
2008-11-28;2036-12-04;28.016427104722794;4.5;36.98;2008-02-28;10233;4.5
2008-12-31;2009-01-19;0.05201916495550993;3.767;54.51;2008-12-25;19;3.889253751421573
2008-12-31;2009-02-16;0.12867898699520877;3.729;20.63;2008-12-03;47;3.8436464022926886
2008-12-31;2009-04-06;0.26283367556468173;3.65;100.0;2009-01-05;96;3.7514557311723706
2008-12-31;2009-06-29;0.4928131416837782;3.737;44.51;2008-12-31;180;3.825290140763693
2008-12-31;2009-12-21;0.971937029431896;3.839;107.71;2008-12-31;355;3.8943698209287225
2008-12-31;2010-01-18;1.0485968514715949;3.9;80.53;2008-12-31;383;3.9
2008-12-31;2012-02-18;3.132101300479124;4.07;16.33;2008-12-31;1144;4.07
2008-12-31;2012-08-19;3.6331279945242985;4.1;12.09;2008-12-31;1327;4.1
2008-12-31;2012-12-02;3.920602327173169;4.118;21.32;2008-12-31;1432;4.118
2008-12-31;2012-12-29;3.994524298425736;4.1;463.98;2008-12-31;1459;4.1
2008-12-31;2013-12-14;4.952772073921971;4.178;58.49;2008-12-30;1809;4.178
2008-12-31;2015-01-31;6.083504449007529;4.319;149.45;2008-12-30;2222;4.319
2008-12-31;2015-03-20;6.2149212867898695;4.259;406.69;2008-12-30;2270;4.259
2008-12-31;2015-06-20;6.466803559206023;4.27;736.07;2008-12-30;2362;4.27
2008-12-31;2016-01-30;7.080082135523614;4.41;52.98;2008-12-25;2586;4.41
2008-12-31;2020-11-14;11.871321013004792;4.49;64.8;2008-12-31;4336;4.49
2008-12-31;2024-04-05;15.260780287474333;4.82;212.54;2008-12-30;5574;4.82
2008-12-31;2026-06-05;17.426420260095824;4.92;39.82;2008-12-15;6365;4.92
2008-12-31;2036-12-04;27.926078028747433;4.5;36.98;2008-02-28;10200;4.5
2009-01-30;2009-02-03;0.010951403148528405;3.636;518.89;2009-01-22;4;3.754521746837791
2009-01-30;2009-03-16;0.12320328542094455;3.65;112.22;2009-01-08;45;3.761289147224356
2009-01-30;2009-06-28;0.4079397672826831;3.6899999999999995;50.04;2009-01-27;149;3.7827602465203114
2009-01-30;2009-07-27;0.487337440109514;3.68;361.41;2009-01-27;178;3.7667831311558153
2009-01-30;2010-06-14;1.3689253935660506;3.86;43.14;2009-01-27;500;3.86
2009-01-30;2012-12-02;3.838466803559206;4.007;32.21;2009-01-30;1402;4.007
2009-01-30;2013-12-01;4.8350444900752905;4.053;200.91;2009-02-02;1766;4.053
2009-01-30;2016-03-06;7.096509240246407;4.345;70.76;2009-01-07;2592;4.345
2009-01-30;2017-02-04;8.013689253935661;4.41;34.86;2009-01-07;2927;4.41
2009-01-30;2022-02-05;13.015742642026009;4.604;31.02;2009-01-21;4754;4.604
2009-01-30;2026-01-02;16.922655715263517;4.9;1113.41;2009-01-05;6181;4.9
2009-01-30;2036-12-04;27.84394250513347;4.5;36.98;2008-02-28;10170;4.5
2009-02-27;2009-03-16;0.04654346338124572;3.6424473152486994;697.83;2009-02-25;17;3.7587849802281914
2009-02-27;2009-06-08;0.27652292950034224;3.58;100.86;2009-02-25;101;3.67762621165999
2009-02-27;2009-06-28;0.33127994524298426;3.65;129.45;2009-02-25;121;3.7466602747573186
2009-02-27;2009-08-10;0.4490075290896646;3.659;1175.03;2009-02-09;164;3.7477615184359214
2009-02-27;2009-10-18;0.6379192334017796;3.7;50.69;2009-02-09;233;3.7767485060862027
2009-02-27;2010-06-14;1.2922655715263518;3.825;20.09;2009-02-23;472;3.825
2009-02-27;2010-07-19;1.3880903490759753;3.833;850.47;2009-02-23;507;3.833
2009-02-27;2011-02-14;1.9630390143737166;3.84;1004.74;2009-02-23;717;3.84
2009-02-27;2011-03-06;2.0177960301163584;3.841;31.18;2009-02-27;737;3.841
2009-02-27;2013-06-02;4.26009582477755;3.98;59.2;2009-02-27;1556;3.98
2009-02-27;2020-06-06;11.271731690622861;4.289;347.62;2009-02-26;4117;4.289
2009-02-27;2022-02-05;12.93908281998631;4.604;31.02;2009-01-21;4726;4.604
2009-02-27;2025-10-03;16.5968514715948;4.587;294.84;2009-02-25;6062;4.587
2009-02-27;2036-12-04;27.76728268309377;4.5;36.98;2008-02-28;10142;4.5
2009-03-31;2009-04-03;0.008213552361396304;3.479;3100.0;2009-03-13;3;3.589737731903009
2009-03-31;2009-06-22;0.2272416153319644;3.5;150.0;2009-03-23;83;3.59757125888871
2009-03-31;2009-10-18;0.5503080082135524;3.4;169.2;2009-03-30;201;3.4738881196697102
2009-03-31;2010-06-14;1.2046543463381245;3.597;91.93;2009-03-27;440;3.597
2009-03-31;2011-02-14;1.8754277891854894;3.68;26.28;2009-03-27;685;3.68
2009-03-31;2011-04-04;2.0095824777549622;3.841;200.22;2009-03-16;734;3.841
2009-03-31;2013-12-01;4.670773442847365;3.968;151.91;2009-03-16;1706;3.968
2009-03-31;2020-11-14;11.624914442162902;4.2;262.86;2009-03-26;4246;4.2
2009-03-31;2024-04-05;15.014373716632443;4.575;10.39;2009-03-25;5484;4.575
2009-03-31;2025-10-03;16.50924024640657;4.46;29.99;2009-03-26;6030;4.46
2009-03-31;2036-12-04;27.679671457905545;4.5;36.98;2008-02-28;10110;4.5
2009-04-30;2009-06-08;0.10677618069815195;3.4500000000000006;101.52;2009-04-30;39;3.553060974317801
2009-04-30;2009-07-12;0.1998631074606434;3.265;404.56;2009-04-24;73;3.354471987951446
2009-04-30;2009-07-20;0.22176591375770022;3.28;165.57;2009-04-24;81;3.3688468509309732
2009-04-30;2009-07-27;0.24093086926762491;3.28;54.5;2009-04-27;88;3.3677618039334556
2009-04-30;2009-10-19;0.47091033538672145;3.34;34.5;2009-04-20;172;3.4167270383912873
2009-04-30;2010-06-21;1.1416837782340863;3.47;50.68;2009-04-30;417;3.47
2009-04-30;2010-07-12;1.1991786447638604;3.47;99.57;2009-04-30;438;3.47
2009-04-30;2012-06-02;3.0910335386721424;3.5399999999999996;38.53;2009-04-15;1129;3.5399999999999996
2009-04-30;2014-06-14;5.122518822724161;3.6800000000000006;189.14;2009-04-30;1871;3.6800000000000006
2009-04-30;2020-10-17;11.46611909650924;4.02;156.8;2009-04-24;4188;4.02
2009-04-30;2025-10-03;16.427104722792606;4.46;29.99;2009-03-26;6000;4.46
2009-04-30;2036-12-04;27.59753593429158;4.5;36.98;2008-02-28;10080;4.5
2009-05-29;2009-06-28;0.08213552361396304;3.3;53.34;2009-05-28;30;3.3976876097713937
2009-05-29;2009-07-12;0.12046543463381246;3.257;202.48;2009-05-05;44;3.3505898761786
2009-05-29;2009-11-16;0.4681724845995893;3.3;96.38;2009-05-27;171;3.375604205218674
2009-05-29;2010-02-23;0.7392197125256673;3.346;15.62;2009-05-21;270;3.4073691412811913
2009-05-29;2010-05-16;0.9637234770704997;3.368;48.97;2009-05-21;352;3.4168327371309815
2009-05-29;2010-06-21;1.0622861054072552;3.4;34.67;2009-05-26;388;3.4
2009-05-29;2010-07-12;1.1197809719370295;3.388;1012.22;2009-05-26;409;3.388
2009-05-29;2011-06-17;2.0506502395619437;3.474;10.49;2009-05-15;749;3.474
2009-05-29;2014-05-18;4.969199178644764;3.6619999999999995;100.76;2009-06-01;1815;3.6619999999999995
2009-05-29;2020-06-06;11.02258726899384;4.062;159.1;2009-05-12;4026;4.062
2009-05-29;2026-06-05;17.018480492813143;4.385;43.07;2009-05-18;6216;4.385
2009-05-29;2036-12-04;27.51813826146475;4.5;36.98;2008-02-28;10051;4.5
2009-06-30;2009-07-20;0.05475701574264202;3.267;71.84;2009-06-30;20;3.3647414876217807
2009-06-30;2009-09-22;0.2299794661190965;3.2709999999999995;24.24;2009-06-30;84;3.3590213194023555
2009-06-30;2009-11-01;0.3394934976043806;3.3;13.06;2009-06-29;124;3.3829229526749938
2009-06-30;2009-11-16;0.3805612594113621;3.514;32.06;2009-06-29;139;3.6022145996923216
2009-06-30;2010-01-04;0.5147159479808351;3.3;100.0;2009-07-06;188;3.3729673244740965
2009-06-30;2010-08-16;1.1279945242984257;3.402;1459.88;2009-06-29;412;3.402
2009-06-30;2012-08-19;3.137577002053388;3.595;11.35;2009-06-09;1146;3.595
2009-06-30;2012-12-02;3.4250513347022586;3.655;11.01;2009-06-09;1251;3.655
2009-06-30;2014-06-28;4.993839835728953;3.6;84.11;2009-06-30;1824;3.6
2009-06-30;2015-03-20;5.71937029431896;3.769;36.85;2009-06-30;2089;3.769
2009-06-30;2016-01-30;6.584531143052704;3.819;39.58;2009-06-30;2405;3.819
2009-06-30;2019-04-05;9.763175906913073;4.005;57.74;2009-06-18;3566;4.005
2009-06-30;2020-06-06;10.934976043805612;4.068;66.55;2009-06-19;3994;4.068
2009-06-30;2025-10-03;16.26009582477755;4.379;36.66;2009-06-18;5939;4.379
2009-06-30;2036-12-04;27.430527036276523;4.5;36.98;2008-02-28;10019;4.5
2009-07-31;2009-09-21;0.14236824093086928;3.28;293.86;2009-07-31;52;3.3733519496489617
2009-07-31;2009-10-18;0.216290212183436;3.286;123.79;2009-07-21;79;3.3754005346650517
2009-07-31;2010-01-18;0.4681724845995893;3.3000000000000003;206.34;2009-07-31;171;3.375604205218674
2009-07-31;2010-02-01;0.5065023956194388;3.27;100.0;2009-08-03;185;3.3425161123270986
2009-07-31;2011-01-17;1.4647501711156743;3.446;200.88;2009-07-31;535;3.446
2009-07-31;2013-01-06;3.436002737850787;3.5849999999999995;93.18;2009-07-31;1255;3.5849999999999995
2009-07-31;2014-04-05;4.678986995208761;3.7070000000000003;49.15;2009-07-27;1709;3.7070000000000003
2009-07-31;2014-05-18;4.7967145790554415;3.714;80.87;2009-07-27;1752;3.714
2009-07-31;2014-06-28;4.908966461327857;3.721;144.65;2009-07-27;1793;3.721
2009-07-31;2014-08-02;5.004791238877481;3.722;88.31;2009-07-27;1828;3.722
2009-07-31;2015-01-31;5.503080082135524;3.74;153.31;2009-07-27;2010;3.74
2009-07-31;2016-03-06;6.598220396988364;3.817;49.31;2009-07-27;2410;3.817
2009-07-31;2020-11-14;11.290896646132786;4.091;140.2;2009-07-27;4124;4.091
2009-07-31;2020-12-12;11.367556468172484;4.095;165.84;2009-07-27;4152;4.095
2009-07-31;2025-02-28;15.58110882956879;4.328;36.32;2009-07-24;5691;4.328
2009-07-31;2025-10-03;16.175222450376456;4.441;54.04;2009-07-27;5908;4.441
2009-07-31;2036-12-04;27.345653661875428;4.487;246.39;2009-07-21;9988;4.487
2009-08-31;2009-10-18;0.13141683778234087;3.25;63.11;2009-08-25;48;3.3426727092624287
2009-08-31;2009-11-01;0.1697467488021903;3.284;21.25;2009-08-18;62;3.375965483269172
2009-08-31;2009-11-23;0.2299794661190965;3.2400000000000007;650.4;2009-08-24;84;3.3267849439509556
2009-08-31;2010-06-21;0.8049281314168378;3.34;65.15;2009-08-31;294;3.397466326147014
2009-08-31;2011-04-04;1.5906913073237507;3.475;136.73;2009-08-31;581;3.475
2009-08-31;2013-01-06;3.351129363449692;3.5899999999999994;93.22;2009-08-31;1224;3.5899999999999994
2009-08-31;2014-05-18;4.7118412046543465;3.6799999999999997;101.59;2009-08-31;1721;3.6799999999999997
2009-08-31;2014-06-28;4.824093086926762;3.695;35.17;2009-08-31;1762;3.695
2009-08-31;2015-11-14;6.203969883641341;3.83;130.51;2009-08-31;2266;3.83
2009-08-31;2022-02-05;12.432580424366872;4.203;21.26;2009-08-18;4541;4.203
2009-08-31;2025-02-28;15.496235455167694;4.418;24.06;2009-08-18;5660;4.418
2009-08-31;2025-10-03;16.09034907597536;4.445;12.24;2009-08-26;5877;4.445
2009-08-31;2026-01-02;16.33949349760438;4.456;90.68;2009-08-26;5968;4.456
2009-08-31;2036-12-04;27.260780287474333;4.487;246.39;2009-07-21;9957;4.487
2009-09-30;2009-10-18;0.049281314168377825;3.247;1655.45;2009-09-30;18;3.344127548242315
2009-09-30;2009-11-01;0.08761122518822724;3.2499999999999996;55.31;2009-09-30;32;3.3451203175897115
2009-09-30;2009-11-23;0.14784394250513347;3.25;74.31;2009-09-10;54;3.3417560812132097
2009-09-30;2010-01-18;0.30116358658453113;3.24;103.65;2009-09-18;110;3.3228594788376364
2009-09-30;2010-04-19;0.5503080082135524;3.264;537.84;2009-09-30;201;3.333909758301168
2009-09-30;2011-02-14;1.374401095140315;3.38;155.07;2009-09-30;502;3.38
2009-09-30;2011-04-04;1.5085557837097878;3.425;56.53;2009-09-30;551;3.425
2009-09-30;2012-02-11;2.3655030800821355;3.4869999999999997;97.81;2009-09-29;864;3.4869999999999997
2009-09-30;2012-02-24;2.401095140314853;3.509;53.71;2009-09-29;877;3.509
2009-09-30;2012-05-05;2.595482546201232;3.509;60.27;2009-09-29;948;3.509
2009-09-30;2012-05-26;2.652977412731006;3.515;72.17;2009-09-29;969;3.515
2009-09-30;2012-09-22;2.9787816563997263;3.547;93.95;2009-09-29;1088;3.547
2009-09-30;2015-09-05;5.930184804928132;3.799;157.93;2009-09-30;2166;3.799
2009-09-30;2015-10-31;6.083504449007529;3.811;87.48;2009-09-30;2222;3.811
2009-09-30;2019-04-05;9.51129363449692;4.0;23.35;2009-09-25;3474;4.0
2009-09-30;2020-06-06;10.683093771389458;4.099;81.66;2009-09-29;3902;4.099
2009-09-30;2020-10-17;11.047227926078028;4.125;104.66;2009-09-29;4035;4.125
2009-09-30;2020-12-12;11.200547570157427;4.135;322.85;2009-09-29;4091;4.135
2009-09-30;2022-02-05;12.350444900752908;4.203;147.2;2009-09-29;4511;4.203
2009-09-30;2024-04-05;14.513347022587268;4.33;142.33;2009-09-25;5301;4.33
2009-09-30;2025-10-03;16.008213552361397;4.417;2224.14;2009-09-29;5847;4.417
2009-09-30;2026-06-05;16.67898699520876;4.456;166.47;2009-09-29;6092;4.456
2009-09-30;2036-12-04;27.17864476386037;4.487;246.39;2009-07-21;9927;4.487
2009-10-30;2009-11-16;0.04654346338124572;3.2499999999999996;207.99;2009-10-30;17;3.3474192768912836
2009-10-30;2009-12-21;0.14236824093086928;3.2499999999999996;103.37;2009-10-26;52;3.342061549750408
2009-10-30;2010-04-19;0.4681724845995893;3.29;124.43;2009-10-30;171;3.365285097630899
2009-10-30;2010-09-13;0.8706365503080082;3.3;35.21;2009-10-23;318;3.3529819264441985
2009-10-30;2010-11-07;1.0212183436002737;3.356;164.78;2009-10-30;373;3.356
2009-10-30;2011-11-02;2.00684462696783;3.544;1325.89;2009-11-02;733;3.544
2009-10-30;2014-05-18;4.547570157426421;3.71;985.28;2009-11-02;1661;3.71
2009-10-30;2019-10-18;9.96577686516085;4.081;85.93;2009-10-29;3640;4.081
2009-10-30;2020-09-05;10.850102669404517;4.111;77.71;2009-10-29;3963;4.111
2009-10-30;2025-02-28;15.331964407939767;4.39;81.33;2009-10-23;5600;4.39
2009-10-30;2026-06-05;16.5968514715948;4.46;40.0;2009-10-20;6062;4.46
2009-10-30;2036-12-04;27.096509240246405;4.487;246.39;2009-07-21;9897;4.487
2009-11-30;2009-12-21;0.057494866529774126;3.28;82.91;2009-11-24;21;3.3781854712736425
2009-11-30;2010-02-23;0.2327173169062286;3.255;262.91;2009-11-27;85;3.3422295971893723
2009-11-30;2010-10-25;0.9007529089664613;3.37;60.16;2009-11-27;329;3.4225109884177707
2009-11-30;2011-04-04;1.3415468856947297;3.5149999999999997;74.3;2009-11-25;490;3.5149999999999997
2009-11-30;2012-03-19;2.299794661190965;3.586;20.24;2009-11-26;840;3.586
2009-11-30;2014-05-18;4.462696783025325;3.7639999999999993;374.96;2009-11-30;1630;3.7639999999999993
2009-11-30;2017-02-04;7.181382614647502;3.89;51.35;2009-11-04;2623;3.89
2009-11-30;2017-10-14;7.871321013004791;3.94;51.34;2009-11-04;2875;3.94
2009-11-30;2020-09-05;10.765229295003422;4.133;27.75;2009-11-13;3932;4.133
2009-11-30;2025-10-03;15.841204654346338;4.434;376.48;2009-11-16;5786;4.434
2009-11-30;2026-06-05;16.511978097193705;4.414;22.18;2009-11-25;6031;4.414
2009-11-30;2036-12-04;27.01163586584531;4.485;20.92;2009-11-25;9866;4.485
2009-12-31;2010-01-11;0.030116358658453114;3.314;71.05;2009-12-24;11;3.4153561601073523
2009-12-31;2010-03-15;0.2026009582477755;3.316;246.87;2009-12-29;74;3.407415587931495
2009-12-31;2010-11-22;0.892539356605065;3.402;250.68;2009-12-21;326;3.4555494607628745
2009-12-31;2010-12-06;0.9308692676249144;3.401;500.72;2009-12-21;340;3.452268363220745
2009-12-31;2011-04-16;1.2895277207392197;3.4429999999999996;21.66;2009-12-31;471;3.4429999999999996
2009-12-31;2012-08-19;2.6338124572210813;3.6430000000000002;175.26;2009-12-25;962;3.6430000000000002
2009-12-31;2015-09-05;5.678302532511978;3.86;158.95;2009-12-31;2074;3.86
2009-12-31;2019-10-18;9.796030116358658;4.13;86.2;2009-12-31;3578;4.13
2009-12-31;2020-06-06;10.431211498973306;4.172;39.31;2009-12-25;3810;4.172
2009-12-31;2021-01-02;11.006160164271048;4.21;21.78;2009-12-25;4020;4.21
2009-12-31;2025-02-28;15.162217659137577;4.41;127.22;2009-12-31;5538;4.41
2009-12-31;2026-01-02;16.005475701574266;4.457;110.19;2009-12-28;5846;4.457
2009-12-31;2036-12-04;26.926762491444215;4.51;37.56;2009-12-29;9835;4.51
2010-01-29;2010-02-01;0.008213552361396304;3.3299999999999996;101.56;2010-01-22;3;3.4334077558614506
2010-01-29;2010-03-15;0.12320328542094455;3.316;247.21;2010-01-13;45;3.412025376448602
2010-01-29;2010-05-03;0.25735797399041754;3.45;300.0;2010-02-01;94;3.543595905667729
2010-01-29;2010-11-07;0.7720739219712526;3.5;219.09;2010-01-27;282;3.562837499312854
2010-01-29;2010-11-15;0.7939767282683093;3.505;115.76;2010-01-27;290;3.5665657560772557
2010-01-29;2011-04-04;1.1772758384668036;3.63;20.73;2010-01-26;430;3.63
2010-01-29;2012-04-16;2.212183436002738;3.669;199.89;2010-01-18;808;3.669
2010-01-29;2014-11-16;4.7967145790554415;3.89;3765.16;2010-02-01;1752;3.89
2010-01-29;2019-10-18;9.716632443531827;4.19;86.09;2010-01-28;3549;4.19
2010-01-29;2020-06-06;10.351813826146476;4.2;56.23;2010-01-26;3781;4.2
2010-01-29;2026-01-02;15.926078028747433;4.459751246734742;168.44;2010-01-21;5817;4.459751246734742
2010-01-29;2036-12-04;26.847364818617386;4.51;28.56;2010-01-04;9806;4.51
2010-02-26;2010-04-19;0.14236824093086928;3.45;167.67;2010-02-26;52;3.550817723563582
2010-02-26;2010-05-17;0.2190280629705681;3.485;209.31;2010-02-26;80;3.582468743499878
2010-02-26;2010-08-09;0.4490075290896646;3.563;140.18;2010-02-19;164;3.648462180860834
2010-02-26;2010-08-23;0.487337440109514;3.6;25.0;2010-02-22;178;3.684137695291012
2010-02-26;2011-04-04;1.1006160164271048;3.75;49.85;2010-02-26;402;3.75
2010-02-26;2012-02-18;1.9767282683093772;3.8;105.57;2010-02-26;722;3.8
2010-02-26;2012-03-19;2.0588637919233403;3.83;56.82;2010-02-26;752;3.83
2010-02-26;2016-01-30;5.924709103353867;4.079;76.52;2010-02-26;2164;4.079
2010-02-26;2019-08-02;9.429158110882957;4.231;310.2;2010-02-26;3444;4.231
2010-02-26;2019-10-18;9.639972621492129;4.244;209.8;2010-02-26;3521;4.244
2010-02-26;2020-03-03;10.015058179329227;4.15;49.87;2010-03-01;3658;4.15
2010-02-26;2025-03-01;15.008898015058179;4.25;49.73;2010-03-01;5482;4.25
2010-02-26;2026-01-02;15.849418206707734;4.451;63.15;2010-01-06;5789;4.451
2010-02-26;2036-12-04;26.770704996577688;4.51;28.56;2010-01-04;9778;4.51
2010-03-31;2010-05-17;0.12867898699520877;3.425998973086304;467.41999999999996;2010-03-26;47;3.5265970508696842
2010-03-31;2010-09-13;0.4544832306639288;3.513;50.94;2010-03-26;166;3.5964120338707994
2010-03-31;2011-01-17;0.7994524298425736;3.6;60.47;2010-03-26;292;3.663226468576797
2010-03-31;2011-02-14;0.8761122518822724;3.615;119.83;2010-03-26;320;3.6734143053085644
2010-03-31;2011-06-06;1.1827515400410678;3.73;300.38;2010-03-31;432;3.73
2010-03-31;2012-06-02;2.1738535249828885;3.84;21.25;2010-03-19;794;3.84
2010-03-31;2013-01-06;2.7707049965776864;3.8400000000000003;21.73;2010-03-19;1012;3.8400000000000003
2010-03-31;2014-10-18;4.550308008213553;3.9899999999999998;220.74;2010-03-26;1662;3.9899999999999998
2010-03-31;2019-10-18;9.54962354551677;4.225;99.93;2010-03-30;3488;4.225
2010-03-31;2020-03-03;9.924709103353868;4.24;99.42;2010-04-05;3625;4.24
2010-03-31;2020-12-12;10.702258726899384;4.258;22.04;2010-03-19;3909;4.258
2010-03-31;2021-01-02;10.759753593429158;4.315;39.4;2010-03-19;3930;4.315
2010-03-31;2025-10-03;15.509924709103354;4.405;89.92;2010-03-25;5665;4.405
2010-03-31;2026-01-02;15.759069130732374;4.451;63.15;2010-01-06;5756;4.451
2010-03-31;2036-12-04;26.680355920602327;4.51;86.06;2010-03-19;9745;4.51
2010-04-30;2010-05-17;0.04654346338124572;3.438;267.08;2010-03-22;17;3.54428763116974
2010-04-30;2010-06-14;0.12320328542094455;3.43;272.98;2010-04-28;45;3.5311191266826247
2010-04-30;2010-07-26;0.23819301848049282;3.407;357.9;2010-04-26;87;3.500034815981312
2010-04-30;2011-02-14;0.7939767282683093;3.54;120.29;2010-04-28;290;3.602309588521302
2010-04-30;2011-05-16;1.0431211498973305;3.59;64.63;2010-04-30;381;3.59
2010-04-30;2014-04-05;3.9315537303216974;3.932;94.77;2010-04-15;1436;3.932
2010-04-30;2014-06-14;4.123203285420945;3.8529999999999998;291.56;2010-04-30;1506;3.8529999999999998
2010-04-30;2020-03-03;9.842573579739904;4.185;195.68;2010-04-30;3595;4.185
2010-04-30;2020-06-06;10.102669404517453;4.153;205.45;2010-04-26;3690;4.153
2010-04-30;2025-10-03;15.427789185489392;4.397;90.34;2010-04-26;5635;4.397
2010-04-30;2026-01-02;15.676933607118412;4.451;63.15;2010-01-06;5726;4.451
2010-04-30;2030-05-03;20.008213552361397;4.447;278.29;2010-05-03;7308;4.447
2010-04-30;2036-12-04;26.598220396988363;4.504;15.96;2010-04-23;9715;4.504
2010-05-31;2010-07-19;0.13415468856947296;3.349;150.09;2010-05-28;49;3.445837790851347
2010-05-31;2010-08-16;0.2108145106091718;3.37;309.56;2010-05-26;77;3.4631682950051923
2010-05-31;2010-08-23;0.2299794661190965;3.35;302.56;2010-05-13;84;3.4412070905367242
2010-05-31;2011-03-06;0.7638603696098563;3.533;32.34;2010-05-25;279;3.5970913293039475
2010-05-31;2012-03-19;1.8015058179329226;3.67;50.66;2010-05-31;658;3.67
2010-05-31;2012-08-19;2.220396988364134;3.6799999999999997;29.99;2010-05-31;811;3.6799999999999997
2010-05-31;2014-05-18;3.9644079397672827;3.81;514.7;2010-05-31;1448;3.81
2010-05-31;2014-10-18;4.383299110198494;3.796;73.87;2010-05-28;1601;3.796
2010-05-31;2020-03-03;9.757700205338809;4.167;100.63;2010-05-31;3564;4.167
2010-05-31;2020-06-06;10.017796030116358;4.16;1032.31;2010-05-31;3659;4.16
2010-05-31;2025-10-03;15.342915811088295;4.352;21.49;2010-05-26;5604;4.352
2010-05-31;2026-06-05;16.01368925393566;4.366;21.41;2010-05-26;5849;4.366
2010-05-31;2036-12-04;26.51334702258727;4.504;15.41;2010-05-28;9684;4.504
2010-06-30;2010-08-09;0.10951403148528405;3.357;182.69;2010-06-30;40;3.4556600696134643
2010-06-30;2010-09-20;0.2245037645448323;3.4;30.33;2010-06-30;82;3.49358284654111
2010-06-30;2010-10-04;0.26283367556468173;3.355;149.68;2010-06-28;96;3.444464618064358
2010-06-30;2011-05-16;0.8761122518822724;3.4800000000000004;30.47;2010-06-23;320;3.5359404179003073
2010-06-30;2011-07-04;1.0102669404517455;3.54;33.38;2010-06-30;369;3.54
2010-06-30;2012-08-19;2.138261464750171;3.69;158.4;2010-06-25;781;3.69
2010-06-30;2016-01-30;5.585215605749487;3.9;23.93;2010-06-30;2040;3.9
2010-06-30;2020-03-03;9.675564681724847;4.147944637802848;1476.82;2010-07-05;3534;4.147944637802848
2010-06-30;2025-02-28;14.666666666666666;4.334;71.87;2010-06-30;5357;4.334
2010-06-30;2030-05-03;19.84120465434634;4.448;39.95;2010-06-14;7247;4.448
2010-06-30;2036-12-04;26.431211498973305;4.504;15.41;2010-05-28;9654;4.504
2010-07-29;2010-08-16;0.049281314168377825;3.4099999999999997;311.31;2010-07-26;18;3.51477504293618
2010-07-29;2010-09-13;0.12594113620807665;3.4;31.62;2010-07-16;46;3.499599492209482
2010-07-29;2010-11-15;0.29842573579739906;3.35;148.94;2010-07-26;109;3.4371688304287717
2010-07-29;2011-05-16;0.7967145790554415;3.465;43.82;2010-07-29;291;3.5255500616065083
2010-07-29;2011-08-22;1.0650239561943875;3.547;1195.69;2010-08-02;389;3.547
2010-07-29;2012-09-03;2.099931553730322;3.6639999999999997;600.39;2010-08-02;767;3.6639999999999997
2010-07-29;2014-08-02;4.010951403148528;3.82;429.42;2010-07-26;1465;3.82
2010-07-29;2020-03-03;9.596167008898014;4.169;50.66;2010-08-02;3505;4.169
2010-07-29;2026-01-02;15.430527036276523;4.352;20.56;2010-07-21;5636;4.352
2010-07-29;2030-05-03;19.761806981519506;4.448;39.95;2010-06-14;7218;4.448
2010-07-29;2036-12-04;26.351813826146476;4.504;15.41;2010-05-28;9625;4.504
2010-08-31;2010-09-13;0.03559206023271732;3.3299999999999996;20.69;2010-08-31;13;3.431794231719887
2010-08-31;2010-10-25;0.15058179329226556;3.3849999999999993;414.23;2010-08-16;55;3.4824347642521403
2010-08-31;2011-01-17;0.3805612594113621;3.3749999999999996;76.91;2010-08-24;139;3.458223924609083
2010-08-31;2011-03-07;0.5147159479808351;3.4129999999999994;400.0;2010-09-06;188;3.489426520888128
2010-08-31;2011-09-05;1.0130047912388775;3.558;40.08;2010-08-31;370;3.558
2010-08-31;2011-09-19;1.051334702258727;3.559;500.27;2010-09-06;384;3.559
2010-08-31;2012-09-03;2.0095824777549622;3.688;2107.66;2010-09-06;734;3.688
2010-08-31;2013-06-02;2.754277891854894;3.744;33.08;2010-08-31;1006;3.744
2010-08-31;2015-09-05;5.0130047912388775;3.8979999999999997;23.0;2010-08-30;1831;3.8979999999999997
2010-08-31;2017-10-14;7.121149897330596;4.024;55.58;2010-08-27;2601;4.024
2010-08-31;2020-10-17;10.130047912388775;4.185;22.25;2010-08-31;3700;4.185
2010-08-31;2025-02-28;14.496919917864476;4.33;108.44;2010-08-16;5295;4.33
2010-08-31;2030-05-03;19.67145790554415;4.448;39.95;2010-06-14;7185;4.448
2010-08-31;2036-12-04;26.261464750171115;4.502;32.84;2010-08-31;9592;4.502
2010-09-30;2010-10-16;0.04380561259411362;3.36;136.37;2010-09-30;16;3.4627289931699057
2010-09-30;2010-10-25;0.06844626967830253;3.3439999999999994;762.26;2010-09-30;25;3.4445090459604755
2010-09-30;2010-11-07;0.10403832991101986;3.36;61.14;2010-09-30;38;3.459122557880012
2010-09-30;2010-11-22;0.14510609171800137;3.37;38.34;2010-09-13;53;3.4671075091951
2010-09-30;2011-03-06;0.42984257357973993;3.422;228.1;2010-09-21;157;3.503882044708684
2010-09-30;2011-07-04;0.758384668035592;3.4619999999999997;91.4;2010-09-14;277;3.5248466770278153
2010-09-30;2012-09-03;1.9274469541409993;3.662;50.32;2010-09-28;704;3.662
2010-09-30;2014-06-14;3.704312114989733;3.7999999999999994;303.91;2010-09-29;1353;3.7999999999999994
2010-09-30;2015-03-15;4.454483230663929;3.852;303.97;2010-09-29;1627;3.852
2010-09-30;2015-11-14;5.122518822724161;3.908;43.52;2010-09-29;1871;3.908
2010-09-30;2020-03-03;9.423682409308693;4.152995949795264;224.68;2010-10-04;3442;4.152995949795264
2010-09-30;2021-01-02;10.258726899383984;4.19;92.49;2010-09-13;3747;4.19
2010-09-30;2025-10-03;15.008898015058179;4.34;2189.65;2010-09-28;5482;4.34
2010-09-30;2030-05-03;19.589322381930184;4.448;39.95;2010-06-14;7155;4.448
2010-09-30;2036-12-04;26.17932922655715;4.502;86.79;2010-09-03;9562;4.502
2010-10-29;2010-11-15;0.04654346338124572;3.3;150.2;2010-10-25;17;3.3997430183205113
2010-10-29;2011-01-17;0.2190280629705681;3.27;39.32;2010-10-29;80;3.358597712195066
2010-10-29;2011-01-24;0.23819301848049282;3.3;50.0;2010-10-25;87;3.388714221682254
2010-10-29;2011-05-16;0.5448323066392882;3.37;195.41;2010-10-29;199;3.44332599616195
2010-10-29;2012-05-24;1.568788501026694;3.591;63.99;2010-10-28;573;3.591
2010-10-29;2013-01-06;2.190280629705681;3.656;62.58;2010-10-29;800;3.656
2010-10-29;2015-03-15;4.375085557837098;3.79;203.67;2010-10-28;1598;3.79
2010-10-29;2020-02-28;9.333333333333334;4.103;51.42;2010-10-27;3409;4.103
2010-10-29;2021-01-30;10.255989048596852;4.214;1203.18;2010-10-08;3746;4.214
2010-10-29;2025-03-01;14.338124572210814;4.312;172.75;2010-11-01;5237;4.312
2010-10-29;2030-05-03;19.509924709103355;4.448;39.95;2010-06-14;7126;4.448
2010-10-29;2036-12-04;26.099931553730322;4.502;86.79;2010-09-03;9533;4.502
2010-11-30;2011-01-17;0.13141683778234087;3.33;106.59;2010-11-29;48;3.426162711893177
2010-11-30;2011-02-14;0.2080766598220397;3.3;103.08;2010-11-19;76;3.390441029216351
2010-11-30;2011-03-07;0.2655715263518138;3.283;750.0;2010-12-06;97;3.3694846571443504
2010-11-30;2011-10-17;0.8788501026694046;3.4509999999999996;604.62;2010-12-06;321;3.5062452122889054
2010-11-30;2012-11-19;1.9712525667351128;3.627;1053.31;2010-12-06;720;3.627
2010-11-30;2012-12-02;2.00684462696783;3.629;447.05;2010-11-29;733;3.629
2010-11-30;2016-04-18;5.382614647501711;3.864;35.3;2010-11-29;1966;3.864
2010-11-30;2020-03-03;9.256673511293634;4.111;2218.83;2010-12-06;3381;4.111
2010-11-30;2025-03-01;14.250513347022586;4.312;280.59;2010-12-06;5205;4.312
2010-11-30;2030-05-03;19.422313483915126;4.435;12.24;2010-11-26;7094;4.435
2010-11-30;2036-12-04;26.012320328542096;4.502;86.79;2010-09-03;9501;4.502
2010-12-31;2011-02-14;0.12320328542094455;3.307;113.82;2010-12-31;45;3.4026283556713333
2010-12-31;2011-03-06;0.17796030116358658;3.34;213.06;2010-12-31;65;3.433859989014376
2010-12-31;2011-05-30;0.4106776180698152;3.324;67.5;2010-12-31;150;3.4036851705750104
2010-12-31;2011-10-17;0.7939767282683093;3.438;51.11;2010-12-31;290;3.4981489188525616
2010-12-31;2012-03-19;1.215605749486653;3.54;275.13;2010-12-31;444;3.54
2010-12-31;2012-10-15;1.7905544147843941;3.615;27.33;2010-12-31;654;3.615
2010-12-31;2013-02-18;2.135523613963039;3.643;250.42;2010-12-30;780;3.643
2010-12-31;2015-03-15;4.202600958247776;3.79;41.5;2010-12-31;1535;3.79
2010-12-31;2020-03-03;9.17180013689254;4.114;103.5;2011-01-03;3350;4.114
2010-12-31;2024-04-05;13.262149212867898;4.266;30.05;2010-12-23;4844;4.266
2010-12-31;2030-05-03;19.33744010951403;4.435;12.24;2010-11-26;7063;4.435
2010-12-31;2036-12-04;25.927446954141;4.502;86.79;2010-09-03;9470;4.502
2011-01-31;2011-02-14;0.038329911019849415;3.3;207.48;2011-01-28;14;3.400217812351869
2011-01-31;2011-03-06;0.09308692676249145;3.315;207.51;2011-01-28;34;3.412733029220738
2011-01-31;2011-04-04;0.17248459958932238;3.3;169.16;2011-01-28;63;3.3924848155647336
2011-01-31;2011-07-04;0.4216290212183436;3.346;68.67;2011-01-28;154;3.425796192756181
2011-01-31;2011-07-18;0.459958932238193;3.346;68.62;2011-01-28;168;3.423558214657829
2011-01-31;2011-12-12;0.8624229979466119;3.426;221.16;2011-01-31;315;3.4817790372888346
2011-01-31;2012-12-02;1.83709787816564;3.602;209.64;2011-01-26;671;3.602
2011-01-31;2013-03-18;2.127310061601643;3.629;29.03;2011-01-31;777;3.629
2011-01-31;2013-06-02;2.3353867214236823;3.646;24.1;2011-01-31;853;3.646
2011-01-31;2015-03-15;4.117727583846681;3.79;61.28;2011-01-27;1504;3.79
2011-01-31;2015-11-14;4.785763175906913;3.822;99.91;2011-01-27;1748;3.822
2011-01-31;2020-03-03;9.086926762491444;4.084;144.21;2011-01-31;3319;4.084
2011-01-31;2021-04-19;10.21492128678987;4.134;500.55;2011-01-31;3731;4.134
2011-01-31;2025-10-03;14.67214236824093;4.31;47.8;2011-01-31;5359;4.31
2011-01-31;2026-06-05;15.342915811088295;4.327;33.73;2011-01-31;5604;4.327
2011-01-31;2030-05-03;19.252566735112936;4.435;12.24;2010-11-26;7032;4.435
2011-01-31;2036-12-04;25.842573579739906;4.502;86.79;2010-09-03;9439;4.502
2011-02-28;2011-03-06;0.01642710472279261;3.33;64.78;2011-02-25;6;3.432923487137862
2011-02-28;2011-05-16;0.2108145106091718;3.31;31.21;2011-02-28;77;3.4006935183939824
2011-02-28;2011-05-30;0.24914442162902123;3.31;490.0;2011-02-28;91;3.398482948383297
2011-02-28;2011-10-21;0.6433949349760438;3.39;35.9;2011-02-15;235;3.4580523594912815
2011-02-28;2012-04-16;1.1307323750855578;3.536;100.32;2011-02-28;413;3.536
2011-02-28;2013-03-18;2.0506502395619437;3.636;205.74;2011-02-28;749;3.636
2011-02-28;2015-03-15;4.041067761806982;3.785;146.2;2011-02-24;1476;3.785
2011-02-28;2016-04-18;5.136208076659822;3.842;132.78;2011-02-24;1876;3.842
2011-02-28;2019-02-03;7.931553730321697;3.99;27.98;2011-02-28;2897;3.99
2011-02-28;2021-04-19;10.13826146475017;4.126;1213.32;2011-02-28;3703;4.126
2011-02-28;2025-03-01;14.004106776180699;4.275;186.15;2011-02-28;5115;4.275
2011-02-28;2030-05-03;19.175906913073238;4.393;310.59;2011-02-14;7004;4.393
2011-02-28;2036-12-04;25.765913757700204;4.498;50.37;2011-02-01;9411;4.498
2011-03-31;2011-05-16;0.12594113620807665;3.3142881882240536;1172.22;2011-03-31;46;3.410078925944404
2011-03-31;2011-07-04;0.2600958247775496;3.3;62.32;2011-03-31;95;3.3874598266871114
2011-03-31;2011-12-12;0.7008898015058179;3.397;72.08;2011-03-31;256;3.461811748604271
2011-03-31;2012-03-19;0.9691991786447639;3.445;68.97;2011-03-31;354;3.4946657908776935
2011-03-31;2013-03-18;1.9657768651608487;3.601;156.53;2011-03-31;718;3.601
2011-03-31;2014-04-05;3.0143737166324436;3.691;267.49;2011-03-31;1101;3.691
2011-03-31;2016-04-18;5.0513347022587265;3.871;131.25;2011-03-30;1845;3.871
2011-03-31;2020-03-03;8.92539356605065;4.062;100.59;2011-03-31;3260;4.062
2011-03-31;2021-01-02;9.760438056125942;4.123;22.11;2011-03-31;3565;4.123
2011-03-31;2022-02-05;10.85284052019165;4.158;25.42;2011-03-09;3964;4.158
2011-03-31;2024-04-05;13.015742642026009;4.237;124.36;2011-03-31;4754;4.237
2011-03-31;2030-05-03;19.091033538672143;4.391;103.82;2011-03-07;6973;4.391
2011-03-31;2036-12-04;25.68104038329911;4.496;32.47;2011-03-31;9380;4.496
2011-04-29;2011-05-16;0.04654346338124572;3.27;31.38;2011-04-28;17;3.368345743418577
2011-04-29;2011-05-23;0.06570841889117043;3.27;202.9;2011-04-28;24;3.3672589190191005
2011-04-29;2011-07-04;0.1806981519507187;3.3;93.57;2011-04-11;66;3.3920128823521134
2011-04-29;2011-09-19;0.3915126625598905;3.34;40.92;2011-04-21;143;3.4213481272107105
2011-04-29;2012-03-19;0.8898015058179329;3.425;50.41;2011-04-29;325;3.479118103639034
2011-04-29;2013-03-18;1.8863791923340179;3.571;64.68;2011-04-29;689;3.571
2011-04-29;2014-05-18;3.052703627652293;3.685;207.83;2011-04-28;1115;3.685
2011-04-29;2016-01-30;4.75564681724846;3.8000000000000003;41.99;2011-04-29;1737;3.8000000000000003
2011-04-29;2021-04-19;9.973990417522245;4.1219227944698105;626.38;2011-04-25;3643;4.1219227944698105
2011-04-29;2025-03-01;13.839835728952773;4.276;88.22;2011-04-11;5055;4.276
2011-04-29;2030-05-03;19.01163586584531;4.394;52.19;2011-04-25;6944;4.394
2011-04-29;2036-12-04;25.60164271047228;4.496;32.47;2011-03-31;9351;4.496
2011-05-31;2011-06-06;0.01642710472279261;3.302;301.99;2011-05-30;6;3.403580411637841
2011-05-31;2011-07-04;0.09308692676249145;3.3000000000000003;401.54;2011-05-30;34;3.3970558398423556
2011-05-31;2011-07-18;0.13141683778234087;3.3;89.71000000000001;2011-05-30;48;3.3948470985649237
2011-05-31;2011-09-19;0.30390143737166325;3.315;62.38;2011-05-20;111;3.400520301398613
2011-05-31;2012-05-14;0.9555099247091033;3.4369999999999994;301.14;2011-06-06;349;3.4873699196995345
2011-05-31;2013-05-16;1.9603011635865846;3.625;2503.91;2011-06-06;716;3.625
2011-05-31;2014-06-14;3.0390143737166326;3.697;210.06;2011-05-27;1110;3.697
2011-05-31;2014-11-16;3.463381245722108;3.728;413.65;2011-05-27;1265;3.728
2011-05-31;2016-04-18;4.884325804243669;3.822;24.88;2011-05-31;1784;3.822
2011-05-31;2021-04-19;9.886379192334017;4.129;1015.52;2011-06-06;3611;4.129
2011-05-31;2025-03-01;13.752224503764545;4.289;25.01;2011-05-25;5023;4.289
2011-05-31;2030-05-03;18.924024640657084;4.394;52.19;2011-04-25;6912;4.394
2011-05-31;2036-12-04;25.51403148528405;4.496;32.47;2011-03-31;9319;4.496
2011-06-30;2011-07-18;0.049281314168377825;3.3;209.42;2011-06-30;18;3.3995847927575484
2011-06-30;2011-08-15;0.12594113620807665;3.27;104.05;2011-06-30;46;3.3638492371770745
2011-06-30;2011-08-22;0.14510609171800137;3.2999999999999994;82.8;2011-06-14;53;3.3940591858449887
2011-06-30;2011-09-19;0.22176591375770022;3.288;118.94;2011-06-20;81;3.377170050380318
2011-06-30;2012-05-14;0.8733744010951403;3.4000000000000004;161.02;2011-06-30;319;3.4546468829704358
2011-06-30;2012-11-19;1.3908281998631074;3.5549999999999997;76.84;2011-06-30;508;3.5549999999999997
2011-06-30;2013-05-16;1.8781656399726214;3.594;97.63;2011-06-30;686;3.594
2011-06-30;2014-06-14;2.9568788501026693;3.682;161.3;2011-06-30;1080;3.682
2011-06-30;2015-02-15;3.6303901437371664;3.745;101.94;2011-06-30;1326;3.745
2011-06-30;2016-04-18;4.802190280629706;3.82;318.07;2011-06-30;1754;3.82
2011-06-30;2021-04-19;9.804243668720055;4.13;254.55;2011-06-30;3581;4.13
2011-06-30;2022-02-05;10.603696098562628;4.169;41.12;2011-06-24;3873;4.169
2011-06-30;2025-03-01;13.670088980150581;4.287;50.23;2011-06-29;4993;4.287
2011-06-30;2030-05-03;18.84188911704312;4.394;52.19;2011-04-25;6882;4.394
2011-06-30;2036-12-04;25.43189596167009;4.497;41.03;2011-06-29;9289;4.497
2011-07-29;2011-08-15;0.04654346338124572;3.33;104.26;2011-07-22;17;3.431149385581578
2011-07-29;2011-09-19;0.14236824093086928;3.26;154.54;2011-07-04;52;3.3524907804753923
2011-07-29;2011-12-12;0.3723477070499658;3.315;90.99;2011-07-26;136;3.396580008391581
2011-07-29;2012-04-16;0.7173169062286106;3.39;98.7;2011-07-08;262;3.453669380107538
2011-07-29;2013-05-16;1.7987679671457906;3.5859999999999994;23.07;2011-07-29;657;3.5859999999999994
2011-07-29;2014-11-16;3.3018480492813143;3.717;46.3;2011-07-29;1206;3.717
2011-07-29;2016-04-18;4.722792607802875;3.818;131.86;2011-07-29;1725;3.818
2011-07-29;2021-04-19;9.724845995893224;4.118;674.99;2011-08-01;3552;4.118
2011-07-29;2025-03-01;13.59069130732375;4.278;151.42;2011-08-01;4964;4.278
2011-07-29;2030-05-03;18.76249144421629;4.394;52.19;2011-04-25;6853;4.394
2011-07-29;2036-12-04;25.352498288843258;4.497;61.56;2011-07-01;9260;4.497
2011-08-30;2011-09-19;0.05475701574264202;3.29;62.13;2011-08-29;20;3.3888045484741447
2011-08-30;2011-10-17;0.13141683778234087;3.3000000000000003;200.77;2011-08-29;48;3.3948470985649237
2011-08-30;2011-11-02;0.17522245037645448;3.29;144.04;2011-08-29;64;3.381906225657816
2011-08-30;2012-02-18;0.47091033538672145;3.335;30.23;2011-08-25;172;3.4115667999682353
2011-08-30;2012-03-05;0.5147159479808351;3.33;300.0;2011-09-05;188;3.4038794952264473
2011-08-30;2012-08-13;0.9555099247091033;3.449;751.84;2011-09-05;349;3.499554913894576
2011-08-30;2013-08-22;1.9794661190965093;3.6;1221.64;2011-09-05;723;3.6
2011-08-30;2014-11-16;3.2142368240930868;3.6999999999999997;103.26;2011-08-29;1174;3.6999999999999997
2011-08-30;2016-03-06;4.517453798767967;3.81;26.17;2011-08-26;1650;3.81
2011-08-30;2021-04-19;9.637234770704996;4.12;944.41;2011-09-05;3520;4.12
2011-08-30;2030-05-03;18.67488021902806;4.394;52.19;2011-04-25;6821;4.394
2011-08-30;2036-12-04;25.26488706365503;4.497;61.56;2011-07-01;9228;4.497
2011-09-30;2011-11-02;0.09034907597535935;3.3;154.78;2011-09-30;33;3.3972137530863256
2011-09-30;2011-12-12;0.1998631074606434;3.285;308.45;2011-09-26;73;3.3752938119831377
2011-09-30;2012-01-02;0.25735797399041754;3.3;100.0;2011-10-03;94;3.387616558676676
2011-09-30;2012-05-24;0.648870636550308;3.3830000000000005;95.35;2011-09-30;237;3.4505449430681345
2011-09-30;2013-04-15;1.541409993155373;3.585;188.17;2011-09-26;563;3.585
2011-09-30;2014-06-14;2.704996577686516;3.692;40.81;2011-09-30;988;3.692
2011-09-30;2014-10-18;3.049965776865161;3.717;62.04;2011-09-30;1114;3.717
2011-09-30;2015-03-15;3.455167693360712;3.748;226.1;2011-09-30;1262;3.748
2011-09-30;2015-11-14;4.123203285420945;3.8019999999999996;25.63;2011-09-29;1506;3.8019999999999996
2011-09-30;2016-03-06;4.432580424366872;3.829;87.35;2011-09-29;1619;3.829
2011-09-30;2016-10-17;5.048596851471594;3.861;301.9;2011-09-29;1844;3.861
2011-09-30;2021-04-19;9.552361396303901;4.123;102.91;2011-09-30;3489;4.123
2011-09-30;2025-03-01;13.418206707734429;4.25;91.56;2011-09-14;4901;4.25
2011-09-30;2030-05-03;18.590006844626966;4.394;52.19;2011-04-25;6790;4.394
2011-09-30;2036-12-04;25.180013689253936;4.497;61.56;2011-07-01;9197;4.497
2011-10-31;2011-11-02;0.0054757015742642025;3.2779999999999996;1499.66;2011-10-25;2;3.379061118335902
2011-10-31;2011-12-12;0.11498973305954825;3.2906190957677306;346.15000000000003;2011-10-25;42;3.3859971870052963
2011-10-31;2012-01-30;0.24914442162902123;3.343;150.0;2011-10-31;91;3.4327955744301253
2011-10-31;2012-05-14;0.5366187542778919;3.39;101.79;2011-10-31;196;3.4644094341592213
2011-10-31;2012-09-17;0.8815879534565366;3.474;85.36;2011-10-31;322;3.5294931387419792
2011-10-31;2013-10-17;1.9630390143737166;3.679;49.99;2011-10-31;717;3.679
2011-10-31;2014-11-16;3.0444900752908968;3.725;44.62;2011-10-24;1112;3.725
2011-10-31;2015-01-31;3.252566735112936;3.7600000000000002;222.46;2011-10-24;1188;3.7600000000000002
2011-10-31;2015-02-15;3.293634496919918;3.756;61.87;2011-10-24;1203;3.756
2011-10-31;2016-10-17;4.963723477070499;3.87;40.37;2011-10-31;1813;3.87
2011-10-31;2021-04-19;9.467488021902806;4.147;71.33;2011-10-31;3458;4.147
2011-10-31;2025-03-01;13.333333333333334;4.246;40.9;2011-10-24;4870;4.246
2011-10-31;2030-05-03;18.50513347022587;4.42;30.56;2011-10-27;6759;4.42
2011-10-31;2036-12-04;25.09514031485284;4.491;33.35;2011-10-31;9166;4.491
2011-11-30;2011-12-05;0.013689253935660506;3.3;1603.99;2011-11-29;5;3.4016432514841766
2011-11-30;2011-12-12;0.03285420944558522;3.33;402.85;2011-11-29;12;3.4319554935367647
2011-11-30;2012-02-18;0.2190280629705681;3.34;34.42;2011-11-29;80;3.4314444347217865
2011-11-30;2012-02-27;0.243668720054757;3.3460000000000005;350.0;2011-11-28;89;3.436237869976222
2011-11-30;2012-11-07;0.9390828199863107;3.488;100.19;2011-11-28;343;3.5401750504931107
2011-11-30;2012-12-02;1.0075290896646132;3.5600000000000005;583.36;2011-11-29;368;3.5600000000000005
2011-11-30;2013-11-21;1.9767282683093772;3.7319999999999998;1160.91;2011-12-05;722;3.7319999999999998
2011-11-30;2014-04-05;2.346338124572211;3.743;53.3;2011-11-30;857;3.743
2011-11-30;2014-05-18;2.4640657084188913;3.7500000000000004;47.8;2011-11-30;900;3.7500000000000004
2011-11-30;2016-10-17;4.8815879534565365;3.91;101.07;2011-11-30;1783;3.91
2011-11-30;2021-04-19;9.385352498288844;4.186;567.52;2011-12-05;3428;4.186
2011-11-30;2025-03-01;13.25119780971937;4.337;305.49;2011-12-05;4840;4.337
2011-11-30;2025-10-03;13.842573579739904;4.33;58.76;2011-11-29;5056;4.33
2011-11-30;2030-05-03;18.42299794661191;4.425;30.56;2011-11-01;6729;4.425
2011-11-30;2036-12-04;25.013004791238878;4.49;10.43;2011-11-09;9136;4.49
2011-12-30;2012-01-16;0.04654346338124572;3.3500000000000005;20.13;2011-12-30;17;3.452092016303143
2011-12-30;2012-02-18;0.13689253935660506;3.34;40.85;2011-12-20;50;3.4362800615539646
2011-12-30;2012-05-24;0.3997262149212868;3.431;245.46;2011-12-30;146;3.5150398979252095
2011-12-30;2012-08-13;0.621492128678987;3.49;130.45;2011-12-27;227;3.5620740948704155
2011-12-30;2013-04-15;1.2922655715263518;3.6199999999999997;51.49;2011-12-29;472;3.6199999999999997
2011-12-30;2013-12-01;1.9219712525667352;3.7000000000000006;400.57;2011-12-29;702;3.7000000000000006
2011-12-30;2014-04-05;2.2642026009582477;3.778;197.41;2011-12-29;827;3.778
2011-12-30;2014-05-18;2.3819301848049284;3.7869999999999995;138.38;2011-12-29;870;3.7869999999999995
2011-12-30;2014-06-14;2.455852156057495;3.801;55.9;2011-12-29;897;3.801
2011-12-30;2014-11-16;2.8802190280629705;3.842;20.07;2011-12-29;1052;3.842
2011-12-30;2016-10-17;4.799452429842574;3.967;121.37;2011-12-30;1753;3.967
2011-12-30;2021-01-02;9.010266940451745;4.185;113.48;2011-12-30;3291;4.185
2011-12-30;2027-04-19;15.301848049281315;4.45;49.71;2012-01-02;5589;4.45
2011-12-30;2030-05-03;18.340862422997947;4.51;102.54;2011-12-30;6699;4.51
2011-12-30;2036-12-04;24.930869267624914;4.626;37.41;2011-12-29;9106;4.626
2012-01-31;2012-03-19;0.13141683778234087;3.35;33.01;2012-01-31;48;3.4470443634743386
2012-01-31;2012-04-16;0.2080766598220397;3.422;250.73;2012-01-31;76;3.517506247576918
2012-01-31;2012-05-24;0.31211498973305957;3.43;28.01;2012-01-31;114;3.5194033019219972
2012-01-31;2012-12-02;0.837782340862423;3.526;143.88;2012-01-31;306;3.585219420097374
2012-01-31;2013-02-18;1.051334702258727;3.63;169.98;2012-01-31;384;3.63
2012-01-31;2014-02-17;2.0479123887748116;3.819;99.58;2012-01-31;748;3.819
2012-01-31;2016-10-17;4.7118412046543465;3.97;126.84;2012-01-31;1721;3.97
2012-01-31;2021-04-19;9.215605749486652;4.253272507175351;2560.85;2012-02-07;3366;4.253272507175351
2012-01-31;2022-02-05;10.015058179329227;4.277;25.72;2012-01-27;3658;4.277
2012-01-31;2027-04-19;15.214236824093087;4.472;1543.89;2012-02-07;5557;4.472
2012-01-31;2030-05-03;18.253251197809718;4.51;102.54;2011-12-30;6667;4.51
2012-01-31;2036-12-04;24.843258042436688;4.626;37.41;2011-12-29;9074;4.626
2012-02-29;2012-04-16;0.12867898699520877;3.425259285750779;195.73;2012-02-29;47;3.5258241018011782
2012-02-29;2012-06-04;0.26283367556468173;3.45;500.0;2012-03-05;96;3.543252981101719
2012-02-29;2012-12-02;0.758384668035592;3.605;205.89;2012-02-24;277;3.6710736543175138
2012-02-29;2014-02-17;1.9685147159479808;3.895;100.24;2012-02-29;719;3.895
2012-02-29;2014-03-17;2.0451745379876796;3.931;900.88;2012-03-05;747;3.931
2012-02-29;2016-03-06;4.016427104722792;3.982;151.8;2012-02-29;1467;3.982
2012-02-29;2016-10-17;4.632443531827516;4.02;24.07;2012-02-29;1692;4.02
2012-02-29;2021-01-02;8.843258042436688;4.29;213.01;2012-02-29;3230;4.29
2012-02-29;2021-04-19;9.136208076659821;4.251;26.96;2012-02-29;3337;4.251
2012-02-29;2022-04-18;10.132785763175907;4.355;1974.9;2012-03-05;3701;4.355
2012-02-29;2025-03-01;13.00205338809035;4.488;101.38;2012-02-27;4749;4.488
2012-02-29;2027-04-19;15.134839151266256;4.504;110.44;2012-02-27;5528;4.504
2012-02-29;2030-05-03;18.17385352498289;4.51;102.54;2011-12-30;6638;4.51
2012-02-29;2036-12-04;24.763860369609855;4.626;37.41;2011-12-29;9045;4.626
2012-03-30;2012-05-14;0.12320328542094455;3.3;51.62;2012-03-29;45;3.395320079312225
2012-03-30;2012-05-28;0.16153319644079397;3.425;384.41;2012-03-26;59;3.523514752659973
2012-03-30;2012-08-13;0.3723477070499658;3.37;92.01;2012-03-29;136;3.453534662122837
2012-03-30;2013-02-18;0.8898015058179329;3.4600000000000004;735.74;2012-03-30;325;3.5147381346952056
2012-03-30;2013-06-02;1.1745379876796715;3.516;90.48;2012-03-28;429;3.516
2012-03-30;2014-08-02;2.3408624229979464;3.825;86.58;2012-03-30;855;3.825
2012-03-30;2015-03-15;2.9568788501026693;3.9019999999999997;42.22;2012-03-30;1080;3.9019999999999997
2012-03-30;2016-01-30;3.8357289527720737;3.9599999999999995;20.67;2012-03-30;1401;3.9599999999999995
2012-03-30;2016-10-17;4.550308008213553;3.92;1023.15;2012-03-30;1662;3.92
2012-03-30;2021-04-19;9.05407255304586;4.253;26.01;2012-03-30;3307;4.253
2012-03-30;2025-02-28;12.917180013689254;4.49;28.69;2012-03-08;4718;4.49
2012-03-30;2027-04-19;15.052703627652292;4.484;40.04;2012-03-30;5498;4.484
2012-03-30;2030-05-03;18.091718001368925;4.602;48.69;2012-03-22;6608;4.602
2012-03-30;2036-12-04;24.681724845995895;4.626;37.41;2011-12-29;9015;4.626
2012-04-30;2012-05-14;0.038329911019849415;3.2800000000000002;40.38;2012-04-30;14;3.3792794584106334
2012-04-30;2012-05-28;0.07665982203969883;3.425;384.41;2012-03-26;28;3.5287870430324775
2012-04-30;2012-09-03;0.34496919917864477;3.3;153.77;2012-04-30;126;3.3826106588236593
2012-04-30;2012-11-19;0.5557837097878165;3.399;118.53;2012-04-25;203;3.4725302589250218
2012-04-30;2013-02-18;0.8049281314168378;3.448;64.49;2012-04-25;294;3.507691706067151
2012-04-30;2013-05-16;1.0431211498973305;3.56;103.44;2012-04-26;381;3.56
2012-04-30;2014-07-07;2.184804928131417;3.6900000000000004;81.72;2012-04-26;798;3.6900000000000004
2012-04-30;2016-04-18;3.9671457905544147;3.85;30.76;2012-04-19;1449;3.85
2012-04-30;2016-10-17;4.465434633812457;3.9129999999999994;133.33;2012-04-19;1631;3.9129999999999994
2012-04-30;2021-01-02;8.676249144421629;4.294;28.3;2012-04-30;3169;4.294
2012-04-30;2022-04-18;9.96577686516085;4.279;483.97;2012-04-30;3640;4.279
2012-04-30;2027-04-19;14.967830253251197;4.498;300.97;2012-04-30;5467;4.498
2012-04-30;2030-05-03;18.00684462696783;4.507;98.88;2012-04-25;6577;4.507
2012-04-30;2036-12-04;24.5968514715948;4.62;31.92;2012-04-05;8984;4.62
2012-05-31;2012-07-06;0.09856262833675565;3.19;80.06;2012-05-31;36;3.281860841293427
2012-05-31;2012-08-19;0.2190280629705681;3.38;85.78;2012-05-21;80;3.4730891286624432
2012-05-31;2012-09-03;0.2600958247775496;3.22;300.0;2012-06-04;95;3.3043497963404445
2012-05-31;2013-05-06;0.9308692676249144;3.517;252.42;2012-06-04;340;3.5701577979580623
2012-05-31;2013-07-11;1.111567419575633;3.6;61.91;2012-05-31;406;3.6
2012-05-31;2016-03-06;3.7645448323066395;3.903;178.24;2012-05-25;1375;3.903
2012-05-31;2017-04-17;4.878850102669404;3.9609999999999994;23.3;2012-05-24;1782;3.9609999999999994
2012-05-31;2022-04-18;9.880903490759753;4.298;501.24;2012-06-04;3609;4.298
2012-05-31;2026-01-02;13.59069130732375;4.438;22.32;2012-05-24;4964;4.438
2012-05-31;2026-06-05;14.012320328542094;4.457;22.42;2012-05-24;5118;4.457
2012-05-31;2030-05-03;17.921971252566735;4.507;11.37;2012-05-17;6546;4.507
2012-05-31;2036-12-04;24.511978097193705;4.62;31.92;2012-04-05;8953;4.62
2012-06-29;2012-07-06;0.019164955509924708;3.341;551.79;2012-06-29;7;3.4442908962909913
2012-06-29;2012-08-19;0.13963039014373715;3.35;105.9;2012-06-29;51;3.446556920150501
2012-06-29;2012-09-03;0.1806981519507187;3.3499999999999996;206.13;2012-06-29;66;3.444122444927844
2012-06-29;2012-11-07;0.3586584531143053;3.32;102.29;2012-06-28;131;3.402546376931781
2012-06-29;2013-06-02;0.9253935660506503;3.514;44.14;2012-06-29;338;3.567453673133336
2012-06-29;2013-12-01;1.4236824093086926;3.66;30.1;2012-06-28;520;3.66
2012-06-29;2015-02-15;2.631074606433949;3.809;32.32;2012-06-28;961;3.809
2012-06-29;2015-03-15;2.707734428473648;3.816;20.29;2012-06-28;989;3.816
2012-06-29;2017-04-17;4.799452429842574;4.034;99.34;2012-06-28;1753;4.034
2012-06-29;2021-04-19;8.804928131416839;4.325;59.72;2012-06-29;3216;4.325
2012-06-29;2025-02-28;12.668035592060233;4.48;50.62;2012-06-25;4627;4.48
2012-06-29;2027-04-19;14.803559206023271;4.544;1004.35;2012-06-18;5407;4.544
2012-06-29;2030-05-03;17.842573579739906;4.507;11.37;2012-05-17;6517;4.507
2012-06-29;2036-12-04;24.432580424366872;4.62;31.92;2012-04-05;8924;4.62
2012-07-31;2012-08-13;0.03559206023271732;3.35;51.69;2012-07-27;13;3.4527447565239733
2012-07-31;2012-08-19;0.05201916495550993;3.3520000000000003;26.54;2012-07-27;19;3.453859858606223
2012-07-31;2012-09-17;0.13141683778234087;3.352;293.26;2012-07-12;48;3.4491327300038233
2012-07-31;2012-12-17;0.3805612594113621;3.365;50.18;2012-07-26;139;3.4478696642109563
2012-07-31;2012-12-24;0.3997262149212868;3.3650000000000007;20.06;2012-07-26;146;3.446735230879705
2012-07-31;2013-05-06;0.7638603696098563;3.551;50.7;2012-07-23;279;3.615494306789113
2012-07-31;2014-07-07;1.9329226557152634;3.7399999999999998;41.04;2012-07-26;706;3.7399999999999998
2012-07-31;2014-08-02;2.004106776180698;3.741;231.39;2012-07-27;732;3.741
2012-07-31;2016-10-17;4.213552361396304;3.9859999999999998;46.53;2012-07-31;1539;3.9859999999999998
2012-07-31;2019-10-18;7.214236824093087;4.23;112.05;2012-07-31;2635;4.23
2012-07-31;2020-02-28;7.578370978781656;4.27;30.17;2012-07-31;2768;4.27
2012-07-31;2020-03-03;7.5893223819301845;4.271;30.07;2012-07-31;2772;4.271
2012-07-31;2022-04-18;9.713894592744696;4.464;1674.92;2012-08-06;3548;4.464
2012-07-31;2025-03-01;12.583162217659138;4.554;29.5;2012-07-26;4596;4.554
2012-07-31;2027-04-19;14.715947980835045;4.688;398.18;2012-08-06;5375;4.688
2012-07-31;2030-05-03;17.754962354551676;4.601;11.34;2012-07-26;6485;4.601
2012-07-31;2036-12-04;24.344969199178646;4.62;31.92;2012-04-05;8892;4.62
2012-08-31;2012-09-03;0.008213552361396304;3.45;25.08;2012-08-28;3;3.559292737298403
2012-08-31;2012-09-17;0.04654346338124572;3.352;293.26;2012-07-12;17;3.4541865017227114
2012-08-31;2012-10-15;0.12320328542094455;3.55;412.85;2012-08-28;45;3.6566108562400723
2012-08-31;2012-11-12;0.1998631074606434;3.367;300.0;2012-08-13;73;3.4606983785471668
2012-08-31;2012-12-24;0.31485284052019163;3.4199999999999995;80.36;2012-08-13;115;3.508852675768437
2012-08-31;2013-09-16;1.0431211498973305;3.898;503.08;2012-09-03;381;3.898
2012-08-31;2014-09-15;2.0396988364134154;4.089;1201.3;2012-09-03;745;4.089
2012-08-31;2017-07-17;4.876112251882272;4.244;27.14;2012-08-31;1781;4.244
2012-08-31;2020-09-05;8.013689253935661;4.539;440.92;2012-08-30;2927;4.539
2012-08-31;2027-04-19;14.63107460643395;4.739;1190.73;2012-08-22;5344;4.739
2012-08-31;2030-05-03;17.67008898015058;4.869;191.68;2012-08-22;6454;4.869
2012-08-31;2036-12-04;24.26009582477755;4.6339999999999995;60.82;2012-08-30;8861;4.6339999999999995
2012-09-28;2012-11-19;0.14236824093086928;3.45;123.75;2012-09-27;52;3.550817723563582
2012-09-28;2013-03-18;0.4681724845995893;3.51;61.16;2012-09-27;171;3.592431946442187
2012-09-28;2013-06-02;0.676249144421629;3.6399999999999997;112.91;2012-09-27;247;3.712476946630483
2012-09-28;2014-01-06;1.273100616016427;3.8890000000000002;37.55;2012-09-20;465;3.8890000000000002
2012-09-28;2014-03-17;1.4647501711156743;3.933;31.59;2012-09-20;535;3.933
2012-09-28;2015-02-15;2.3819301848049284;4.165;27.08;2012-09-28;870;4.165
2012-09-28;2016-04-18;3.5537303216974676;4.29;25.12;2012-09-28;1298;4.29
2012-09-28;2017-02-04;4.353182751540041;4.395;48.9;2012-09-27;1590;4.395
2012-09-28;2022-04-18;9.552361396303901;4.603;1138.32;2012-09-03;3489;4.603
2012-09-28;2025-03-01;12.421629021218344;4.696;85.07;2012-09-25;4537;4.696
2012-09-28;2030-05-03;17.593429158110883;4.869;191.68;2012-08-22;6426;4.869
2012-09-28;2036-12-04;24.18343600273785;4.6339999999999995;60.82;2012-08-30;8833;4.6339999999999995
2012-10-31;2012-11-12;0.03285420944558522;3.5950000000000006;331.37;2012-10-29;12;3.7099094782729436
2012-10-31;2012-12-02;0.08761122518822724;3.379332782970191;339.17;2012-10-29;32;3.4803260760814414
2012-10-31;2013-02-04;0.26283367556468173;3.4;600.0;2012-11-05;96;3.4912504429841507
2012-10-31;2013-05-06;0.5119780971937029;3.55;300.0;2012-11-05;187;3.6308851606067227
2012-10-31;2014-09-15;1.8726899383983573;4.08;30.23;2012-10-30;684;4.08
2012-10-31;2014-12-15;2.1218343600273784;4.199;50.08;2012-10-31;775;4.199
2012-10-31;2019-02-03;6.2587268993839835;4.53;20.15;2012-10-29;2286;4.53
2012-10-31;2022-04-18;9.462012320328542;4.838;2254.82;2012-11-05;3456;4.838
2012-10-31;2030-05-03;17.503080082135522;4.869;191.68;2012-08-22;6393;4.869
2012-10-31;2036-12-04;24.093086926762492;4.6339999999999995;60.82;2012-08-30;8800;4.6339999999999995
2012-11-30;2012-12-17;0.04654346338124572;3.8499999999999996;150.28;2012-11-30;17;3.9769736600664407
2012-11-30;2013-01-17;0.13141683778234087;3.972;6022.3;2012-12-03;48;4.09829409390321
2012-11-30;2013-02-18;0.2190280629705681;3.4090000000000003;20.56;2012-11-23;80;3.503289717709168
2012-11-30;2013-03-18;0.29568788501026694;3.455;22.96;2012-11-23;108;3.5463925659569684
2012-11-30;2013-06-03;0.5065023956194388;3.59;200.0;2012-12-03;185;3.6725234606096224
2012-11-30;2013-11-04;0.9281314168377823;3.827;341.19;2012-12-03;339;3.8854565764692817
2012-11-30;2014-03-17;1.2922655715263518;3.97;61.72;2012-11-23;472;3.97
2012-11-30;2015-02-15;2.209445585215606;4.23;27.13;2012-11-30;807;4.23
2012-11-30;2018-04-16;5.374401095140315;4.602;426.79;2012-11-19;1963;4.602
2012-11-30;2021-04-19;8.383299110198495;4.81;48.99;2012-11-23;3062;4.81
2012-11-30;2025-10-03;12.840520191649555;5.07;54.8;2012-11-20;4690;5.07
2012-11-30;2027-04-19;14.381930184804927;5.05;875.53;2012-11-19;5253;5.05
2012-11-30;2030-05-03;17.420944558521562;4.967;11.04;2012-11-28;6363;4.967
2012-11-30;2036-12-04;24.01095140314853;4.6339999999999995;60.82;2012-08-30;8770;4.6339999999999995
2012-12-31;2013-02-06;0.10130047912388775;4.12;4958.0;2013-01-02;37;4.2565007458187365
2012-12-31;2013-03-18;0.2108145106091718;3.7;205.55;2012-12-25;77;3.80731216955017
2012-12-31;2013-06-02;0.4188911704312115;3.656;1041.29;2012-12-26;153;3.74676033617638
2012-12-31;2013-09-12;0.6981519507186859;3.66;25.24;2012-12-28;255;3.7314821374733853
2012-12-31;2014-01-04;1.0102669404517455;3.82;266.02;2012-12-31;369;3.82
2012-12-31;2014-08-04;1.5906913073237507;3.97;83.11;2012-12-31;581;3.97
2012-12-31;2014-12-15;1.9548254620123204;4.12;50.5;2012-12-31;714;4.12
2012-12-31;2015-02-15;2.1245722108145104;4.204;20.55;2012-12-28;776;4.204
2012-12-31;2015-03-15;2.2012320328542097;4.25;26.65;2012-12-28;804;4.25
2012-12-31;2015-11-14;2.869267624914442;4.338;41.68;2012-12-28;1048;4.338
2012-12-31;2017-04-17;4.292950034223135;4.373;88.04;2012-12-31;1568;4.373
2012-12-31;2021-04-19;8.2984257357974;4.752;71.04;2012-12-28;3031;4.752
2012-12-31;2030-05-03;17.336071184120467;5.143999999999999;14.14;2012-12-11;6332;5.143999999999999
2012-12-31;2036-12-04;23.926078028747433;4.6339999999999995;60.82;2012-08-30;8739;4.6339999999999995
2013-01-31;2013-02-06;0.01642710472279261;4.2;25.0;2013-01-03;6;4.348746616181454
2013-01-31;2013-04-15;0.2026009582477755;3.95;51.4;2013-01-30;74;4.069306475825352
2013-01-31;2013-05-06;0.2600958247775496;3.9189999999999996;2200.0;2013-02-04;95;4.0321967102245
2013-01-31;2013-08-22;0.5557837097878165;4.082;198.49;2013-01-31;203;4.176647781942644
2013-01-31;2014-12-15;1.8699520876112252;4.35;30.28;2013-01-30;683;4.35
2013-01-31;2016-03-06;3.0937713894592744;4.55;22.82;2013-01-31;1130;4.55
2013-01-31;2018-04-16;5.204654346338125;4.765;27.38;2013-01-31;1901;4.765
2013-01-31;2021-04-19;8.213552361396303;4.76;29.72;2013-01-21;3000;4.76
2013-01-31;2024-04-05;11.175906913073238;5.186;66.71;2013-01-23;4082;5.186
2013-01-31;2027-04-19;14.212183436002737;5.442;23.6;2013-01-16;5191;5.442
2013-01-31;2030-05-03;17.251197809719372;5.143999999999999;14.14;2012-12-11;6301;5.143999999999999
2013-01-31;2036-12-04;23.84120465434634;4.6339999999999995;60.82;2012-08-30;8708;4.6339999999999995
2013-02-28;2013-04-15;0.12594113620807665;3.93;59.879999999999995;2013-02-28;46;4.054656748690633
2013-02-28;2013-08-12;0.4517453798767967;4.055;50.11;2013-02-28;165;4.15768952472666
2013-02-28;2013-08-19;0.47091033538672145;4.01;30.05;2013-02-28;172;4.109430640325029
2013-02-28;2013-09-02;0.5092402464065708;4.038;1600.0;2013-03-04;186;4.135172795644082
2013-02-28;2015-02-15;1.9630390143737166;4.46;24.78;2013-02-28;717;4.46
2013-02-28;2015-07-06;2.349075975359343;4.587;916.08;2013-03-04;858;4.587
2013-02-28;2019-02-03;5.930184804928132;4.764;158.66;2013-02-19;2166;4.764
2013-02-28;2026-01-02;12.843258042436688;5.393;21.4;2013-02-27;4691;5.393
2013-02-28;2026-06-05;13.264887063655031;5.366;77.51;2013-02-08;4845;5.366
2013-02-28;2030-05-03;17.17453798767967;5.159;346.08;2013-02-06;6273;5.159
2013-02-28;2036-12-04;23.76454483230664;4.6339999999999995;60.82;2012-08-30;8680;4.6339999999999995
2013-03-29;2013-04-15;0.04654346338124572;3.9;54.42;2013-03-29;17;4.029601246548498
2013-03-29;2013-04-29;0.08487337440109514;3.8500000000000005;150.98;2013-03-29;31;3.973945674327739
2013-03-29;2013-06-17;0.2190280629705681;3.9;100.12;2013-03-28;80;4.0156625295654
2013-03-29;2013-09-09;0.4490075290896646;4.05;50.1;2013-03-29;164;4.152740476944761
2013-03-29;2013-09-16;0.4681724845995893;4.05;50.07;2013-03-29;171;4.151097941549553
2013-03-29;2013-11-21;0.648870636550308;4.18;87.79;2013-03-28;237;4.269417472326142
2013-03-29;2014-03-17;0.9664613278576317;4.215770568609357;140.87;2013-03-28;353;4.277287015138076
2013-03-29;2016-03-06;2.937713894592745;4.65;21.94;2013-03-28;1073;4.65
2013-03-29;2020-03-03;6.929500342231348;5.002;112.79;2013-03-28;2531;5.002
2013-03-29;2021-01-02;7.7645448323066395;5.147;67.23;2013-03-28;2836;5.147
2013-03-29;2028-08-14;15.378507871321013;5.7;1049.29;2013-03-18;5617;5.7
2013-03-29;2030-05-03;17.09514031485284;5.159;346.08;2013-02-06;6244;5.159
2013-03-29;2036-12-04;23.685147159479808;4.6339999999999995;60.82;2012-08-30;8651;4.6339999999999995
2013-04-30;2013-05-13;0.03559206023271732;3.9;201.69;2013-04-30;13;4.030490581992963
2013-04-30;2013-05-16;0.04380561259411362;3.93;315.84;2013-04-30;16;4.061415770172561
2013-04-30;2013-07-15;0.2080766598220397;3.95;80.12;2013-04-29;76;4.068854144696155
2013-04-30;2013-10-07;0.4380561259411362;4.08;202.31;2013-04-30;160;4.184802372181706
2013-04-30;2013-11-04;0.5147159479808351;4.118;2780.0;2013-05-06;188;4.217444049500196
2013-04-30;2014-05-05;1.0130047912388775;4.246;2557.39;2013-05-06;370;4.246
2013-04-30;2015-09-14;2.3737166324435317;4.698;178.97;2013-04-29;867;4.698
2013-04-30;2018-04-16;4.960985626283367;4.851;27.55;2013-04-19;1812;4.851
2013-04-30;2022-02-05;8.76933607118412;5.259999999999999;27.53;2013-04-26;3203;5.259999999999999
2013-04-30;2024-04-05;10.932238193018481;5.38;81.97;2013-04-08;3993;5.38
2013-04-30;2030-05-03;17.00752908966461;5.159;346.08;2013-02-06;6212;5.159
2013-04-30;2036-12-04;23.59753593429158;4.681;12.48;2013-04-18;8619;4.681
2013-05-31;2013-06-02;0.0054757015742642025;3.8;105.68;2013-05-22;2;3.927537087400168
2013-05-31;2013-08-22;0.2272416153319644;3.9230000000000005;307.98;2013-05-30;83;4.039043678646381
2013-05-31;2013-08-26;0.23819301848049282;3.9380000000000006;46.51;2013-05-30;87;4.053827592552128
2013-05-31;2013-09-02;0.25735797399041754;3.95;100.98;2013-05-31;94;4.064789154722659
2013-05-31;2013-10-17;0.3805612594113621;4.02;81.61;2013-05-31;139;4.127429864404464
2013-05-31;2013-11-21;0.47638603696098564;4.08;101.69;2013-05-31;174;4.181467815841211
2013-05-31;2013-12-01;0.5037645448323066;4.121;52.46;2013-05-31;184;4.221516605947584
2013-05-31;2014-08-04;1.1772758384668036;4.336;52.73;2013-05-31;430;4.336
2013-05-31;2014-12-15;1.541409993155373;4.466;42.31;2013-05-31;563;4.466
2013-05-31;2016-04-18;2.8829568788501025;4.783;27.18;2013-05-31;1053;4.783
2013-05-31;2017-07-17;4.128678986995209;4.9;49.99;2013-05-16;1508;4.9
2013-05-31;2018-04-16;4.876112251882272;4.98;24.0;2013-05-16;1781;4.98
2013-05-31;2020-02-28;6.746064339493498;5.171;150.66;2013-05-16;2464;5.171
2013-05-31;2022-04-18;8.881587953456537;5.29;23.23;2013-05-31;3244;5.29
2013-05-31;2030-05-03;16.922655715263517;5.159;346.08;2013-02-06;6181;5.159
2013-05-31;2036-12-04;23.512662559890487;4.681;12.48;2013-04-18;8588;4.681
2013-06-28;2013-08-22;0.15058179329226556;3.765;106.61;2013-06-28;55;3.87972452677805
2013-06-28;2013-08-26;0.16153319644079397;3.9;46.66;2013-06-28;59;4.02029454717534
2013-06-28;2013-10-14;0.29568788501026694;3.785;53.09;2013-06-28;108;3.889687370695527
2013-06-28;2013-11-04;0.3531827515400411;3.832;25.18;2013-06-28;129;3.9342075025313283
2013-06-28;2013-11-21;0.3997262149212868;3.83;40.85;2013-06-28;146;3.928548926319353
2013-06-28;2014-05-05;0.8514715947980835;4.08;32.66;2013-06-28;311;4.149203908891264
2013-06-28;2014-07-14;1.0431211498973305;4.205;60.03;2013-06-28;381;4.205
2013-06-28;2015-07-06;2.020533880903491;4.57;40.41;2013-06-28;738;4.57
2013-06-28;2018-06-16;4.9664613278576315;4.885;42.3;2013-06-19;1814;4.885
2013-06-28;2022-02-05;8.607802874743326;5.32;28.29;2013-06-05;3144;5.32
2013-06-28;2024-04-05;10.770704996577686;5.439;31.97;2013-06-21;3934;5.439
2013-06-28;2028-08-14;15.129363449691992;5.7;324.01;2013-06-17;5526;5.7
2013-06-28;2030-05-03;16.84599589322382;5.255;45.58;2013-06-20;6153;5.255
2013-06-28;2036-12-04;23.43600273785079;4.681;12.48;2013-04-18;8560;4.681
2013-07-31;2013-08-22;0.06023271731690623;3.5;222.22;2013-07-29;22;3.6083992833493284
2013-07-31;2013-09-09;0.10951403148528405;3.55;20.33;2013-07-29;40;3.657525519720961
2013-07-31;2013-10-21;0.2245037645448323;3.623;262.0;2013-07-31;82;3.7259827627897923
2013-07-31;2013-11-18;0.30116358658453113;3.7200000000000006;75.29;2013-07-29;110;3.821606781528253
2013-07-31;2013-11-21;0.30937713894592744;3.705;33.1;2013-07-29;113;3.805402643095346
2013-07-31;2014-01-13;0.4544832306639288;3.8200000000000003;75.15;2013-07-29;166;3.913995053916164
2013-07-31;2014-02-03;0.5119780971937029;3.83;300.0;2013-08-05;187;3.9199512279245674
2013-07-31;2014-10-13;1.2019164955509924;4.23;1246.52;2013-08-05;439;4.23
2013-07-31;2015-10-19;2.217659137577002;4.59;280.65;2013-07-22;810;4.59
2013-07-31;2016-01-30;2.4996577686516086;4.566;21.53;2013-07-22;913;4.566
2013-07-31;2020-03-03;6.590006844626968;5.085;39.62;2013-07-24;2407;5.085
2013-07-31;2022-04-18;8.714579055441478;5.28;23.44;2013-07-29;3183;5.28
2013-07-31;2023-08-05;10.012320328542094;5.35;2232.9;2013-08-05;3657;5.35
2013-07-31;2028-08-14;15.039014373716633;5.68;39.05;2013-08-05;5493;5.68
2013-07-31;2030-05-03;16.75564681724846;5.255;45.58;2013-06-20;6120;5.255
2013-07-31;2036-12-04;23.345653661875428;4.681;12.48;2013-04-18;8527;4.681
2013-08-30;2013-10-07;0.10403832991101986;3.52;26.84;2013-08-29;38;3.626484249441475
2013-08-30;2013-10-28;0.16153319644079397;3.54;101.48;2013-08-30;59;3.64360488681319
2013-08-30;2013-12-09;0.27652292950034224;3.5699999999999994;76.39;2013-08-28;101;3.6672193591982705
2013-08-30;2014-01-20;0.3915126625598905;3.69;100.45;2013-08-28;143;3.7839307771677655
2013-08-30;2014-02-10;0.4490075290896646;3.75;200.41;2013-08-28;164;3.8419373610007357
2013-08-30;2014-05-18;0.7145790554414785;3.96;100.9;2013-08-30;261;4.037835090940378
2013-08-30;2014-10-13;1.1197809719370295;4.24;99.98;2013-08-29;409;4.24
2013-08-30;2015-08-03;1.9247091033538672;4.52;37.26;2013-08-29;703;4.52
2013-08-30;2015-12-14;2.2888432580424367;4.641;1996.02;2013-09-02;836;4.641
2013-08-30;2018-04-16;4.6269678302532515;4.864;620.55;2013-08-19;1690;4.864
2013-08-30;2023-08-05;9.930184804928132;5.35;1488.6;2013-08-05;3627;5.35
2013-08-30;2028-08-14;14.956878850102669;5.7;976.45;2013-08-19;5463;5.7
2013-08-30;2030-05-03;16.673511293634498;5.255;45.58;2013-06-20;6090;5.255
2013-08-30;2036-12-04;23.263518138261464;4.681;12.48;2013-04-18;8497;4.681
2013-09-30;2013-10-07;0.019164955509924708;3.48;119.95;2013-09-30;7;3.5900815363484107
2013-09-30;2013-10-14;0.038329911019849415;3.485;126.6;2013-09-30;14;3.59409101522592
2013-09-30;2013-11-04;0.09582477754962354;3.48;470.03;2013-09-30;35;3.5851485692514506
2013-09-30;2013-11-21;0.14236824093086928;3.488;120.2;2013-09-30;52;3.590522250101058
2013-09-30;2013-12-09;0.19164955509924708;3.48;89.22;2013-09-30;70;3.5790075886976025
2013-09-30;2014-01-13;0.2874743326488706;3.52;65.0;2013-09-30;105;3.6144828868526213
2013-09-30;2014-01-20;0.3066392881587953;3.5900000000000003;121.51;2013-09-30;112;3.685992816172501
2013-09-30;2014-03-17;0.459958932238193;3.73;44.41;2013-09-30;168;3.8204400259039817
2013-09-30;2014-03-24;0.4791238877481177;3.7499999999999996;37.7;2013-09-23;175;3.8397276314744655
2013-09-30;2014-07-07;0.7665982203969883;3.95;50.34;2013-09-23;280;4.02340507216199
2013-09-30;2014-08-02;0.837782340862423;3.98;36.52;2013-09-23;306;4.048320391560689
2013-09-30;2015-07-06;1.7631759069130732;4.486;54.75;2013-09-30;644;4.486
2013-09-30;2017-07-17;3.7946611909650922;4.825;35.06;2013-09-23;1386;4.825
2013-09-30;2020-03-03;6.422997946611909;5.05;43.49;2013-09-18;2346;5.05
2013-09-30;2023-08-05;9.845311430527037;5.476;2824.41;2013-09-30;3596;5.476
2013-09-30;2025-03-01;11.416837782340862;5.516;1093.99;2013-09-06;4170;5.516
2013-09-30;2028-08-14;14.872005475701574;5.758;975.02;2013-09-16;5432;5.758
2013-09-30;2030-05-03;16.588637919233403;5.255;45.58;2013-06-20;6059;5.255
2013-09-30;2036-12-04;23.17864476386037;4.681;12.48;2013-04-18;8466;4.681
2013-10-31;2013-11-11;0.030116358658453114;3.49;101.99;2013-10-31;11;3.599867894533859
2013-10-31;2013-11-21;0.057494866529774126;3.5;70.58;2013-10-31;21;3.6085775130416664
2013-10-31;2014-01-13;0.2026009582477755;3.52;30.06;2013-10-28;74;3.6200226379478284
2013-10-31;2014-02-17;0.29842573579739906;3.59;86.14;2013-10-22;109;3.6865491563819575
2013-10-31;2014-07-14;0.7008898015058179;3.885;50.62;2013-10-31;256;3.9620039617389136
2013-10-31;2014-12-08;1.103353867214237;4.25;55.15;2013-10-31;403;4.25
2013-10-31;2016-03-14;2.3682409308692676;4.723;97.92;2013-10-28;865;4.723
2013-10-31;2019-04-05;5.426420260095825;5.075;21.22;2013-10-29;1982;5.075
2013-10-31;2023-08-05;9.760438056125942;5.519;4098.0;2013-11-04;3565;5.519
2013-10-31;2028-08-14;14.787132101300479;5.789;1155.78;2013-11-04;5401;5.789
2013-10-31;2030-05-03;16.503764544832308;5.255;45.58;2013-06-20;6028;5.255
2013-10-31;2036-12-04;23.093771389459274;4.681;12.48;2013-04-18;8435;4.681
2013-11-29;2014-01-20;0.14236824093086928;3.4799999999999995;80.15;2013-11-29;52;3.5821623176824247
2013-11-29;2014-05-18;0.4654346338124572;3.71;51.0;2013-11-28;170;3.79935563360172
2013-11-29;2014-08-04;0.6789869952087612;3.8600000000000003;21.22;2013-11-28;248;3.938045453775363
2013-11-29;2015-10-19;1.8863791923340179;4.5;37.15;2013-11-28;689;4.5
2013-11-29;2015-12-14;2.0396988364134154;4.589999999999999;60.59;2013-11-28;745;4.589999999999999
2013-11-29;2016-04-18;2.3846680355920604;4.705;70.42;2013-11-28;871;4.705
2013-11-29;2018-11-19;4.971937029431896;5.137;4692.57;2013-12-02;1816;5.137
2013-11-29;2023-08-05;9.681040383299111;5.551;1181.45;2013-11-19;3536;5.551
2013-11-29;2024-06-17;10.548939082819986;5.668999999999999;1678.81;2013-12-02;3853;5.668999999999999
2013-11-29;2028-08-14;14.707734428473648;5.928;2815.27;2013-12-02;5372;5.928
2013-11-29;2030-05-03;16.424366872005475;5.255;45.58;2013-06-20;5999;5.255
2013-11-29;2036-12-04;23.014373716632445;4.681;12.48;2013-04-18;8406;4.681
2013-12-31;2014-01-13;0.03559206023271732;3.3500000000000005;50.92;2013-12-31;13;3.4527447565239733
2013-12-31;2014-01-20;0.05475701574264202;3.3799999999999994;184.59;2013-12-31;20;3.483015258246258
2013-12-31;2014-02-17;0.13141683778234087;3.38;30.44;2013-12-31;48;3.4783737062515696
2013-12-31;2014-03-17;0.2080766598220397;3.4;51.53;2013-12-31;76;3.4945837144614744
2013-12-31;2014-04-05;0.2600958247775496;3.499;90.68;2013-12-30;95;3.594410562385475
2013-12-31;2014-05-05;0.34223134839151265;3.518;250.78;2013-12-30;125;3.608845150411044
2013-12-31;2014-07-14;0.5338809034907598;3.6;91.18;2013-12-31;195;3.680999286862874
2013-12-31;2014-09-15;0.7063655030800822;3.77;50.51;2013-12-31;258;3.843664731718599
2013-12-31;2014-12-15;0.9555099247091033;3.889;32.59;2013-12-31;349;3.9463814040707534
2013-12-31;2015-04-20;1.3004791238877482;4.137;26.61;2013-12-27;475;4.137
2013-12-31;2015-08-03;1.5879534565366187;4.294;21.94;2013-12-27;580;4.294
2013-12-31;2016-07-18;2.546201232032854;4.515;400.71;2013-12-31;930;4.515
2013-12-31;2018-04-16;4.290212183436003;4.83;72.54;2013-12-30;1567;4.83
2013-12-31;2020-03-03;6.1711156741957565;5.04;24.62;2013-12-30;2254;5.04
2013-12-31;2023-08-05;9.593429158110883;5.582;994.1;2013-12-13;3504;5.582
2013-12-31;2024-06-17;10.461327857631758;5.661;987.61;2014-01-06;3821;5.661
2013-12-31;2029-04-16;15.290896646132786;5.960999999999999;771.12;2014-01-06;5585;5.960999999999999
2013-12-31;2030-05-03;16.33675564681725;5.255;45.58;2013-06-20;5967;5.255
2013-12-31;2036-12-04;22.926762491444215;4.735;43.57;2013-12-09;8374;4.735
2014-01-31;2014-02-24;0.06570841889117043;3.057;70.19;2014-01-31;24;3.144738367054356
2014-01-31;2014-03-17;0.12320328542094455;3.138;498.05;2014-01-31;45;3.22631214678355
2014-01-31;2014-04-07;0.1806981519507187;3.22;175.74;2014-01-30;66;3.3086823105233254
2014-01-31;2014-07-07;0.42984257357973993;3.43;95.04;2014-01-29;157;3.5121541008897417
2014-01-31;2015-01-19;0.9664613278576317;3.726;21.29;2014-01-31;353;3.7800688685553308
2014-01-31;2015-11-14;1.78507871321013;4.056;76.63;2014-01-31;652;4.056
2014-01-31;2016-07-18;2.461327857631759;4.18;49.45;2014-01-31;899;4.18
2014-01-31;2017-04-17;3.2087611225188226;4.35;20.39;2014-01-31;1172;4.35
2014-01-31;2018-11-19;4.799452429842574;4.712;45.98;2014-01-30;1753;4.712
2014-01-31;2020-03-03;6.0862422997946615;4.96;27.61;2014-01-30;2223;4.96
2014-01-31;2021-01-02;6.921286789869952;5.07;28.28;2014-01-30;2528;5.07
2014-01-31;2024-06-17;10.376454483230663;5.56;1199.43;2014-02-03;3790;5.56
2014-01-31;2029-04-16;15.206023271731691;5.949;2088.91;2014-02-03;5554;5.949
2014-01-31;2030-05-03;16.251882272416154;5.255;45.58;2013-06-20;5936;5.255
2014-01-31;2036-12-04;22.84188911704312;4.735;43.57;2013-12-09;8343;4.735
2014-02-28;2014-03-17;0.04654346338124572;3.22;111.3;2014-02-27;17;3.3160371503576425
2014-02-28;2014-04-05;0.09856262833675565;3.226;220.19;2014-02-27;36;3.3194450091885708
2014-02-28;2014-04-07;0.10403832991101986;3.22;92.5;2014-02-27;38;3.312879765820309
2014-02-28;2014-05-18;0.216290212183436;3.2;60.79;2014-02-24;79;3.285938600072158
2014-02-28;2014-07-07;0.3531827515400411;3.26;51.33;2014-02-28;129;3.340710523393997
2014-02-28;2015-01-19;0.8898015058179329;3.4900000000000007;46.24;2014-02-28;325;3.5452706590494154
2014-02-28;2015-02-15;0.9637234770704997;3.52;39.88;2014-02-28;352;3.571132469531735
2014-02-28;2015-05-11;1.1964407939767283;3.631;80.53;2014-02-28;437;3.631
2014-02-28;2015-07-06;1.3497604380561259;3.6449999999999996;86.15;2014-02-28;493;3.6449999999999996
2014-02-28;2016-07-18;2.3846680355920604;3.999;29.9;2014-02-27;871;3.999
2014-02-28;2020-10-17;6.633812457221081;4.918;32.55;2014-02-28;2423;4.918
2014-02-28;2021-04-19;7.137577002053388;5.045;28.35;2014-02-13;2607;5.045
2014-02-28;2024-06-17;10.299794661190965;5.372;1476.4;2014-03-03;3762;5.372
2014-02-28;2029-04-16;15.129363449691992;5.907;977.71;2014-03-03;5526;5.907
2014-02-28;2030-05-03;16.175222450376456;5.255;45.58;2013-06-20;5908;5.255
2014-02-28;2036-12-04;22.765229295003422;4.735;43.57;2013-12-09;8315;4.735
2014-03-31;2014-04-05;0.013689253935660506;3.25;29.64;2014-03-28;5;3.3492614677764543
2014-03-31;2014-05-05;0.09582477754962354;3.235;76.73;2014-03-28;35;3.328994606712321
2014-03-31;2014-06-14;0.2053388090349076;3.2199999999999998;83.25;2014-03-18;75;3.3073361240976373
2014-03-31;2014-07-07;0.2683093771389459;3.225;1265.83;2014-03-31;98;3.3090939878009484
2014-03-31;2014-08-02;0.3394934976043806;3.249;1551.74;2014-03-31;124;3.330075092871332
2014-03-31;2014-08-04;0.34496919917864477;3.243;3010.78;2014-03-31;126;3.3235573654257555
2014-03-31;2014-09-15;0.459958932238193;3.268;107.2;2014-03-31;168;3.3430418405066
2014-03-31;2014-11-16;0.6297056810403833;3.32;58.14;2014-03-31;230;3.387004413104222
2014-03-31;2015-02-15;0.8788501026694046;3.35;35.31;2014-03-31;321;3.4034222972153083
2014-03-31;2015-04-20;1.054072553045859;3.435;37.16;2014-03-31;385;3.435
2014-03-31;2015-08-03;1.3415468856947297;3.494;67.0;2014-03-31;490;3.494
2014-03-31;2015-09-05;1.431895961670089;3.5399999999999996;26.4;2014-03-31;523;3.5399999999999996
2014-03-31;2015-09-14;1.4565366187542779;3.517;21.07;2014-03-31;532;3.517
2014-03-31;2015-12-14;1.7056810403832992;3.627;26.03;2014-03-31;623;3.627
2014-03-31;2016-02-08;1.8590006844626967;3.673;46.55;2014-03-31;679;3.673
2014-03-31;2016-03-14;1.9548254620123204;3.6600000000000006;30.0;2014-03-31;714;3.6600000000000006
2014-03-31;2016-05-16;2.127310061601643;3.75;249.94;2014-03-31;777;3.75
2014-03-31;2016-07-18;2.299794661190965;3.78;51.75;2014-03-31;840;3.78
2014-03-31;2017-07-17;3.29637234770705;3.9399999999999995;20.48;2014-03-31;1204;3.9399999999999995
2014-03-31;2018-11-19;4.63791923340178;4.15;41.7;2014-03-31;1694;4.15
2014-03-31;2024-06-17;10.21492128678987;4.951;2752.82;2014-03-31;3731;4.951
2014-03-31;2027-04-19;13.051334702258726;5.27;48.03;2014-03-28;4767;5.27
2014-03-31;2030-05-03;16.09034907597536;5.255;45.58;2013-06-20;5877;5.255
2014-03-31;2034-03-31;20.0;5.919;4591.23;2014-03-31;7305;5.919
2014-03-31;2036-12-04;22.680355920602327;4.735;43.57;2013-12-09;8284;4.735
2014-04-30;2014-06-09;0.10951403148528405;3.1;23.31;2014-04-29;40;3.1873981995223177
2014-04-30;2014-07-07;0.1861738535249829;3.08;50.08;2014-04-30;68;3.1627126695579655
2014-04-30;2014-08-04;0.26283367556468173;3.09;30.87;2014-04-30;96;3.16926420253274
2014-04-30;2014-10-13;0.4544832306639288;3.135;51.94;2014-04-30;166;3.2061093743839697
2014-04-30;2014-11-16;0.5475701574264202;3.18;51.0;2014-04-30;200;3.2476386919026545
2014-04-30;2016-04-18;1.9685147159479808;3.45;184.67;2014-04-30;719;3.45
2014-04-30;2018-04-16;3.9616700889801506;3.872;56.14;2014-04-30;1447;3.872
2014-04-30;2018-06-16;4.128678986995209;3.9000000000000004;22.79;2014-04-25;1508;3.9000000000000004
2014-04-30;2022-02-05;7.770020533880904;4.46;23.9;2014-04-30;2838;4.46
2014-04-30;2024-06-17;10.132785763175907;4.585;218.1;2014-05-05;3701;4.585
2014-04-30;2029-04-16;14.962354551676933;5.12;23.88;2014-04-30;5465;5.12
2014-04-30;2034-03-31;19.917864476386036;5.755205197834845;548.6899999999999;2014-05-05;7275;5.755205197834845
2014-04-30;2036-12-04;22.598220396988363;4.735;43.57;2013-12-09;8254;4.735
2014-05-30;2014-07-14;0.12320328542094455;3.15;145.54;2014-05-29;45;3.238822941728725
2014-05-30;2014-08-04;0.1806981519507187;3.086;175.43;2014-06-02;66;3.1692268625695963
2014-05-30;2014-09-15;0.29568788501026694;3.097;513.97;2014-05-30;108;3.1748738333920556
2014-05-30;2015-01-19;0.6406570841889117;3.14;25.74;2014-05-30;234;3.2017451877986103
2014-05-30;2015-08-03;1.1772758384668036;3.304;31.65;2014-05-30;430;3.304
2014-05-30;2016-10-17;2.3846680355920604;3.515;48.52;2014-05-29;871;3.515
2014-05-30;2018-04-16;3.8795345653661877;3.7570000000000006;36.49;2014-05-29;1417;3.7570000000000006
2014-05-30;2018-11-19;4.473648186173854;3.8540000000000005;21.43;2014-05-23;1634;3.8540000000000005
2014-05-30;2019-04-14;4.87337440109514;3.932;143.75;2014-05-23;1780;3.932
2014-05-30;2024-06-17;10.050650239561945;4.432;77.24;2014-05-30;3671;4.432
2014-05-30;2029-04-16;14.880219028062971;4.91;75.2;2014-05-30;5435;4.91
2014-05-30;2029-08-06;15.186858316221766;4.915;216.55;2014-05-30;5547;4.915
2014-05-30;2034-03-31;19.835728952772072;5.79178032230704;70.74;2014-05-29;7245;5.79178032230704
2014-05-30;2036-12-04;22.5160848733744;4.735;43.57;2013-12-09;8224;4.735
2014-06-30;2014-07-14;0.038329911019849415;3.08;51.43;2014-06-30;14;3.170120049189107
2014-06-30;2014-08-02;0.09034907597535935;3.101;592.44;2014-06-30;33;3.1894148535781985
2014-06-30;2014-09-15;0.2108145106091718;3.086;1001.22;2014-06-30;77;3.1677173030589145
2014-06-30;2014-10-18;0.30116358658453113;3.082;818.31;2014-06-30;110;3.159055352564133
2014-06-30;2014-11-16;0.3805612594113621;3.095;905.11;2014-06-30;139;3.168547130960442
2014-06-30;2015-02-15;0.6297056810403833;3.131;4074.5;2014-06-30;230;3.193071361486277
2014-06-30;2015-11-14;1.374401095140315;3.3000000000000003;87.02;2014-06-27;502;3.3000000000000003
2014-06-30;2016-07-18;2.0506502395619437;3.39;219.69;2014-06-30;749;3.39
2014-06-30;2020-12-12;6.453114305270363;3.999;36.34;2014-06-27;2357;3.999
2014-06-30;2024-06-17;9.96577686516085;4.43;55.46;2014-06-17;3640;4.43
2014-06-30;2029-04-16;14.795345653661876;4.92;21.91;2014-06-24;5404;4.92
2014-06-30;2034-03-31;19.750855578370977;5.580166476681807;6807.56;2014-06-30;7214;5.580166476681807
2014-06-30;2036-12-04;22.431211498973305;4.735;43.57;2013-12-09;8193;4.735
2014-07-31;2014-09-15;0.12594113620807665;3.06;146.23;2014-07-31;46;3.144889068680645
2014-07-31;2014-10-13;0.2026009582477755;3.06;119.2;2014-07-31;74;3.1411067990577024
2014-07-31;2014-12-08;0.35592060232717315;3.0500000000000003;42.58;2014-07-31;130;3.123236371454685
2014-07-31;2015-05-11;0.7775496235455168;3.08;35.14;2014-07-22;284;3.1335362045572746
2014-07-31;2015-06-01;0.8350444900752909;3.127;100.72;2014-07-28;305;3.1786342538403956
2014-07-31;2016-04-18;1.7166324435318274;3.3;24.3;2014-07-31;627;3.3
2014-07-31;2018-04-16;3.7097878165639973;3.65;51.88;2014-07-25;1355;3.65
2014-07-31;2018-11-19;4.303901437371663;3.74;24.39;2014-07-31;1572;3.74
2014-07-31;2022-04-18;7.715263518138261;4.156;60.88;2014-07-31;2818;4.156
2014-07-31;2027-04-19;12.71731690622861;4.7;24.57;2014-07-21;4645;4.7
2014-07-31;2029-04-16;14.710472279260781;4.91;41.87;2014-07-31;5373;4.91
2014-07-31;2034-03-31;19.665982203969882;5.578;6768.02;2014-06-30;7183;5.578
2014-07-31;2035-02-19;20.555783709787818;5.64;500.0;2014-08-04;7508;5.64
2014-07-31;2036-12-04;22.34633812457221;4.735;43.57;2013-12-09;8162;4.735
2014-08-29;2014-09-08;0.02737850787132101;3.0349999999999997;101.3;2014-08-29;10;3.1236496223290056
2014-08-29;2014-10-06;0.10403832991101986;3.035;70.92;2014-08-29;38;3.1199144258180933
2014-08-29;2014-11-16;0.216290212183436;3.035;41.22;2014-08-22;79;3.1144663716635046
2014-08-29;2015-01-31;0.4243668720054757;3.08;32.61;2014-08-29;155;3.150874639352663
2014-08-29;2015-08-03;0.9281314168377823;3.11;43.78;2014-08-19;339;3.1567041810776963
2014-08-29;2016-07-18;1.8863791923340179;3.336;60.44;2014-08-29;689;3.336
2014-08-29;2018-04-16;3.6303901437371664;3.66;463.58;2014-08-29;1326;3.66
2014-08-29;2018-11-19;4.224503764544832;3.78;54.25;2014-08-25;1543;3.78
2014-08-29;2023-08-05;8.933607118412047;4.32;48.19;2014-08-27;3263;4.32
2014-08-29;2034-03-31;19.586584531143053;5.559;13.21;2014-08-22;7154;5.559
2014-08-29;2035-02-19;20.476386036960985;5.627;2514.34;2014-09-01;7479;5.627
2014-08-29;2036-12-04;22.26694045174538;4.735;43.57;2013-12-09;8133;4.735
2014-09-30;2014-10-13;0.03559206023271732;2.85;42.91;2014-09-30;13;2.9302073694563724
2014-09-30;2014-11-24;0.15058179329226556;2.85;20.06;2014-09-26;55;2.9252804755185657
2014-09-30;2015-01-19;0.30390143737166325;2.88;93.72;2014-09-30;111;2.9497804032351693
2014-09-30;2015-02-15;0.37782340862423;2.92;41.1;2014-09-30;138;2.9878762780773505
2014-09-30;2015-06-01;0.6680355920602327;2.9;111.56;2014-09-29;244;2.9545605665738384
2014-09-30;2016-03-14;1.4537987679671458;3.01;106.25;2014-09-30;531;3.01
2014-09-30;2016-04-18;1.5496235455167693;2.9999999999999996;30.93;2014-09-30;566;2.9999999999999996
2014-09-30;2018-04-16;3.542778918548939;3.586;92.73;2014-09-19;1294;3.586
2014-09-30;2018-11-19;4.136892539356605;3.665;216.39;2014-09-30;1511;3.665
2014-09-30;2024-06-17;9.713894592744696;4.411;29.2;2014-09-19;3548;4.411
2014-09-30;2029-04-16;14.543463381245722;4.875;146.9;2014-09-19;5312;4.875
2014-09-30;2034-03-31;19.498973305954827;5.354;27.19;2014-09-26;7122;5.354
2014-09-30;2045-02-06;30.354551676933607;5.7;499.65;2014-10-07;11087;5.7
2014-10-31;2014-11-16;0.04380561259411362;2.78;51.29;2014-10-23;16;2.856920245829664
2014-10-31;2014-11-24;0.06570841889117043;2.85;20.06;2014-09-26;24;2.928914862400611
2014-10-31;2015-01-26;0.23819301848049282;2.79;100.0;2014-10-27;87;2.8593733698518475
2014-10-31;2015-06-01;0.5831622176591376;2.8500000000000005;24.61;2014-10-31;213;2.9069411575794124
2014-10-31;2015-09-07;0.8514715947980835;2.91;20.13;2014-10-31;311;2.9568118654492492
2014-10-31;2016-03-14;1.3689253935660506;2.936;287.88;2014-10-31;500;2.936
2014-10-31;2018-06-16;3.6249144421629023;3.16;22.51;2014-10-31;1324;3.16
2014-10-31;2018-11-19;4.05201916495551;3.29;51.53;2014-10-24;1480;3.29
2014-10-31;2019-04-14;4.4517453798767965;3.3;31.41;2014-10-24;1626;3.3
2014-10-31;2024-06-17;9.6290212183436;3.8700000000000006;23.46;2014-10-24;3517;3.8700000000000006
2014-10-31;2025-06-02;10.587268993839835;3.852;2265.21;2014-11-03;3867;3.852
2014-10-31;2029-08-06;14.765229295003422;4.35;45.88;2014-10-30;5393;4.35
2014-10-31;2034-03-31;19.41409993155373;4.898;119.98;2014-10-31;7091;4.898
2014-10-31;2035-02-19;20.303901437371664;4.603;1034.16;2014-11-03;7416;4.603
2014-10-31;2036-12-04;22.094455852156056;5.366;18.59;2014-10-28;8070;5.366
2014-10-31;2045-02-06;30.269678302532512;5.7;499.65;2014-10-07;11056;5.7
2014-11-28;2014-12-15;0.04654346338124572;2.79;34.27;2014-11-19;17;2.867223864770252
2014-11-28;2015-01-19;0.14236824093086928;2.75;73.23;2014-11-24;52;2.8217493301565533
2014-11-28;2015-03-15;0.2929500342231348;2.755;111.34;2014-11-26;107;2.820945529477892
2014-11-28;2015-05-11;0.4490075290896646;2.755;68.67;2014-11-26;164;2.814767225468384
2014-11-28;2015-09-14;0.7939767282683093;2.77;20.39;2014-11-28;290;2.816531577463244
2014-11-28;2015-11-03;0.9308692676249144;2.7899999999999996;47.1;2014-11-28;340;2.831468330657061
2014-11-28;2016-05-16;1.4647501711156743;2.88;407.45;2014-11-28;535;2.88
2014-11-28;2016-10-17;1.8863791923340179;2.945;112.39;2014-11-28;689;2.945
2014-11-28;2018-04-16;3.381245722108145;3.08;53.44;2014-11-28;1235;3.08
2014-11-28;2018-11-19;3.975359342915811;3.183;84.1;2014-11-20;1452;3.183
2014-11-28;2024-06-17;9.552361396303901;3.612;233.83;2014-11-26;3489;3.612
2014-11-28;2025-06-02;10.510609171800137;3.702;30.66;2014-11-28;3839;3.702
2014-11-28;2029-04-16;14.381930184804927;4.065;27.32;2014-11-28;5253;4.065
2014-11-28;2034-03-31;19.33744010951403;4.563;67.8;2014-11-03;7063;4.563
2014-11-28;2035-02-19;20.227241615331966;4.59;40.35;2014-11-17;7388;4.59
2014-11-28;2045-02-06;30.193018480492814;5.7;499.65;2014-10-07;11028;5.7
2014-12-31;2015-01-19;0.05201916495550993;2.35;104.93;2014-12-31;19;2.409738580911447
2014-12-31;2015-02-15;0.12594113620807665;2.5;103.99;2014-12-17;46;2.562975914255494
2014-12-31;2015-03-15;0.2026009582477755;2.5;36.16;2014-12-17;74;2.5604624468366977
2014-12-31;2015-05-11;0.3586584531143053;2.54;33.21;2014-12-30;131;2.596588168216596
2014-12-31;2015-08-03;0.5886379192334018;2.51;79.82;2014-12-31;215;2.558148608491906
2014-12-31;2016-01-18;1.0485968514715949;2.636;62.87;2014-12-29;383;2.636
2014-12-31;2016-07-18;1.5468856947296372;2.67;79.96;2014-12-29;565;2.67
2014-12-31;2017-02-04;2.0971937029431897;2.77;50.65;2014-12-30;766;2.77
2014-12-31;2017-02-20;2.1409993155373033;2.7080000000000006;100.71;2015-01-06;782;2.7080000000000006
2014-12-31;2019-10-21;4.804928131416838;3.219;1346.79;2014-12-15;1755;3.219
2014-12-31;2024-06-17;9.462012320328542;3.4199999999999995;103.32;2014-12-31;3456;3.4199999999999995
2014-12-31;2025-06-02;10.420260095824778;3.453;1121.48;2015-01-06;3806;3.453
2014-12-31;2029-04-16;14.291581108829568;4.025;143.47;2014-12-29;5220;4.025
2014-12-31;2034-03-31;19.247091033538673;4.563;67.8;2014-11-03;7030;4.563
2014-12-31;2035-02-19;20.136892539356605;4.35;358.41;2015-01-06;7355;4.35
2014-12-31;2045-02-06;30.102669404517453;5.0;1681.67;2015-01-06;10995;5.0
2015-01-30;2015-02-15;0.04380561259411362;2.5;103.99;2014-12-17;16;2.565676203874978
2015-01-30;2015-03-15;0.12046543463381246;2.4043682863651967;2563.44;2015-02-02;44;2.4640555983300505
2015-01-30;2015-07-06;0.42984257357973993;2.485;67.0;2015-01-30;157;2.5376223854222557
2015-01-30;2015-11-03;0.758384668035592;2.51;22.23;2015-01-30;277;2.552634162621348
2015-01-30;2015-12-14;0.8706365503080082;2.514;61.92;2015-01-30;318;2.553073531849037
2015-01-30;2016-01-30;0.999315537303217;2.552;24.02;2015-01-26;365;2.5874444444444533
2015-01-30;2017-03-06;2.0971937029431897;2.583;1372.41;2015-02-02;766;2.583
2015-01-30;2019-10-21;4.722792607802875;2.949;26.62;2015-01-23;1725;2.949
2015-01-30;2025-06-02;10.338124572210814;3.262;2357.84;2015-02-02;3776;3.262
2015-01-30;2029-08-06;14.516084873374401;3.791;919.57;2015-02-02;5302;3.791
2015-01-30;2034-03-31;19.16495550992471;4.2;25.99;2015-01-22;7000;4.2
2015-01-30;2035-02-19;20.05475701574264;4.049;999.35;2015-02-02;7325;4.049
2015-01-30;2045-02-06;30.02053388090349;4.99;1608.1;2015-02-02;10965;4.99
2015-02-27;2015-03-15;0.04380561259411362;2.45;50.46;2015-02-27;16;2.513751384042884
2015-02-27;2015-05-11;0.1998631074606434;2.45;50.34;2015-02-27;73;2.5088322781144035
2015-02-27;2015-07-06;0.3531827515400411;2.437;309.73;2015-02-19;129;2.4906318485417467
2015-02-27;2015-08-31;0.5065023956194388;2.502;1450.0;2015-03-02;185;2.5526155393156724
2015-02-27;2016-03-14;1.0431211498973305;2.531;74.77;2015-02-27;381;2.531
2015-02-27;2018-04-16;3.132101300479124;2.76;54.32;2015-02-24;1144;2.76
2015-02-27;2018-11-19;3.7262149212867897;2.79;58.45;2015-02-24;1361;2.79
2015-02-27;2019-10-21;4.646132785763176;2.9;74.87;2015-02-24;1697;2.9
2015-02-27;2024-06-17;9.30321697467488;3.2100000000000004;24.88;2015-02-18;3398;3.2100000000000004
2015-02-27;2025-06-02;10.261464750171116;3.225;26.97;2015-02-27;3748;3.225
2015-02-27;2029-08-06;14.439425051334702;3.715;352.53;2015-02-16;5274;3.715
2015-02-27;2034-03-31;19.08829568788501;4.007;12.95;2015-02-20;6972;4.007
2015-02-27;2035-02-19;19.978097193702943;3.9990000000000006;49.64;2015-02-16;7297;3.9990000000000006
2015-02-27;2045-02-06;29.94387405886379;4.99;43.5;2015-02-02;10937;4.99
2015-03-31;2015-04-13;0.03559206023271732;2.51;31.96;2015-03-27;13;2.576336824175729
2015-03-31;2015-05-02;0.08761122518822724;2.51;86.72;2015-03-27;32;2.574611404316385
2015-03-31;2015-06-08;0.188911704312115;2.501;115.56;2015-03-27;69;2.5619456989484757
2015-03-31;2015-07-06;0.2655715263518138;2.507;714.16;2015-03-31;97;2.565632987941191
2015-03-31;2015-08-31;0.4188911704312115;2.55;651.22;2015-03-31;153;2.6048558341797534
2015-03-31;2016-03-14;0.9555099247091033;2.61;85.57;2015-03-31;349;2.647772623930744
2015-03-31;2016-07-04;1.2621492128678986;2.64;200.23;2015-03-30;461;2.64
2015-03-31;2018-04-16;3.0444900752908968;2.95;600.03;2015-03-31;1112;2.95
2015-03-31;2018-11-19;3.6386036960985626;3.107;67.95;2015-03-31;1329;3.107
2015-03-31;2020-03-03;4.9253935660506505;3.2;37.04;2015-03-30;1799;3.2
2015-03-31;2025-06-02;10.173853524982889;3.2490000000000006;50.31;2015-03-30;3716;3.2490000000000006
2015-03-31;2035-02-19;19.890485968514717;4.16;37.02;2015-03-26;7265;4.16
2015-03-31;2045-02-06;29.856262833675565;4.99;568.18;2015-04-06;10905;4.99
2015-04-30;2015-06-01;0.08761122518822724;2.53;76.87;2015-04-30;32;2.5953668681375497
2015-04-30;2015-06-20;0.13963039014373715;2.55;53.44;2015-04-30;51;2.614347868178446
2015-04-30;2015-07-13;0.2026009582477755;2.55;100.08;2015-04-22;74;2.612199486730815
2015-04-30;2015-09-05;0.35044490075290896;2.583;204.33;2015-05-04;128;2.641199684906592
2015-04-30;2015-09-14;0.3750855578370979;2.565;536.08;2015-05-04;137;2.621794192582305
2015-04-30;2015-11-03;0.5119780971937029;2.59;23.08;2015-04-30;187;2.642782851897185
2015-04-30;2016-06-13;1.1225188227241616;2.73;20.82;2015-04-30;410;2.73
2015-04-30;2017-02-20;1.8124572210814511;2.88;30.38;2015-04-30;662;2.88
2015-04-30;2018-11-19;3.5564681724845997;3.11;54.23;2015-04-29;1299;3.11
2015-04-30;2019-10-21;4.476386036960986;3.19;59.51;2015-04-29;1635;3.19
2015-04-30;2022-04-18;6.967830253251198;3.49;26.11;2015-04-29;2545;3.49
2015-04-30;2024-06-17;9.13347022587269;3.62;30.41;2015-04-29;3336;3.62
2015-04-30;2027-04-19;11.969883641341546;3.675;32.09;2015-04-21;4372;3.675
2015-04-30;2029-04-16;13.963039014373717;4.044;50.12;2015-04-30;5100;4.044
2015-04-30;2029-08-06;14.269678302532512;4.169;250.36;2015-04-30;5212;4.169
2015-04-30;2034-03-31;18.91854893908282;4.35;65.63;2015-04-14;6910;4.35
2015-04-30;2045-02-06;29.7741273100616;4.99;740.55;2015-05-04;10875;4.99
2015-05-29;2015-06-08;0.02737850787132101;2.525;35.7;2015-05-29;10;2.5922000156082925
2015-05-29;2015-08-10;0.1998631074606434;2.525;25.0;2015-05-13;73;2.5864198393234616
2015-05-29;2015-09-14;0.29568788501026694;2.5;51.73;2015-05-28;108;2.5574191672640856
2015-05-29;2016-01-18;0.6406570841889117;2.547;23.39;2015-05-29;234;2.594313151472849
2015-05-29;2016-05-16;0.9664613278576317;2.61;30.55;2015-05-29;353;2.647391750115058
2015-05-29;2016-07-18;1.1389459274469542;2.68;141.87;2015-05-27;416;2.68
2015-05-29;2017-02-20;1.73305954825462;2.743;25.12;2015-05-27;633;2.743
2015-05-29;2017-05-25;1.9904175222450375;2.87;50.03;2015-05-25;727;2.87
2015-05-29;2022-04-18;6.888432580424367;3.497;24.39;2015-05-28;2516;3.497
2015-05-29;2024-06-17;9.05407255304586;3.6820000000000004;25.51;2015-05-28;3307;3.6820000000000004
2015-05-29;2025-06-02;10.012320328542094;3.663;939.58;2015-06-01;3657;3.663
2015-05-29;2029-04-16;13.883641341546886;4.051;50.24;2015-05-29;5071;4.051
2015-05-29;2034-03-31;18.83915126625599;4.35;65.63;2015-04-14;6881;4.35
2015-05-29;2036-12-04;21.519507186858316;4.503;20.39;2015-05-18;7860;4.503
2015-05-29;2045-02-06;29.694729637234772;4.99;1428.98;2015-05-04;10846;4.99
2015-06-30;2015-07-13;0.03559206023271732;2.45;32.79;2015-06-30;13;2.514010994874316
2015-06-30;2015-07-20;0.05475701574264202;2.46;52.58;2015-06-30;20;2.5237854362733625
2015-06-30;2015-08-03;0.09308692676249145;2.45;127.07;2015-06-30;34;2.5121952141289094
2015-06-30;2015-09-07;0.188911704312115;2.45;128.89;2015-06-30;69;2.5091766440954455
2015-06-30;2015-12-14;0.45722108145106094;2.49;51.41;2015-06-26;167;2.5418827442369007
2015-06-30;2016-02-08;0.6105407255304586;2.522;115.41;2015-06-29;223;2.569722361965532
2015-06-30;2016-05-02;0.840520191649555;2.52;215.86;2015-06-29;307;2.560156805276681
2015-06-30;2016-08-15;1.1279945242984257;2.5879999999999996;30.17;2015-06-29;412;2.5879999999999996
2015-06-30;2017-05-25;1.9028062970568105;2.68;100.68;2015-06-29;695;2.68
2015-06-30;2017-08-15;2.127310061601643;2.673;200.1;2015-07-06;777;2.673
2015-06-30;2022-04-18;6.80082135523614;3.361;40.12;2015-06-30;2484;3.361
2015-06-30;2024-06-17;8.966461327857632;3.5829999999999997;39.77;2015-06-30;3275;3.5829999999999997
2015-06-30;2025-06-02;9.924709103353868;3.5909113533085577;2198.39;2015-07-06;3625;3.5909113533085577
2015-06-30;2026-01-02;10.510609171800137;3.6379999999999995;51.14;2015-06-18;3839;3.6379999999999995
2015-06-30;2029-04-16;13.796030116358658;3.908;55.89;2015-06-30;5039;3.908
2015-06-30;2035-02-19;19.641341546885695;4.356;89.44;2015-06-30;7174;4.356
2015-06-30;2036-02-04;20.59958932238193;4.494;197.34;2015-07-06;7524;4.494
2015-06-30;2045-02-06;29.607118412046542;4.975;1844.28;2015-07-06;10814;4.975
2015-07-31;2015-09-05;0.09856262833675565;2.499;186.34;2015-08-03;36;2.5628378855543144
2015-07-31;2015-09-07;0.10403832991101986;2.4714476674532584;275.45;2015-08-03;38;2.5340861735665188
2015-07-31;2015-10-19;0.2190280629705681;2.46;51.91;2015-07-29;80;2.518567263456517
2015-07-31;2015-11-03;0.2600958247775496;2.478;178.38;2015-07-29;95;2.535857170780398
2015-07-31;2016-04-18;0.7173169062286106;2.533;989.18;2015-08-03;262;2.5774521584771115
2015-07-31;2016-08-15;1.0431211498973305;2.645;201.47;2015-07-31;381;2.645
2015-07-31;2017-02-04;1.516769336071184;2.6740000000000004;24.73;2015-07-31;554;2.6740000000000004
2015-07-31;2018-04-16;2.7104722792607805;2.817;88.69;2015-07-31;990;2.817
2015-07-31;2020-07-20;4.971937029431896;3.133;769.86;2015-08-03;1816;3.133
2015-07-31;2025-06-02;9.839835728952773;3.5681855860772544;659.64;2015-08-03;3594;3.5681855860772544
2015-07-31;2027-04-19;11.718001368925394;3.7199999999999998;21.47;2015-07-10;4280;3.7199999999999998
2015-07-31;2029-04-16;13.711156741957563;3.9110000000000005;75.07;2015-07-22;5008;3.9110000000000005
2015-07-31;2035-02-19;19.5564681724846;4.306;21.63;2015-07-23;7143;4.306
2015-07-31;2036-02-04;20.514715947980836;4.468;1837.9;2015-08-03;7493;4.468
2015-07-31;2045-02-06;29.522245037645447;4.975;3015.61;2015-07-06;10783;4.975
2015-08-31;2015-09-05;0.013689253935660506;2.5680000000000005;100.11;2015-08-31;5;2.6373817122013365
2015-08-31;2015-10-19;0.13415468856947296;2.508;307.66;2015-08-31;49;2.570997354101534
2015-08-31;2015-10-31;0.16700889801505817;2.568;519.19;2015-08-31;61;2.632061003707742
2015-08-31;2015-11-30;0.24914442162902123;2.51;150.95;2015-08-31;91;2.569273033711039
2015-08-31;2016-05-02;0.6707734428473648;2.54;30.49;2015-08-31;245;2.586147944521655
2015-08-31;2016-09-05;1.0157426420260096;2.645;201.54;2015-08-26;371;2.645
2015-08-31;2019-08-02;3.920602327173169;3.013;100.09;2015-08-31;1432;3.013
2015-08-31;2020-07-20;4.887063655030801;3.164;156.8;2015-08-31;1785;3.164
2015-08-31;2025-06-02;9.754962354551678;3.5830000000000006;153.94;2015-08-31;3563;3.5830000000000006
2015-08-31;2027-04-19;11.633127994524298;3.7;30.04;2015-08-27;4249;3.7
2015-08-31;2029-04-16;13.626283367556468;3.9210000000000003;37.01;2015-08-18;4977;3.9210000000000003
2015-08-31;2029-08-06;13.932922655715263;3.941;52.27;2015-08-18;5089;3.941
2015-08-31;2034-03-31;18.581793292265573;4.251;32.97;2015-08-24;6787;4.251
2015-08-31;2045-02-06;29.437371663244353;4.975;415.17;2015-08-31;10752;4.975
2015-09-30;2015-11-03;0.09308692676249145;2.53;64.68;2015-09-30;34;2.595182487736558
2015-09-30;2015-12-07;0.1861738535249829;2.53;36.72;2015-09-16;68;2.592053337345912
2015-09-30;2015-12-14;0.2053388090349076;2.4999999999999996;207.62;2015-09-16;75;2.5603728012491
2015-09-30;2016-02-08;0.3586584531143053;2.5299999999999994;103.18;2015-09-21;131;2.586281610333363
2015-09-30;2016-05-02;0.5886379192334018;2.555;156.0;2015-09-30;215;2.6042539537240783
2015-09-30;2017-09-18;1.9685147159479808;2.796;200.14;2015-09-28;719;2.796
2015-09-30;2018-04-16;2.543463381245722;2.876;204.49;2015-09-30;929;2.876
2015-09-30;2020-03-03;4.424366872005476;3.119;309.68;2015-09-22;1616;3.119
2015-09-30;2025-06-02;9.672826830937714;3.58;328.02;2015-10-05;3533;3.58
2015-09-30;2029-08-06;13.850787132101301;3.96;58.13;2015-09-14;5059;3.96
2015-09-30;2030-08-05;14.847364818617386;4.05;1816.9;2015-09-14;5423;4.05
2015-09-30;2035-02-19;19.38945927446954;4.331;46.45;2015-09-30;7082;4.331
2015-09-30;2036-02-04;20.347707049965777;4.448;245.87;2015-10-05;7432;4.448
2015-09-30;2045-02-06;29.35523613963039;4.95;1416.77;2015-10-05;10722;4.95
2015-10-30;2015-11-14;0.04106776180698152;2.52;39.55;2015-10-28;15;2.586544777816413
2015-10-30;2016-01-18;0.2190280629705681;2.534;441.85;2015-10-22;80;2.5950887597939065
2015-10-30;2016-01-30;0.2518822724161533;2.536;52.01;2015-10-30;92;2.5960514834625137
2015-10-30;2016-02-08;0.27652292950034224;2.548;731.93;2015-11-02;101;2.6076175481443586
2015-10-30;2016-02-15;0.29568788501026694;2.547;1012.74;2015-11-02;108;2.6059348966997353
2015-10-30;2016-04-18;0.4681724845995893;2.568;2555.86;2015-11-02;171;2.6216921308876984
2015-10-30;2016-06-13;0.621492128678987;2.588;130.49;2015-10-30;227;2.636932481462506
2015-10-30;2016-08-15;0.7939767282683093;2.588;81.12;2015-10-30;290;2.6309820443240595
2015-10-30;2017-04-17;1.4647501711156743;2.713;30.12;2015-10-30;535;2.713
2015-10-30;2017-05-25;1.568788501026694;2.74;101.48;2015-10-30;573;2.74
2015-10-30;2018-11-19;3.055441478439425;2.9250000000000003;55.35;2015-10-30;1116;2.9250000000000003
2015-10-30;2021-07-19;5.71937029431896;3.217;2780.32;2015-11-02;2089;3.217
2015-10-30;2025-06-02;9.59069130732375;3.565;351.46;2015-11-02;3503;3.565
2015-10-30;2030-08-05;14.765229295003422;4.03;1520.95;2015-11-02;5393;4.03
2015-10-30;2035-02-19;19.307323750855577;4.315;63.06;2015-10-09;7052;4.315
2015-10-30;2036-02-04;20.265571526351813;4.436;176.49;2015-11-02;7402;4.436
2015-10-30;2045-02-06;29.27310061601643;4.95;1334.15;2015-10-05;10692;4.95
2015-11-30;2015-12-14;0.038329911019849415;2.52;46.96;2015-11-30;14;2.586636391864494
2015-11-30;2016-01-30;0.16700889801505817;2.511;120.83;2015-11-30;61;2.5730193460020923
2015-11-30;2016-02-08;0.19164955509924708;2.4;28.94;2015-11-30;70;2.4573810594174184
2015-11-30;2016-02-22;0.2299794661190965;2.51;27.51;2015-11-30;84;2.5699048621265597
2015-11-30;2016-04-18;0.38329911019849416;2.529;2057.76;2015-11-30;140;2.584429896534246
2015-11-30;2016-08-15;0.7091033538672142;2.57;82.83;2015-11-30;259;2.6155177455944534
2015-11-30;2016-11-14;0.9582477754962354;2.595;20.06;2015-11-30;350;2.632452763439863
2015-11-30;2017-04-17;1.379876796714579;2.711;52.97;2015-11-27;504;2.711
2015-11-30;2017-11-02;1.9247091033538672;2.805;30.03;2015-11-27;703;2.805
2015-11-30;2018-11-19;2.97056810403833;2.9169999999999994;22.68;2015-11-30;1085;2.9169999999999994
2015-11-30;2020-07-20;4.63791923340178;3.097;35.39;2015-11-30;1694;3.097
2015-11-30;2021-04-19;5.385352498288843;3.169;69.97;2015-11-30;1967;3.169
2015-11-30;2021-07-19;5.634496919917864;3.2220000000000004;844.29;2015-11-30;2058;3.2220000000000004
2015-11-30;2025-06-02;9.505817932922655;3.575;1402.1;2015-11-30;3472;3.575
2015-11-30;2029-08-06;13.683778234086242;3.944;27.0;2015-11-30;4998;3.944
2015-11-30;2030-08-05;14.680355920602327;4.03;20.86;2015-11-30;5362;4.03
2015-11-30;2035-02-19;19.222450376454482;4.315;63.06;2015-10-09;7021;4.315
2015-11-30;2036-02-04;20.18069815195072;4.43;162.03;2015-11-30;7371;4.43
2015-11-30;2045-02-06;29.188227241615333;4.95;1212.43;2015-11-30;10661;4.95
2015-12-31;2016-01-30;0.08213552361396304;2.448;393.29;2016-01-04;30;2.5104663365279833
2015-12-31;2016-02-08;0.10677618069815195;2.501;221.62;2016-01-04;39;2.564642383117155
2015-12-31;2016-03-14;0.2026009582477755;2.497;246.91;2015-12-31;74;2.557358885922878
2015-12-31;2016-04-18;0.29842573579739906;2.47;150.05;2015-12-31;109;2.5263729120857947
2015-12-31;2016-05-30;0.4134154688569473;2.505;73.17;2015-12-31;151;2.558729063667453
2015-12-31;2016-08-15;0.6242299794661191;2.525;40.75;2015-12-31;228;2.572343310325942
2015-12-31;2017-02-20;1.1416837782340863;2.68;23.58;2015-12-31;417;2.68
2015-12-31;2017-05-25;1.3990417522245038;2.693;59.68;2015-12-31;511;2.693
2015-12-31;2019-04-05;3.260780287474333;2.9409999999999994;45.21;2015-12-31;1191;2.9409999999999994
2015-12-31;2020-03-03;4.172484599589322;3.0329999999999995;53.96;2015-12-29;1524;3.0329999999999995
2015-12-31;2025-06-02;9.42094455852156;3.435;169.87;2015-12-31;3441;3.435
2015-12-31;2026-06-15;10.455852156057494;3.621;321.79;2016-01-04;3819;3.621
2015-12-31;2029-04-16;13.292265571526352;3.773;117.22;2015-12-29;4855;3.773
2015-12-31;2030-08-05;14.595482546201232;3.891;176.77;2015-12-29;5331;3.891
2015-12-31;2035-02-19;19.137577002053387;4.24;126.11;2015-12-28;6990;4.24
2015-12-31;2036-02-04;20.095824777549623;4.381;20.46;2015-12-31;7340;4.381
2015-12-31;2046-02-19;30.138261464750173;4.92;129.95;2016-01-04;11008;4.92
2016-01-29;2016-03-06;0.10130047912388775;2.473;813.75;2016-02-01;37;2.5357837641958314
2016-01-29;2016-03-14;0.12320328542094455;2.474;902.77;2016-02-01;45;2.5361163697960265
2016-01-29;2016-04-18;0.2190280629705681;2.445;1909.88;2016-02-01;80;2.503061583082644
2016-01-29;2016-05-02;0.25735797399041754;2.489;1801.25;2016-02-01;94;2.5473076261757877
2016-01-29;2016-05-16;0.29568788501026694;2.502;660.84;2016-02-01;108;2.5594833372800885
2016-01-29;2016-05-30;0.33401779603011633;2.46;35.16;2016-01-29;122;2.51493155749265
2016-01-29;2016-09-05;0.6023271731690623;2.515;88.07;2016-01-28;220;2.562823335337594
2016-01-29;2016-10-17;0.7173169062286106;2.526;39.48;2016-01-28;262;2.570303856498324
2016-01-29;2017-05-25;1.319644079397673;2.61;102.29;2016-01-22;482;2.61
2016-01-29;2017-11-02;1.7604380561259412;2.643;50.39;2016-01-22;643;2.643
2016-01-29;2018-02-19;2.0588637919233403;2.64;201.04;2016-02-01;752;2.64
2016-01-29;2021-10-18;5.71937029431896;2.995;1225.54;2016-02-01;2089;2.995
2016-01-29;2025-03-01;9.086926762491444;3.449;43.82;2016-01-25;3319;3.449
2016-01-29;2026-06-15;10.376454483230663;3.3919999999999995;1593.8;2016-02-01;3790;3.3919999999999995
2016-01-29;2030-08-05;14.516084873374401;3.886;41.57;2016-01-22;5302;3.886
2016-01-29;2035-02-19;19.058179329226558;4.24;126.11;2015-12-28;6961;4.24
2016-01-29;2036-02-04;20.016427104722794;4.209;2212.48;2016-02-01;7311;4.209
2016-01-29;2046-02-19;30.05886379192334;4.729;1059.45;2016-02-01;10979;4.729
2016-02-29;2016-03-06;0.01642710472279261;2.43;73.09;2016-02-29;6;2.4938399005226097
2016-02-29;2016-04-18;0.13415468856947296;2.427;671.68;2016-02-29;49;2.487077236052171
2016-02-29;2016-05-02;0.17248459958932238;2.44;41.18;2016-02-29;63;2.4993448881820424
2016-02-29;2016-05-16;0.2108145106091718;2.458;179.75;2016-02-29;77;2.5167595347968863
2016-02-29;2016-06-13;0.2874743326488706;2.436;160.76;2016-02-29;105;2.491635655649338
2016-02-29;2016-11-14;0.7091033538672142;2.493;20.2;2016-02-29;259;2.5368694831055416
2016-02-29;2017-02-04;0.9336071184120466;2.503;52.31;2016-02-29;341;2.5398658497600257
2016-02-29;2018-02-19;1.9739904175222451;2.59;40.33;2016-02-29;721;2.59
2016-02-29;2019-04-14;3.1211498973305956;2.7090000000000005;197.66;2016-02-29;1140;2.7090000000000005
2016-02-29;2020-07-20;4.388774811772758;2.8;124.66;2016-02-29;1603;2.8
2016-02-29;2021-04-19;5.136208076659822;2.89;38.66;2016-02-29;1876;2.89
2016-02-29;2021-10-18;5.634496919917864;2.899;811.73;2016-02-29;2058;2.899
2016-02-29;2025-06-02;9.256673511293634;3.17;34.28;2016-02-26;3381;3.17
2016-02-29;2026-06-15;10.291581108829568;3.241;298.63;2016-02-29;3759;3.241
2016-02-29;2030-08-05;14.431211498973306;3.617;464.94;2016-02-29;5271;3.617
2016-02-29;2036-02-04;19.9315537303217;4.048;483.72;2016-02-29;7280;4.048
2016-02-29;2046-02-19;29.973990417522245;4.672;664.71;2016-02-29;10948;4.672
2016-03-31;2016-04-18;0.049281314168377825;2.11;129.49;2016-03-25;18;2.161200684676956
2016-03-31;2016-06-13;0.2026009582477755;2.161;322.68;2016-03-31;74;2.2102335644005544
2016-03-31;2016-09-05;0.432580424366872;2.19;41.01;2016-03-31;158;2.234410833131295
2016-03-31;2016-11-14;0.6242299794661191;2.148;404.4;2016-03-31;228;2.186718467176285
2016-03-31;2017-02-04;0.8487337440109514;2.17;23.97;2016-03-31;310;2.203767396117451
2016-03-31;2017-04-17;1.0458590006844628;2.254;99.91;2016-03-31;382;2.254
2016-03-31;2017-08-15;1.374401095140315;2.25;100.83;2016-03-31;502;2.25
2016-03-31;2018-04-16;2.0424366872005475;2.409;91.15;2016-03-31;746;2.409
2016-03-31;2019-04-05;3.0116358658453115;2.616;42.6;2016-03-31;1100;2.616
2016-03-31;2019-10-21;3.5564681724845997;2.682;86.54;2016-03-31;1299;2.682
2016-03-31;2021-10-18;5.549623545516769;2.62;183.05;2016-03-31;2027;2.62
2016-03-31;2024-06-17;8.213552361396303;2.799;28.53;2016-03-31;3000;2.799
2016-03-31;2025-06-02;9.17180013689254;2.9;124.48;2016-03-31;3350;2.9
2016-03-31;2026-06-15;10.206707734428473;3.0;21.03;2016-03-31;3728;3.0
2016-03-31;2030-08-05;14.346338124572211;3.251;33.58;2016-03-31;5240;3.251
2016-03-31;2036-02-04;19.8466803559206;3.7;33.86;2016-03-31;7249;3.7
2016-03-31;2045-02-06;28.854209445585216;4.426;16.37;2016-03-25;10539;4.426
2016-03-31;2046-02-19;29.88911704312115;4.494;25.21;2016-03-24;10917;4.494
2016-04-29;2016-05-16;0.04654346338124572;1.9000000000000001;146.3;2016-04-28;17;1.944183003725053
2016-04-29;2016-07-04;0.1806981519507187;2.252;494.27;2016-04-19;66;2.3047351345065747
2016-04-29;2016-07-18;0.2190280629705681;2.183;303.86;2016-04-19;80;2.232524229287125
2016-04-29;2016-10-17;0.4681724845995893;1.935;823.85;2016-05-04;171;1.9721079325145219
2016-04-29;2017-02-20;0.813141683778234;1.938083061244006;731.99;2016-05-04;297;1.9685829652983822
2016-04-29;2017-09-18;1.3880903490759753;1.97;30.84;2016-04-28;507;1.97
2016-04-29;2019-04-14;2.9568788501026693;2.082;69.87;2016-04-29;1080;2.082
2016-04-29;2020-07-20;4.224503764544832;2.243;191.64;2016-04-29;1543;2.243
2016-04-29;2021-10-18;5.470225872689938;2.314193328032693;1169.67;2016-05-04;1998;2.314193328032693
2016-04-29;2025-06-02;9.092402464065708;2.6379999999999995;235.23;2016-04-29;3321;2.6379999999999995
2016-04-29;2026-06-15;10.127310061601642;2.740696028452875;84.35;2016-05-04;3699;2.740696028452875
2016-04-29;2030-08-05;14.26694045174538;3.156;79.34;2016-04-29;5211;3.156
2016-04-29;2036-02-04;19.76728268309377;3.4950000000000006;29.07;2016-04-29;7220;3.4950000000000006
2016-04-29;2046-02-19;29.809719370294317;4.294;431.42;2016-05-04;10888;4.294
2016-05-31;2016-06-20;0.05475701574264202;1.8300000000000003;23.38;2016-05-05;20;1.8717762961006468
2016-05-31;2016-07-04;0.09308692676249145;2.252;494.27;2016-04-19;34;2.3070634237610133
2016-05-31;2016-07-18;0.13141683778234087;2.183;303.86;2016-04-19;48;2.234708296330923
2016-05-31;2016-10-17;0.3805612594113621;1.77;55.73;2016-05-31;139;1.8045679463037478
2016-05-31;2017-02-20;0.7255304585900069;1.86;30.47;2016-05-31;265;1.8906913019376859
2016-05-31;2018-04-16;1.8754277891854894;2.002;26.23;2016-05-31;685;2.002
2016-05-31;2019-04-14;2.869267624914442;2.07;105.34;2016-05-31;1048;2.07
2016-05-31;2021-04-19;4.884325804243669;2.34;31.53;2016-05-31;1784;2.34
2016-05-31;2021-10-18;5.382614647501711;2.371;26.18;2016-05-31;1966;2.371
2016-05-31;2024-06-17;8.046543463381246;2.67;106.28;2016-05-26;2939;2.67
2016-05-31;2026-06-15;10.039698836413416;2.802;126.92;2016-05-27;3667;2.802
2016-05-31;2029-04-16;12.876112251882272;2.99;44.87;2016-05-27;4703;2.99
2016-05-31;2029-08-06;13.182751540041068;3.027;26.08;2016-05-27;4815;3.027
2016-05-31;2035-02-19;18.72142368240931;3.4300000000000006;39.56;2016-05-31;6838;3.4300000000000006
2016-05-31;2036-02-04;19.679671457905545;3.5;38.11;2016-05-31;7188;3.5
2016-05-31;2046-02-19;29.72210814510609;4.25;55.97;2016-05-30;10856;4.25
2016-06-30;2016-07-04;0.010951403148528405;2.252;494.27;2016-04-19;4;2.3092518830887254
2016-06-30;2016-07-18;0.049281314168377825;2.183;303.86;2016-04-19;18;2.2367610262390203
2016-06-30;2016-08-15;0.12594113620807665;1.8;65.47;2016-06-28;46;1.8396207856527846
2016-06-30;2016-10-17;0.29842573579739906;1.86;30.99;2016-06-28;109;1.8983365673105546
2016-06-30;2017-05-15;0.8733744010951403;2.15;30.11;2016-06-30;319;2.1828392617558867
2016-06-30;2017-09-18;1.218343600273785;2.187;72.03;2016-06-30;445;2.187
2016-06-30;2019-08-02;3.0882956878850103;2.119;23.07;2016-06-23;1128;2.119
2016-06-30;2021-04-19;4.802190280629706;2.4699999999999998;104.0;2016-06-30;1754;2.4699999999999998
2016-06-30;2025-06-02;8.922655715263518;2.99;39.34;2016-06-28;3259;2.99
2016-06-30;2026-06-15;9.957563312799453;2.82;24.7;2016-06-16;3637;2.82
2016-06-30;2030-08-05;14.097193702943189;3.231;113.05;2016-06-29;5149;3.231
2016-06-30;2036-02-04;19.59753593429158;3.4959999999999996;24.44;2016-06-30;7158;3.4959999999999996
2016-06-30;2046-02-19;29.639972621492127;4.245;34.51;2016-06-30;10826;4.245
2016-07-29;2016-08-15;0.04654346338124572;2.08;404.95;2016-07-29;17;2.1302260217259894
2016-07-29;2016-09-26;0.16153319644079397;2.08;54.03;2016-07-27;59;2.12762039128358
2016-07-29;2017-01-16;0.4681724845995893;2.225;41.5;2016-07-29;171;2.269433622113648
2016-07-29;2017-02-20;0.5639972621492129;2.25;34.25;2016-07-27;206;2.2925739057465755
2016-07-29;2017-05-15;0.7939767282683093;2.3;34.74;2016-07-27;290;2.337506017949642
2016-07-29;2018-04-16;1.7138945927446954;2.478;120.2;2016-07-29;626;2.478
2016-07-29;2019-04-05;2.6830937713894594;2.455;76.28;2016-07-28;980;2.455
2016-07-29;2021-10-18;5.221081451060917;2.6;38.79;2016-07-28;1907;2.6
2016-07-29;2024-06-17;7.885010266940451;2.793;32.18;2016-07-28;2880;2.793
2016-07-29;2025-06-02;8.843258042436688;2.946;59.9;2016-07-28;3230;2.946
2016-07-29;2026-06-15;9.878165639972622;2.939;26.67;2016-07-28;3608;2.939
2016-07-29;2029-04-16;12.714579055441478;3.136;48.54;2016-07-26;4644;3.136
2016-07-29;2029-08-06;13.021218343600275;3.23;35.11;2016-07-29;4756;3.23
2016-07-29;2030-08-05;14.017796030116358;3.27;39.51;2016-07-29;5120;3.27
2016-07-29;2036-02-04;19.51813826146475;3.581;23.19;2016-07-28;7129;3.581
2016-07-29;2045-02-06;28.525667351129364;4.165;84.85;2016-07-12;10419;4.165
2016-07-29;2046-02-19;29.560574948665298;4.243;90.53;2016-07-12;10797;4.243
2016-08-31;2016-09-05;0.013689253935660506;2.2;39.32;2016-08-29;5;2.2552700518850166
2016-08-31;2016-11-21;0.2245037645448323;2.19;75.71;2016-08-23;82;2.2396078714098433
2016-08-31;2016-11-28;0.243668720054757;2.22;192.6;2016-08-29;89;2.2700616643742233
2016-08-31;2017-04-17;0.6269678302532512;2.282;238.74;2016-08-31;229;2.3236479975185187
2016-08-31;2017-05-25;0.731006160164271;2.306;119.89;2016-08-31;267;2.345339900343868
2016-08-31;2017-08-15;0.9555099247091033;2.36;118.48;2016-08-31;349;2.3940236261576375
2016-08-31;2018-05-14;1.700205338809035;2.515;60.15;2016-08-31;621;2.515
2016-08-31;2018-11-19;2.217659137577002;2.569;87.23;2016-08-26;810;2.569
2016-08-31;2021-04-19;4.632443531827516;2.775;626.74;2016-08-31;1692;2.775
2016-08-31;2026-06-15;9.787816563997263;3.282;86.36;2016-08-31;3575;3.282
2016-08-31;2027-06-14;10.784394250513348;3.24;597.42;2016-09-05;3939;3.24
2016-08-31;2030-08-05;13.927446954140999;3.2700000000000005;20.54;2016-08-05;5087;3.2700000000000005
2016-08-31;2036-02-04;19.42778918548939;3.74;39.88;2016-08-25;7096;3.74
2016-08-31;2046-02-19;29.470225872689937;4.32;33.49;2016-08-11;10764;4.32
2016-09-30;2016-10-17;0.04654346338124572;2.18;289.58;2016-09-30;17;2.233723080738681
2016-09-30;2016-11-14;0.12320328542094455;2.143858037315546;317.83;2016-09-30;45;2.1944582342426466
2016-09-30;2016-11-21;0.14236824093086928;2.18;89.11;2016-09-30;52;2.2313351614035026
2016-09-30;2016-12-14;0.2053388090349076;2.18;40.01;2016-09-19;75;2.2297696480611195
2016-09-30;2017-03-06;0.42984257357973993;2.2;64.74;2016-09-30;157;2.244746679259224
2016-09-30;2017-05-25;0.648870636550308;2.24;101.4;2016-09-30;237;2.280134843206194
2016-09-30;2017-09-18;0.9664613278576317;2.33;95.47;2016-09-30;353;2.363271820480284
2016-09-30;2017-11-02;1.0896646132785763;2.397;182.29;2016-09-30;398;2.397
2016-09-30;2018-04-16;1.541409993155373;2.455;148.13;2016-09-30;563;2.455
2016-09-30;2020-03-03;3.4223134839151266;2.667;39.79;2016-09-26;1250;2.667
2016-09-30;2021-10-18;5.048596851471594;2.79;31.06;2016-09-29;1844;2.79
2016-09-30;2025-06-02;8.670773442847365;3.18;56.98;2016-09-30;3167;3.18
2016-09-30;2029-04-16;12.542094455852157;3.35;133.12;2016-09-26;4581;3.35
2016-09-30;2029-08-06;12.848733744010952;3.369;133.06;2016-09-26;4693;3.369
2016-09-30;2036-02-04;19.345653661875428;3.82;39.59;2016-09-23;7066;3.82
2016-09-30;2046-02-19;29.388090349075977;4.38;47.71;2016-09-08;10734;4.38
2016-10-31;2016-11-14;0.038329911019849415;2.1;25.58;2016-10-31;14;2.151107518802542
2016-10-31;2017-01-09;0.19164955509924708;2.08;92.65;2016-10-19;70;2.1269393636646594
2016-10-31;2017-02-20;0.3066392881587953;2.108;1574.38;2016-11-01;112;2.1531527762445934
2016-10-31;2017-03-20;0.38329911019849416;2.15;60.47;2016-10-28;140;2.1945318154795723
2016-10-31;2017-04-17;0.459958932238193;2.152;3247.32;2016-11-01;168;2.1947435015145844
2016-10-31;2017-05-01;0.49828884325804246;2.15;25.6;2016-10-31;182;2.191773380307449
2016-10-31;2017-05-25;0.5639972621492129;2.173;66.06;2016-10-31;206;2.2137430165194427
2016-10-31;2017-09-18;0.8815879534565366;2.22;20.1;2016-10-31;322;2.2538006054273474
2016-10-31;2018-05-14;1.5331964407939767;2.33;80.75;2016-10-31;560;2.33
2016-10-31;2018-08-22;1.8069815195071868;2.355;95.6;2016-10-31;660;2.355
2016-10-31;2018-11-19;2.0506502395619437;2.38;109.92;2016-10-31;749;2.38
2016-10-31;2019-04-14;2.4503764544832305;2.44;554.93;2016-10-31;895;2.44
2016-10-31;2020-04-20;3.468856947296372;2.5200000000000005;51.48;2016-10-31;1267;2.5200000000000005
2016-10-31;2021-07-19;4.714579055441479;2.589;95.11;2016-10-31;1722;2.589
2016-10-31;2025-06-02;8.58590006844627;2.95;227.7;2016-10-31;3136;2.95
2016-10-31;2027-06-14;10.617385352498289;3.121;394.81;2016-10-31;3878;3.121
2016-10-31;2030-08-05;13.760438056125942;3.37;43.1;2016-10-27;5026;3.37
2016-10-31;2036-08-18;19.797399041752225;3.8500000000000005;454.08;2016-11-01;7231;3.8500000000000005
2016-10-31;2046-02-19;29.30321697467488;4.275;24.95;2016-10-27;10703;4.275
2016-11-30;2017-01-15;0.12594113620807665;2.05;70.12;2016-11-28;46;2.097448376452893
2016-11-30;2017-01-16;0.12867898699520877;2.05;37.09;2016-11-28;47;2.0973881691868757
2016-11-30;2017-01-30;0.16700889801505817;2.05;82.84;2016-11-28;61;2.096545749714096
2016-11-30;2017-05-15;0.4544832306639288;2.148;43.73;2016-11-23;166;2.1907712361035614
2016-11-30;2017-09-18;0.7994524298425736;2.246;70.64;2016-11-30;292;2.282356628046367
2016-11-30;2018-11-19;1.9685147159479808;2.415;178.71;2016-11-30;719;2.415
2016-11-30;2018-12-05;2.0123203285420943;2.412;799.82;2016-12-05;735;2.412
2016-11-30;2020-04-20;3.3867214236824092;2.494;41.3;2016-11-29;1237;2.494
2016-11-30;2021-04-19;4.383299110198494;2.57;43.6;2016-11-29;1601;2.57
2016-11-30;2024-04-05;7.345653661875428;2.812;70.27;2016-11-25;2683;2.812
2016-11-30;2027-06-14;10.535249828884325;3.06;26.67;2016-11-15;3848;3.06
2016-11-30;2030-08-05;13.678302532511978;3.3100000000000005;54.31;2016-11-16;4996;3.3100000000000005
2016-11-30;2036-02-04;19.17864476386037;3.694;28.91;2016-11-22;7005;3.694
2016-11-30;2046-02-19;29.22108145106092;4.195;14.97;2016-11-22;10673;4.195
2016-12-30;2017-02-13;0.12320328542094455;2.173;31.57;2016-12-30;45;2.224576525691302
2016-12-30;2017-03-06;0.1806981519507187;2.172;31.68;2016-12-30;66;2.222123154347466
2016-12-30;2017-05-25;0.3997262149212868;2.224;31.51;2016-12-30;146;2.2701653648827813
2016-12-30;2017-07-17;0.5448323066392882;2.25;307.72;2016-12-30;199;2.2930758778454186
2016-12-30;2017-08-15;0.6242299794661191;2.266;31.39;2016-12-30;228;2.3073594010645904
2016-12-30;2017-09-18;0.7173169062286106;2.286;25.27;2016-12-30;262;2.3253042817433345
2016-12-30;2018-01-15;1.0431211498973305;2.39;68.73;2016-12-30;381;2.39
2016-12-30;2018-04-16;1.2922655715263518;2.403;120.4;2016-12-30;472;2.403
2016-12-30;2018-05-14;1.3689253935660506;2.445;20.54;2016-12-30;500;2.445
2016-12-30;2019-08-02;2.5872689938398357;2.565;49.41;2016-12-30;945;2.565
2016-12-30;2019-10-21;2.8062970568104038;2.525;21.93;2016-12-30;1025;2.525
2016-12-30;2020-02-28;3.162217659137577;2.609;135.91;2016-12-30;1155;2.609
2016-12-30;2020-03-03;3.1731690622861053;2.61;49.19;2016-12-30;1159;2.61
2016-12-30;2020-09-05;3.682409308692676;2.612;33.3;2016-12-30;1345;2.612
2016-12-30;2022-05-16;5.374401095140315;2.69;100.13;2016-12-30;1963;2.69
2016-12-30;2026-06-15;9.456536618754278;3.14;42.53;2016-12-30;3454;3.14
2016-12-30;2029-04-16;12.292950034223136;3.41;254.76;2016-12-29;4490;3.41
2016-12-30;2029-08-06;12.59958932238193;3.305;37.19;2016-12-29;4602;3.305
2016-12-30;2030-08-05;13.596167008898014;3.446;69.82;2016-12-19;4966;3.446
2016-12-30;2036-02-04;19.096509240246405;3.831;456.06;2016-12-21;6975;3.831
2016-12-30;2046-02-19;29.138945927446954;4.19;15.05;2016-12-29;10643;4.19
2017-01-31;2017-02-13;0.03559206023271732;2.226;500.83;2017-01-31;13;2.281650420334791
2017-01-31;2017-02-20;0.05475701574264202;2.093;172.45;2017-01-31;20;2.143486229717584
2017-01-31;2017-04-17;0.2080766598220397;2.191;51.73;2017-01-30;76;2.241051367117186
2017-01-31;2017-07-17;0.45722108145106094;2.27;102.77;2017-01-31;167;2.3159044062889933
2017-01-31;2017-08-07;0.5147159479808351;2.29;500.0;2017-02-06;188;2.3348733143724543
2017-01-31;2017-09-18;0.6297056810403833;2.35;75.72;2017-01-31;230;2.3931158040025435
2017-01-31;2018-05-14;1.2813141683778233;2.53;49.95;2017-01-31;468;2.53
2017-01-31;2018-06-16;1.3716632443531827;2.501;27.96;2017-01-31;501;2.501
2017-01-31;2018-12-05;1.842573579739904;2.606;3141.49;2017-02-06;673;2.606
2017-01-31;2020-03-03;3.0855578370978782;2.7;88.1;2017-01-31;1127;2.7
2017-01-31;2022-10-17;5.708418891170431;2.989;1095.23;2017-01-31;2085;2.989
2017-01-31;2025-06-02;8.334017796030116;3.23;56.21;2017-01-20;3044;3.23
2017-01-31;2027-04-19;10.212183436002737;3.335;175.91;2017-01-24;3730;3.335
2017-01-31;2030-08-05;13.508555783709788;3.437;67.49;2017-01-17;4934;3.437
2017-01-31;2036-02-04;19.00889801505818;3.7820000000000005;23.04;2017-01-31;6943;3.7820000000000005
2017-01-31;2036-12-04;19.84120465434634;3.8140000000000005;23.13;2017-01-31;7247;3.8140000000000005
2017-01-31;2046-02-19;29.05133470225873;4.19;15.05;2016-12-29;10611;4.19
2017-02-28;2017-04-17;0.13141683778234087;2.167;559.92;2017-02-28;48;2.218172848804656
2017-02-28;2017-05-15;0.2080766598220397;2.16;25.44;2017-02-21;76;2.209068352240129
2017-02-28;2017-07-17;0.3805612594113621;2.125;1729.14;2017-02-28;139;2.168909377129258
2017-02-28;2017-08-15;0.459958932238193;2.168;47.79;2017-02-28;168;2.2111576367621844
2017-02-28;2017-09-18;0.5530458590006845;2.175;108.53;2017-02-28;202;2.216058189829706
2017-02-28;2017-11-02;0.676249144421629;2.194;349.53;2017-02-28;247;2.2324499644238216
2017-02-28;2018-04-16;1.1279945242984257;2.345;53.05;2017-02-28;412;2.345
2017-02-28;2018-05-14;1.2046543463381245;2.379;101.65;2017-02-28;440;2.379
2017-02-28;2019-03-18;2.0479123887748116;2.475454322512671;550.49;2017-03-06;748;2.475454322512671
2017-02-28;2019-10-18;2.6338124572210813;2.55;25.6;2017-02-28;962;2.55
2017-02-28;2022-10-17;5.631759069130732;2.89;2160.45;2017-02-28;2057;2.89
2017-02-28;2024-06-17;7.299110198494182;3.037;83.57;2017-02-28;2666;3.037
2017-02-28;2027-06-14;10.288843258042437;3.2851455461293737;2715.84;2017-03-06;3758;3.2851455461293737
2017-02-28;2029-08-06;12.435318275154003;3.544;31.34;2017-02-28;4542;3.544
2017-02-28;2030-08-05;13.431895961670088;3.55;53.46;2017-02-20;4906;3.55
2017-02-28;2036-08-18;19.468856947296374;4.0;96.96;2017-03-06;7111;4.0
2017-02-28;2046-02-19;28.974674880219027;4.185;13.62;2017-02-14;10583;4.185
2017-03-31;2017-05-01;0.08487337440109514;2.115;61.12;2017-03-30;31;2.165539339532141
2017-03-31;2017-05-15;0.12320328542094455;2.115;67.28999999999999;2017-03-30;45;2.164641047025939
2017-03-31;2017-09-18;0.4681724845995893;2.202;226.86;2017-03-31;171;2.2458358201171924
2017-03-31;2018-01-15;0.7939767282683093;2.222;52.66;2017-03-30;290;2.2580526582183458
2017-03-31;2019-03-18;1.9630390143737166;2.457;20.06;2017-03-31;717;2.457
2017-03-31;2020-03-03;2.924024640657084;2.5770000000000004;105.17;2017-03-31;1068;2.5770000000000004
2017-03-31;2021-07-19;4.301163586584531;2.64;26.65;2017-03-31;1571;2.64
2017-03-31;2022-05-16;5.125256673511293;2.74;44.55;2017-03-31;1872;2.74
2017-03-31;2024-06-17;7.214236824093087;3.083;103.84;2017-03-30;2635;3.083
2017-03-31;2025-06-02;8.172484599589323;3.124;79.72;2017-03-30;2985;3.124
2017-03-31;2026-06-15;9.207392197125257;3.161;160.47;2017-03-30;3363;3.161
2017-03-31;2027-06-14;10.203969883641342;3.22;30.47;2017-03-31;3727;3.22
2017-03-31;2029-08-06;12.350444900752908;3.561;232.05;2017-03-31;4511;3.561
2017-03-31;2030-08-05;13.347022587268993;3.48;32.42;2017-03-30;4875;3.48
2017-03-31;2036-02-04;18.847364818617386;3.827;62.99;2017-03-30;6884;3.827
2017-03-31;2046-02-19;28.889801505817932;4.401;29.1;2017-03-30;10552;4.401
2017-04-28;2017-05-25;0.07392197125256673;2.1446944091386966;2549.1600000000003;2017-05-03;27;2.196510621275505
2017-04-28;2017-07-17;0.2190280629705681;2.141;98.22;2017-05-03;80;2.1892075487679685
2017-04-28;2017-09-18;0.3915126625598905;2.185;106.81;2017-04-28;143;2.2302960323635768
2017-04-28;2018-01-15;0.7173169062286106;2.22;21.12;2017-04-28;262;2.2579583922971214
2017-04-28;2018-05-14;1.0431211498973305;2.28;32.64;2017-04-27;381;2.28
2017-04-28;2018-07-09;1.1964407939767283;2.29;41.5;2017-04-27;437;2.29
2017-04-28;2019-03-18;1.8863791923340179;2.413;43.54;2017-04-27;689;2.413
2017-04-28;2019-10-18;2.4722792607802875;2.465;59.42;2017-04-24;903;2.465
2017-04-28;2023-04-03;5.930184804928132;2.891;2418.68;2017-05-03;2166;2.891
2017-04-28;2026-06-15;9.130732375085557;3.183;107.06;2017-04-27;3335;3.183
2017-04-28;2027-06-14;10.127310061601642;3.275;15.51;2017-05-03;3699;3.275
2017-04-28;2031-07-18;14.220396988364135;3.77;30.91;2017-05-03;5194;3.77
2017-04-28;2036-08-18;19.307323750855577;3.9950000000000006;75.66;2017-05-03;7052;3.9950000000000006
2017-04-28;2046-02-19;28.813141683778234;4.35;53.9;2017-04-18;10524;4.35
2017-05-31;2017-07-17;0.12867898699520877;2.146;517.77;2017-05-30;47;2.1965396250237523
2017-05-31;2017-08-15;0.2080766598220397;2.12;51.12;2017-05-31;76;2.1678116518266455
2017-05-31;2017-09-18;0.30116358658453113;2.103;142.83;2017-05-31;110;2.148134149858527
2017-05-31;2018-01-15;0.6269678302532512;2.186;30.38;2017-05-30;229;2.2254955691769274
2017-05-31;2018-02-19;0.7227926078028748;2.21;37.51;2017-05-30;264;2.24761788931771
2017-05-31;2018-03-19;0.7994524298425736;2.25;25.93;2017-05-30;292;2.2864305455463807
2017-05-31;2018-05-14;0.9527720739219713;2.25;61.51;2017-05-30;348;2.2824536444471466
2017-05-31;2018-08-22;1.2265571526351813;2.335;35.3;2017-05-31;448;2.335
2017-05-31;2018-10-10;1.3607118412046544;2.324;23.7;2017-05-31;497;2.324
2017-05-31;2019-10-21;2.3901437371663246;2.465;316.94;2017-05-30;873;2.465
2017-05-31;2022-05-16;4.958247775496235;2.79;657.35;2017-05-31;1811;2.79
2017-05-31;2022-10-17;5.379876796714579;2.839;50.53;2017-05-31;1965;2.839
2017-05-31;2023-04-03;5.839835728952772;2.892;264.6;2017-05-31;2133;2.892
2017-05-31;2024-06-17;7.047227926078029;3.0319999999999996;342.22;2017-05-31;2574;3.0319999999999996
2017-05-31;2027-06-14;10.036960985626283;3.3369999999999997;101.11;2017-05-31;3666;3.3369999999999997
2017-05-31;2029-08-06;12.183436002737851;3.5800000000000005;43.17;2017-05-31;4450;3.5800000000000005
2017-05-31;2030-08-05;13.180013689253936;3.569;30.16;2017-05-30;4814;3.569
2017-05-31;2036-12-04;19.512662559890487;4.067;22.77;2017-05-30;7127;4.067
2017-05-31;2045-02-06;27.68788501026694;4.421;16.81;2017-05-22;10113;4.421
2017-05-31;2046-02-19;28.722792607802873;4.45;21.51;2017-05-18;10491;4.45
2017-06-30;2017-08-15;0.12594113620807665;2.245;2519.29;2017-06-30;46;2.298949742746492
2017-06-30;2017-09-18;0.2190280629705681;2.223289369804486;215.33;2017-06-23;80;2.2740901238098576
2017-06-30;2018-02-19;0.6406570841889117;2.312;101.23;2017-06-30;234;2.353950119182757
2017-06-30;2018-05-14;0.8706365503080082;2.36;50.06;2017-06-30;318;2.396442363949669
2017-06-30;2018-06-16;0.9609856262833676;2.353;62.29;2017-06-30;351;2.386764145412501
2017-06-30;2018-12-05;1.431895961670089;2.435;50.65;2017-06-29;523;2.435
2017-06-30;2020-04-20;2.8062970568104038;2.537;81.33;2017-06-29;1025;2.537
2017-06-30;2023-04-03;5.757700205338809;2.88;30.02;2017-06-30;2103;2.88
2017-06-30;2026-06-15;8.958247775496236;3.23;51.11;2017-06-30;3272;3.23
2017-06-30;2029-04-16;11.794661190965092;3.482;36.4;2017-06-29;4308;3.482
2017-06-30;2029-08-06;12.101300479123887;3.6;50.34;2017-06-29;4420;3.6
2017-06-30;2030-08-05;13.097878165639973;3.706;389.06;2017-06-23;4784;3.706
2017-06-30;2031-07-18;14.047912388774812;3.7710000000000004;146.07;2017-06-23;5131;3.7710000000000004
2017-06-30;2036-02-04;18.598220396988363;4.045;11.38;2017-06-30;6793;4.045
2017-06-30;2046-02-19;28.640657084188913;4.447;12.66;2017-06-30;10461;4.447
2017-07-31;2017-08-15;0.04106776180698152;2.342350762205776;1287.71;2017-08-01;15;2.40212234873447
2017-07-31;2017-09-18;0.13415468856947296;2.277595371459951;1912.0500000000002;2017-08-01;49;2.3324423758064095
2017-07-31;2017-11-02;0.25735797399041754;2.26;153.19;2017-07-28;94;2.3109526220499
2017-07-31;2018-04-16;0.7091033538672142;2.296;2746.15;2017-08-01;259;2.3357322428261496
2017-07-31;2018-11-19;1.3032169746748803;2.407;32.03;2017-07-31;476;2.407
2017-07-31;2018-12-05;1.3470225872689938;2.402;101.56;2017-07-31;492;2.402
2017-07-31;2020-04-20;2.7214236824093088;2.583;210.52;2017-07-28;994;2.583
2017-07-31;2021-04-19;3.7180013689253935;2.694;65.01;2017-07-28;1358;2.694
2017-07-31;2023-04-03;5.672826830937714;2.926;3433.98;2017-08-01;2072;2.926
2017-07-31;2027-06-14;9.869952087611225;3.352;101.5;2017-07-26;3605;3.352
2017-07-31;2029-08-06;12.016427104722792;3.585;36.58;2017-07-20;4389;3.585
2017-07-31;2031-07-18;13.963039014373717;3.7669999999999995;2190.47;2017-08-01;5100;3.7669999999999995
2017-07-31;2036-02-04;18.51334702258727;4.043;319.89;2017-07-24;6762;4.043
2017-07-31;2046-02-19;28.555783709787818;4.43;42.13;2017-07-31;10430;4.43
2017-08-31;2017-09-18;0.049281314168377825;2.22;41.02;2017-08-18;18;2.2750790194796977
2017-08-31;2017-11-27;0.24093086926762491;2.17;50.0;2017-08-29;88;2.218576545181894
2017-08-31;2018-02-19;0.47091033538672145;2.25;35.58;2017-08-31;172;2.2950147943875843
2017-08-31;2018-04-16;0.6242299794661191;2.255;2560.56;2017-09-05;228;2.296110954272912
2017-08-31;2018-09-17;1.0458590006844628;2.405;50.05;2017-08-31;382;2.405
2017-08-31;2018-12-05;1.2621492128678986;2.43;30.01;2017-08-31;461;2.43
2017-08-31;2020-07-20;2.8856947296372346;2.6;21.36;2017-08-31;1054;2.6
2017-08-31;2020-09-05;3.0143737166324436;2.606;42.13;2017-08-31;1101;2.606
2017-08-31;2021-07-19;3.8822724161533197;2.7190000000000003;98.16;2017-08-31;1418;2.7190000000000003
2017-08-31;2022-05-16;4.706365503080082;2.795;336.78;2017-08-31;1719;2.795
2017-08-31;2023-04-03;5.587953456536619;2.913782837531904;693.49;2017-09-05;2041;2.913782837531904
2017-08-31;2027-06-14;9.78507871321013;3.299;41.23;2017-09-05;3574;3.299
2017-08-31;2030-08-05;12.928131416837783;3.65;31.13;2017-08-23;4722;3.65
2017-08-31;2031-07-18;13.878165639972622;3.74;1876.69;2017-09-05;5069;3.74
2017-08-31;2036-02-04;18.428473648186174;4.01;32.25;2017-08-31;6731;4.01
2017-08-31;2046-02-19;28.470910335386723;4.446;33.35;2017-08-04;10399;4.446
2017-09-29;2017-10-14;0.04106776180698152;2.18;84.91;2017-09-29;15;2.233859738569244
2017-09-29;2017-11-02;0.09308692676249145;2.177;1833.02;2017-10-03;34;2.2294592440572414
2017-09-29;2017-11-27;0.16153319644079397;2.18;100.12;2017-09-18;59;2.230858391542445
2017-09-29;2018-02-19;0.3915126625598905;2.215;26.48;2017-09-28;143;2.2611263466268294
2017-09-29;2018-05-14;0.621492128678987;2.248;238.83;2017-09-29;227;2.2890245276896426
2017-09-29;2018-06-16;0.7118412046543463;2.261;62.7;2017-09-29;260;2.2999371291376303
2017-09-29;2018-07-09;0.7748117727583846;2.274;30.5;2017-09-29;283;2.3115293306077866
2017-09-29;2018-08-22;0.8952772073921971;2.286;191.9;2017-09-29;327;2.3205294248430874
2017-09-29;2018-11-19;1.1389459274469542;2.369;1480.85;2017-10-03;416;2.369
2017-09-29;2019-04-14;1.538672142368241;2.393;28.48;2017-09-29;562;2.393
2017-09-29;2020-04-20;2.5571526351813825;2.51;122.85;2017-09-29;934;2.51
2017-09-29;2023-06-19;5.71937029431896;2.859;866.85;2017-10-03;2089;2.859
2017-09-29;2025-06-02;7.67419575633128;3.049;27.9;2017-09-29;2803;3.049
2017-09-29;2027-06-14;9.705681040383299;3.23;182.34;2017-10-03;3545;3.23
2017-09-29;2029-08-06;11.852156057494867;3.38;22.58;2017-09-28;4329;3.38
2017-09-29;2031-07-18;13.79876796714579;3.6440000000000006;1987.93;2017-10-03;5040;3.6440000000000006
2017-09-29;2036-08-18;18.885694729637233;3.95;35.41;2017-10-03;6898;3.95
2017-09-29;2046-02-19;28.39151266255989;4.349;241.98;2017-10-03;10370;4.349
2017-10-31;2017-11-02;0.0054757015742642025;2.15;66.34;2017-10-23;2;2.203660621388681
2017-10-31;2017-11-27;0.07392197125256673;2.15;44.35;2017-10-23;27;2.201999365293994
2017-10-31;2018-01-15;0.2080766598220397;2.15;128.81;2017-10-31;76;2.1987529406997552
2017-10-31;2018-03-19;0.3805612594113621;2.17;66.88;2017-10-31;139;2.215151066353327
2017-10-31;2018-05-08;0.5174537987679672;2.19;300.0;2017-11-07;189;2.2323001733550063
2017-10-31;2018-05-14;0.5338809034907598;2.192;23.45;2017-10-31;195;2.233941012187879
2017-10-31;2019-10-21;1.9712525667351128;2.425;65.25;2017-10-31;720;2.425
2017-10-31;2019-11-07;2.0177960301163584;2.421;149.94;2017-11-07;737;2.421
2017-10-31;2023-04-03;5.420944558521561;2.81;25.84;2017-10-27;1980;2.81
2017-10-31;2024-06-17;6.628336755646817;2.917;190.89;2017-10-27;2421;2.917
2017-10-31;2027-06-14;9.618069815195073;3.256;567.83;2017-11-07;3513;3.256
2017-10-31;2029-04-16;11.457905544147843;3.3809999999999993;306.93;2017-10-27;4185;3.3809999999999993
2017-10-31;2031-07-18;13.711156741957563;3.577;26.93;2017-10-31;5008;3.577
2017-10-31;2036-02-04;18.261464750171115;3.879;115.39;2017-10-26;6670;3.879
2017-10-31;2046-02-19;28.303901437371664;4.35;339.09;2017-10-02;10338;4.35
2017-11-30;2018-01-15;0.12594113620807665;2.159;26.83;2017-11-28;46;2.2100396729941796
2017-11-30;2018-02-19;0.22176591375770022;2.158;112.47;2017-11-28;81;2.206672167565027
2017-11-30;2018-04-16;0.3750855578370979;2.179;103.54;2017-11-30;137;2.2245361471496583
2017-11-30;2018-09-17;0.7967145790554415;2.26;100.77;2017-11-30;291;2.296687298293598
2017-11-30;2018-10-10;0.8596851471594799;2.27;100.46;2017-11-30;314;2.3052081698602844
2017-11-30;2018-11-19;0.9691991786447639;2.28;41.08;2017-11-30;354;2.3124661299615212
2017-11-30;2019-08-02;1.6700889801505818;2.412;26.75;2017-11-30;610;2.412
2017-11-30;2019-10-21;1.88911704312115;2.435;52.06;2017-11-30;690;2.435
2017-11-30;2020-09-05;2.7652292950034223;2.537;33.32;2017-11-30;1010;2.537
2017-11-30;2020-11-14;2.9568788501026693;2.559;82.03;2017-11-30;1080;2.559
2017-11-30;2020-12-12;3.033538672142368;2.567;82.49;2017-11-30;1108;2.567
2017-11-30;2021-07-19;3.6331279945242985;2.632;77.19;2017-11-30;1327;2.632
2017-11-30;2021-10-18;3.8822724161533197;2.665;37.31;2017-11-30;1418;2.665
2017-11-30;2022-02-05;4.183436002737851;2.7;94.63;2017-11-30;1528;2.7
2017-11-30;2023-08-05;5.678302532511978;2.865;94.62;2017-11-30;2074;2.865
2017-11-30;2024-06-17;6.546201232032854;2.955;245.93;2017-11-30;2391;2.955
2017-11-30;2025-06-02;7.5044490075290895;3.045;145.86;2017-11-30;2741;3.045
2017-11-30;2026-06-05;8.511978097193703;3.14;98.54;2017-11-30;3109;3.14
2017-11-30;2027-06-14;9.535934291581109;3.2449999999999997;103.54;2017-11-30;3483;3.2449999999999997
2017-11-30;2029-04-16;11.375770020533881;3.403;148.68;2017-11-29;4155;3.403
2017-11-30;2031-07-18;13.6290212183436;3.57;1155.51;2017-11-28;4978;3.57
2017-11-30;2035-02-19;17.22108145106092;3.82;29.25;2017-11-30;6290;3.82
2017-11-30;2036-02-04;18.17932922655715;3.9150000000000005;33.82;2017-11-30;6640;3.9150000000000005
2017-11-30;2046-02-19;28.2217659137577;4.35;339.09;2017-10-02;10308;4.35
2017-12-29;2018-01-15;0.04654346338124572;2.2;65.0;2017-12-20;17;2.254434488706747
2017-12-29;2018-03-19;0.2190280629705681;2.184;76.38;2017-12-28;80;2.233555753535499
2017-12-29;2018-06-16;0.46269678302532513;2.35;52.51;2017-12-27;169;2.3978900935025527
2017-12-29;2018-09-17;0.7173169062286106;2.362;40.35;2017-12-29;262;2.4028695906308295
2017-12-29;2018-10-10;0.7802874743326489;2.38;80.44;2017-12-29;285;2.4194081503897014
2017-12-29;2018-11-19;0.8898015058179329;2.392;270.01;2017-12-29;325;2.4284249333441865
2017-12-29;2018-12-05;0.9336071184120466;2.37;513.78;2017-12-29;341;2.404801906645826
2017-12-29;2019-01-14;1.0431211498973305;2.4;55.63;2017-12-29;381;2.4
2017-12-29;2019-03-18;1.215605749486653;2.433;49.04;2017-12-29;444;2.433
2017-12-29;2019-04-14;1.2895277207392197;2.46;40.29;2017-12-29;471;2.46
2017-12-29;2019-09-16;1.7138945927446954;2.533;160.81;2017-12-29;626;2.533
2017-12-29;2020-04-20;2.308008213552361;2.577;39.29;2017-12-29;843;2.577
2017-12-29;2020-07-20;2.5571526351813825;2.605;55.9;2017-12-29;934;2.605
2017-12-29;2021-10-18;3.802874743326489;2.798;50.84;2017-12-29;1389;2.798
2017-12-29;2023-04-03;5.259411362080766;2.8;244.52;2017-12-29;1921;2.8
2017-12-29;2027-06-14;9.456536618754278;3.2;270.82;2017-12-29;3454;3.2
2017-12-29;2029-04-16;11.29637234770705;3.513;430.89;2017-12-29;4126;3.513
2017-12-29;2031-07-18;13.54962354551677;3.65;24.84;2017-12-28;4949;3.65
2017-12-29;2036-08-18;18.636550308008214;3.8770000000000002;145.49;2017-12-29;6807;3.8770000000000002
2017-12-29;2046-02-19;28.142368240930868;4.326;56.28;2017-12-28;10279;4.326
2018-01-31;2018-02-19;0.05201916495550993;2.24;30.79;2018-01-30;19;2.295724964435064
2018-01-31;2018-04-16;0.2053388090349076;2.25;24.42;2018-01-30;75;2.3020166323771907
2018-01-31;2018-07-09;0.4353182751540041;2.285;85.44;2018-01-29;159;2.3318971296696134
2018-01-31;2019-01-14;0.9527720739219713;2.385;50.3;2018-01-31;348;2.419476863568537
2018-01-31;2019-04-14;1.1991786447638604;2.409;31.05;2018-01-31;438;2.409
2018-01-31;2019-08-02;1.5003422313483916;2.439;30.5;2018-01-31;548;2.439
2018-01-31;2019-09-16;1.623545516769336;2.536;42.74;2018-01-31;593;2.536
2018-01-31;2019-10-21;1.7193702943189597;2.531;94.05;2018-01-31;628;2.531
2018-01-31;2021-01-02;2.921286789869952;2.592;109.34;2018-01-31;1067;2.592
2018-01-31;2022-10-17;4.7091033538672145;2.887;224.08;2018-01-31;1720;2.887
2018-01-31;2025-06-02;7.3347022587268995;3.114;47.17;2018-01-31;2679;3.114
2018-01-31;2028-06-19;10.381930184804927;3.357;149.23;2018-02-05;3792;3.357
2018-01-31;2031-07-18;13.45927446954141;3.682;275.55;2018-01-26;4916;3.682
2018-01-31;2035-02-19;17.05133470225873;3.823;161.63;2018-01-26;6228;3.823
2018-01-31;2046-02-19;28.05201916495551;4.34;58.0;2018-01-19;10246;4.34
2018-02-28;2018-04-16;0.12867898699520877;2.25;71.4;2018-02-27;47;2.3040483614351848
2018-02-28;2018-05-14;0.2053388090349076;2.259;460.44;2018-02-27;75;2.3113084727163447
2018-02-28;2018-08-22;0.4791238877481177;2.28;50.66;2018-02-26;175;2.3255795877009433
2018-02-28;2018-09-17;0.5503080082135524;2.29;48.73;2018-02-28;201;2.333906885705761
2018-02-28;2018-12-05;0.7665982203969883;2.322;51.7;2018-02-28;280;2.3606767363865577
2018-02-28;2019-04-14;1.1225188227241616;2.412;426.09;2018-02-28;410;2.412
2018-02-28;2020-05-18;2.217659137577002;2.48;50.15;2018-02-28;810;2.48
2018-02-28;2022-10-17;4.632443531827516;2.74;334.11;2018-02-28;1692;2.74
2018-02-28;2023-06-19;5.30321697467488;2.814;506.94;2018-02-28;1937;2.814
2018-02-28;2025-06-02;7.258042436687201;3.0;40.8;2018-02-28;2651;3.0
2018-02-28;2027-04-19;9.136208076659821;3.175;56.69;2018-02-28;3337;3.175
2018-02-28;2027-06-14;9.289527720739219;3.21;251.64;2018-02-28;3393;3.21
2018-02-28;2029-04-16;11.129363449691992;3.375;62.61;2018-02-28;4065;3.375
2018-02-28;2031-07-18;13.382614647501711;3.585;213.86;2018-02-28;4888;3.585
2018-02-28;2035-02-19;16.974674880219027;3.8160000000000003;141.02;2018-02-27;6200;3.8160000000000003
2018-02-28;2046-02-19;27.975359342915812;4.339;27.06;2018-02-22;10218;4.339
2018-03-30;2018-05-14;0.12320328542094455;2.22;61.15;2018-03-30;45;2.2731675398550477
2018-03-30;2018-06-25;0.23819301848049282;2.185;71.31;2018-03-29;87;2.23410939610873
2018-03-30;2018-09-17;0.4681724845995893;2.227;148.55;2018-03-30;171;2.271485741682011
2018-03-30;2019-01-14;0.7939767282683093;2.284;22.13;2018-03-30;290;2.32120685916426
2018-03-30;2019-03-18;0.9664613278576317;2.316;152.34;2018-03-30;353;2.349066503954922
2018-03-30;2019-09-16;1.4647501711156743;2.4;74.2;2018-03-30;535;2.4
2018-03-30;2019-11-07;1.6071184120465434;2.41;211.62;2018-03-30;587;2.41
2018-03-30;2020-05-18;2.135523613963039;2.461;132.01;2018-03-30;780;2.461
2018-03-30;2023-06-19;5.221081451060917;2.777;101.8;2018-03-30;1907;2.777
2018-03-30;2025-06-02;7.175906913073238;3.03;34.02;2018-03-30;2621;3.03
2018-03-30;2027-06-14;9.207392197125257;3.12;36.96;2018-03-30;3363;3.12
2018-03-30;2029-04-16;11.047227926078028;3.34;161.19;2018-03-30;4035;3.34
2018-03-30;2031-07-18;13.300479123887747;3.5499999999999994;162.61;2018-03-29;4858;3.5499999999999994
2018-03-30;2036-02-04;17.8507871321013;3.887;20.9;2018-03-30;6520;3.887
2018-03-30;2038-08-16;20.380561259411362;4.005;99.2;2018-04-02;7444;4.005
2018-03-30;2046-02-19;27.89322381930185;4.336;108.43;2018-03-06;10188;4.336
2018-04-30;2018-05-14;0.038329911019849415;2.2;339.4;2018-04-26;14;2.2546433023260315
2018-04-30;2018-06-16;0.12867898699520877;2.225;31.75;2018-04-20;47;2.2781959231678472
2018-04-30;2018-08-22;0.31211498973305957;2.257;350.88;2018-04-27;114;2.3064038556735555
2018-04-30;2018-09-17;0.38329911019849416;2.267;20.14;2018-04-27;140;2.314798476502
2018-04-30;2018-10-10;0.4462696783025325;2.2720000000000002;60.83;2018-04-27;163;2.3182509539772633
2018-04-30;2018-12-05;0.5995893223819302;2.29;20.2;2018-04-30;219;2.3325705061654656
2018-04-30;2019-10-21;1.4757015742642026;2.422;37.49;2018-04-30;539;2.422
2018-04-30;2021-07-19;3.2197125256673513;2.605;97.63;2018-04-26;1176;2.605
2018-04-30;2023-08-05;5.2648870636550305;2.78;107.08;2018-04-27;1923;2.78
2018-04-30;2025-06-02;7.091033538672143;3.0019999999999993;185.35;2018-04-26;2590;3.0019999999999993
2018-04-30;2028-06-19;10.13826146475017;3.257;101.06;2018-04-26;3703;3.257
2018-04-30;2029-08-06;11.268993839835728;3.3;243.56;2018-04-26;4116;3.3
2018-04-30;2033-07-18;15.21697467488022;3.69;1023.58;2018-05-02;5558;3.69
2018-04-30;2035-02-19;16.80766598220397;3.769;74.47;2018-04-25;6139;3.769
2018-04-30;2038-08-16;20.295687885010267;3.971;104.83;2018-04-17;7413;3.971
2018-04-30;2046-02-19;27.808350444900753;4.336;108.43;2018-03-06;10157;4.336
2018-05-31;2018-06-16;0.04380561259411362;2.25;84.88;2018-05-31;16;2.3063033451556247
2018-05-31;2018-07-09;0.10677618069815195;2.25;75.06;2018-05-09;39;2.3046297314782915
2018-05-31;2018-09-17;0.29842573579739906;2.273;24.97;2018-05-31;109;2.3232521192844136
2018-05-31;2018-10-10;0.3613963039014374;2.286;84.83;2018-05-31;132;2.3349327726396973
2018-05-31;2018-12-05;0.5147159479808351;2.32;20.23;2018-05-29;188;2.3656345697080416
2018-05-31;2019-10-18;1.3826146475017111;2.467;60.71;2018-05-31;505;2.467
2018-05-31;2019-11-07;1.4373716632443532;2.47;50.62;2018-05-31;525;2.47
2018-05-31;2020-03-03;1.757700205338809;2.506;32.25;2018-05-31;642;2.506
2018-05-31;2020-07-20;2.138261464750171;2.537;51.91;2018-05-31;781;2.537
2018-05-31;2021-07-19;3.134839151266256;2.621;52.15;2018-05-31;1145;2.621
2018-05-31;2023-04-03;4.8405201916495555;2.795;30.93;2018-05-31;1768;2.795
2018-05-31;2023-08-05;5.1800136892539355;2.83;34.74;2018-05-31;1892;2.83
2018-05-31;2025-10-03;7.342915811088296;3.045;61.38;2018-05-31;2682;3.045
2018-05-31;2026-01-02;7.592060232717317;3.029;73.17;2018-05-31;2773;3.029
2018-05-31;2028-06-19;10.053388090349076;3.29;60.65;2018-05-31;3672;3.29
2018-05-31;2029-04-16;10.877481177275838;3.354;120.87;2018-05-31;3973;3.354
2018-05-31;2029-08-06;11.184120465434633;3.378;80.38;2018-05-31;4085;3.378
2018-05-31;2031-07-18;13.130732375085557;3.5370000000000004;47.45;2018-05-29;4796;3.5370000000000004
2018-05-31;2036-12-04;18.51334702258727;3.866;132.54;2018-05-31;6762;3.866
2018-05-31;2046-02-19;27.72347707049966;4.355;65.52;2018-05-31;10126;4.355
2018-06-29;2018-07-09;0.02737850787132101;2.258;829.43;2018-06-29;10;2.3150338288592254
2018-06-29;2018-08-22;0.14784394250513347;2.284573279888581;588.77;2018-07-03;54;2.339285613541331
2018-06-29;2018-09-17;0.2190280629705681;2.275;217.88;2018-06-29;80;2.3274584848036017
2018-06-29;2018-10-10;0.28199863107460643;2.266;194.87;2018-07-03;103;2.3164797949361216
2018-06-29;2018-12-05;0.4353182751540041;2.294;359.57;2018-06-29;159;2.341141854792883
2018-06-29;2019-01-14;0.5448323066392882;2.323;65.85;2018-06-29;199;2.3678693039095977
2018-06-29;2019-03-18;0.7173169062286106;2.348628122029211;115.71000000000001;2018-07-03;262;2.3892211008714748
2018-06-29;2019-04-14;0.7912388774811773;2.3517798617966434;668.58;2018-07-03;289;2.390335463295523
2018-06-29;2019-05-20;0.8898015058179329;2.3779999999999997;230.8;2018-06-29;325;2.4141932240238972
2018-06-29;2019-09-16;1.215605749486653;2.462;102.17;2018-06-29;444;2.462
2018-06-29;2020-03-03;1.678302532511978;2.505;100.68;2018-06-29;613;2.505
2018-06-29;2020-04-20;1.809719370294319;2.516;233.03;2018-06-29;661;2.516
2018-06-29;2020-05-18;1.8863791923340179;2.51;142.09;2018-06-29;689;2.51
2018-06-29;2020-08-17;2.135523613963039;2.531;64.06;2018-06-29;780;2.531
2018-06-29;2021-10-18;3.3045859000684463;2.637;71.48;2018-06-29;1207;2.637
2018-06-29;2022-04-18;3.802874743326489;2.683;130.67;2018-06-29;1389;2.683
2018-06-29;2022-10-17;4.301163586584531;2.729;75.75;2018-06-29;1571;2.729
2018-06-29;2023-04-03;4.761122518822724;2.72;31.1;2018-06-29;1739;2.72
2018-06-29;2023-06-19;4.971937029431896;2.775;225.41;2018-06-29;1816;2.775
2018-06-29;2023-10-16;5.297741273100616;2.815;965.31;2018-07-03;1935;2.815
2018-06-29;2027-06-14;8.958247775496236;3.1489999999999996;55.29;2018-06-29;3272;3.1489999999999996
2018-06-29;2028-06-19;9.973990417522245;3.261461733080329;332.01000000000005;2018-07-03;3643;3.261461733080329
2018-06-29;2030-08-05;12.101300479123887;3.454;631.51;2018-06-29;4420;3.454
2018-06-29;2031-07-18;13.051334702258726;3.536;318.6;2018-06-29;4767;3.536
2018-06-29;2034-03-31;15.75359342915811;3.69;124.85;2018-06-29;5754;3.69
2018-06-29;2036-02-04;17.60164271047228;3.796;661.85;2018-06-29;6429;3.796
2018-06-29;2036-08-18;18.138261464750173;3.8119999999999994;199.34;2018-06-29;6625;3.8119999999999994
2018-06-29;2036-12-04;18.43394934976044;3.821;288.08;2018-06-29;6733;3.821
2018-06-29;2046-02-19;27.644079397672826;4.35;33.66;2018-06-29;10097;4.35
2018-07-31;2018-08-22;0.06023271731690623;2.285;34.89;2018-07-31;22;2.3421269995277383
2018-07-31;2018-10-10;0.1943874058863792;2.287;77.0;2018-07-31;71;2.3405203608569902
2018-07-31;2019-01-14;0.45722108145106094;2.303;708.61;2018-07-31;167;2.3497839163050704
2018-07-31;2019-03-18;0.6297056810403833;2.343;100.99;2018-07-31;230;2.3859563226610314
2018-07-31;2019-05-20;0.8021902806297057;2.367;202.45;2018-07-31;293;2.4055282201546513
2018-07-31;2020-03-03;1.5906913073237507;2.498;21.87;2018-07-31;581;2.498
2018-07-31;2020-04-20;1.7221081451060918;2.513;31.68;2018-07-31;629;2.513
2018-07-31;2020-08-17;2.0479123887748116;2.553;50.14;2018-07-31;748;2.553
2018-07-31;2020-09-14;2.1245722108145104;2.558;2245.01;2018-07-31;776;2.558
2018-07-31;2023-04-03;4.673511293634497;2.76;41.47;2018-07-26;1707;2.76
2018-07-31;2023-06-19;4.884325804243669;2.772;25.68;2018-07-26;1784;2.772
2018-07-31;2024-06-17;5.880903490759754;2.867;102.96;2018-07-26;2148;2.867
2018-07-31;2025-06-02;6.839151266255989;2.93;232.35;2018-07-26;2498;2.93
2018-07-31;2028-06-19;9.886379192334017;3.274;2077.19;2018-08-06;3611;3.274
2018-07-31;2029-08-06;11.017111567419576;3.352;62.18;2018-07-26;4024;3.352
2018-07-31;2030-08-05;12.013689253935661;3.443;40.44;2018-07-26;4388;3.443
2018-07-31;2031-07-18;12.9637234770705;3.531;27.34;2018-07-19;4735;3.531
2018-07-31;2035-02-19;16.555783709787818;3.774;125.27;2018-07-31;6047;3.774
2018-07-31;2046-02-19;27.5564681724846;4.348;33.76;2018-07-20;10065;4.348
2018-08-31;2018-09-17;0.04654346338124572;2.3;20.09;2018-08-31;17;2.3580515497930943
2018-08-31;2018-11-19;0.2190280629705681;2.301;40.72;2018-08-24;80;2.3543002023505455
2018-08-31;2018-12-05;0.26283367556468173;2.303;20.05;2018-08-31;96;2.355151155436297
2018-08-31;2019-05-20;0.7173169062286106;2.357;30.43;2018-08-30;262;2.3977661001210127
2018-08-31;2019-06-17;0.7939767282683093;2.385;37.27;2018-08-30;290;2.4241042421353276
2018-08-31;2019-11-07;1.1854893908281998;2.478;49.4;2018-08-31;433;2.478
2018-08-31;2020-08-17;1.9630390143737166;2.58;86.38;2018-08-31;717;2.58
2018-08-31;2020-09-14;2.0396988364134154;2.567;20.04;2018-08-31;745;2.567
2018-08-31;2023-04-03;4.588637919233402;2.792;250.2;2018-08-30;1676;2.792
2018-08-31;2023-06-19;4.799452429842574;2.813;283.05;2018-08-30;1753;2.813
2018-08-31;2027-06-14;8.785763175906913;3.21;65.28;2018-08-30;3209;3.21
2018-08-31;2028-06-19;9.801505817932922;3.3000000000000003;81.46;2018-08-30;3580;3.3000000000000003
2018-08-31;2031-07-18;12.878850102669405;3.54;62.4;2018-08-30;4704;3.54
2018-08-31;2034-03-31;15.58110882956879;3.73;197.98;2018-08-13;5691;3.73
2018-08-31;2036-02-04;17.429158110882955;3.792;32.99;2018-08-16;6366;3.792
2018-08-31;2038-08-16;19.958932238193018;3.92;20.36;2018-08-13;7290;3.92
2018-08-31;2046-02-19;27.471594798083505;4.348;33.76;2018-07-20;10034;4.348
2018-09-28;2018-11-19;0.14236824093086928;2.275;1964.16;2018-10-02;52;2.3295351424640565
2018-09-28;2018-12-05;0.1861738535249829;2.3;52.92;2018-09-28;68;2.354176942196373
2018-09-28;2019-03-18;0.4681724845995893;2.335;25.65;2018-09-28;171;2.382332699648737
2018-09-28;2019-04-14;0.5420944558521561;2.337;573.17;2018-10-02;198;2.38229349714294
2018-09-28;2019-05-20;0.6406570841889117;2.363;68.59;2018-09-28;234;2.406096818399406
2018-09-28;2019-11-07;1.108829568788501;2.484;168.37;2018-09-28;405;2.484
2018-09-28;2019-12-16;1.215605749486653;2.495;116.2;2018-09-28;444;2.495
2018-09-28;2020-04-20;1.5605749486652978;2.543;181.29;2018-09-28;570;2.543
2018-09-28;2020-05-18;1.6372347707049966;2.556;357.27;2018-09-28;598;2.556
2018-09-28;2020-08-17;1.8863791923340179;2.583;45.28;2018-09-28;689;2.583
2018-09-28;2020-09-14;1.9630390143737166;2.595;148.64;2018-09-28;717;2.595
2018-09-28;2020-11-09;2.116358658453114;2.61;390.41;2018-09-28;773;2.61
2018-09-28;2020-11-14;2.130047912388775;2.61;148.65;2018-09-28;778;2.61
2018-09-28;2022-05-16;3.6303901437371664;2.732;40.05;2018-09-28;1326;2.732
2018-09-28;2022-10-17;4.05201916495551;2.767;115.8;2018-09-28;1480;2.767
2018-09-28;2023-04-03;4.511978097193703;2.806;208.18;2018-09-28;1648;2.806
2018-09-28;2023-06-19;4.722792607802875;2.83;180.18;2018-09-28;1725;2.83
2018-09-28;2023-10-16;5.048596851471594;2.865516948688861;2741.5099999999998;2018-10-02;1844;2.865516948688861
2018-09-28;2024-06-17;5.71937029431896;2.91;79.96;2018-09-28;2089;2.91
2018-09-28;2026-01-02;7.263518138261465;3.078;38.07;2018-09-28;2653;3.078
2018-09-28;2026-06-15;7.712525667351129;3.08;44.96;2018-09-28;2817;3.08
2018-09-28;2027-06-14;8.709103353867214;3.215;131.05;2018-09-28;3181;3.215
2018-09-28;2028-06-19;9.724845995893224;3.272;39.9;2018-09-28;3552;3.272
2018-09-28;2029-04-16;10.548939082819986;3.35;53.78;2018-09-27;3853;3.35
2018-09-28;2031-07-18;12.802190280629706;3.551;131.41;2018-09-27;4676;3.551
2018-09-28;2033-07-18;14.803559206023271;3.62;50.16;2018-09-27;5407;3.62
2018-09-28;2036-02-04;17.352498288843258;3.7770000000000006;11.84;2018-09-28;6338;3.7770000000000006
2018-09-28;2046-02-19;27.394934976043807;4.337;34.09;2018-09-28;10006;4.337
2018-10-31;2018-11-12;0.03285420944558522;2.297;55.44;2018-10-25;12;2.355321354832296
2018-10-31;2018-11-19;0.05201916495550993;2.297;41.93;2018-10-25;19;2.354789718339112
2018-10-31;2019-01-14;0.2053388090349076;2.31;102.4;2018-10-25;75;2.3639749012037248
2018-10-31;2019-03-18;0.37782340862423;2.33;101.56;2018-10-26;138;2.3797482448353557
2018-10-31;2019-09-16;0.8761122518822724;2.417;35.1;2018-10-31;320;2.4542487777708955
2018-10-31;2019-11-07;1.0184804928131417;2.476;54.0;2018-10-31;372;2.476
2018-10-31;2019-12-16;1.1252566735112937;2.495;307.42;2018-10-31;411;2.495
2018-10-31;2020-05-18;1.5468856947296372;2.532;30.56;2018-10-31;565;2.532
2018-10-31;2020-11-09;2.026009582477755;2.603;652.12;2018-10-31;740;2.603
2018-10-31;2021-10-18;2.965092402464066;2.7;101.23;2018-10-31;1083;2.7
2018-10-31;2022-05-16;3.540041067761807;2.725;853.34;2018-10-31;1293;2.725
2018-10-31;2023-06-19;4.632443531827516;2.81;177.28;2018-10-31;1692;2.81
2018-10-31;2023-10-16;4.958247775496235;2.81;100.96;2018-10-31;1811;2.81
2018-10-31;2028-06-19;9.634496919917865;3.29;102.47;2018-10-31;3519;3.29
2018-10-31;2030-08-05;11.761806981519507;3.535;119.36;2018-10-31;4296;3.535
2018-10-31;2034-03-31;15.41409993155373;3.716;100.56;2018-10-31;5630;3.716
2018-10-31;2036-02-04;17.2621492128679;3.775;33.27;2018-10-19;6305;3.775
2018-10-31;2046-02-19;27.304585900068446;4.336;33.4;2018-10-19;9973;4.336
2018-11-30;2018-12-05;0.013689253935660506;2.307;317.22;2018-11-29;5;2.366228265638659
2018-11-30;2019-01-14;0.12320328542094455;2.307;114.56;2018-11-19;45;2.363166044230769
2018-11-30;2019-05-20;0.4681724845995893;2.356;51.02;2018-11-30;171;2.403893686289238
2018-11-30;2019-09-16;0.7939767282683093;2.413;92.05;2018-11-30;290;2.452634011145882
2018-11-30;2019-10-21;0.8898015058179329;2.426;177.52;2018-11-30;325;2.462988558129764
2018-11-30;2019-11-07;0.9363449691991786;2.429;45.04;2018-11-30;342;2.4646334642065115
2018-11-30;2019-12-16;1.0431211498973305;2.489;36.82;2018-11-30;381;2.489
2018-11-30;2020-01-20;1.1389459274469542;2.491;324.92;2018-11-30;416;2.491
2018-11-30;2020-03-03;1.2566735112936345;2.512;150.34;2018-11-30;459;2.512
2018-11-30;2020-04-20;1.3880903490759753;2.524;30.71;2018-11-30;507;2.524
2018-11-30;2020-05-18;1.4647501711156743;2.534;236.85;2018-11-30;535;2.534
2018-11-30;2020-06-06;1.516769336071184;2.54;82.19;2018-11-30;554;2.54
2018-11-30;2020-07-20;1.6372347707049966;2.551;32.33;2018-11-30;598;2.551
2018-11-30;2020-09-14;1.7905544147843941;2.57;88.75;2018-11-30;654;2.57
2018-11-30;2020-11-09;1.943874058863792;2.584;386.4;2018-11-30;710;2.584
2018-11-30;2020-11-14;1.9575633127994525;2.585;105.34;2018-11-30;715;2.585
2018-11-30;2021-02-15;2.212183436002738;2.615;50.11;2018-11-30;808;2.615
2018-11-30;2021-07-19;2.6338124572210813;2.654;21.71;2018-11-30;962;2.654
2018-11-30;2021-10-18;2.8829568788501025;2.682;32.68;2018-11-30;1053;2.682
2018-11-30;2022-04-18;3.381245722108145;2.74;536.2;2018-11-30;1235;2.74
2018-11-30;2023-06-19;4.550308008213553;2.828;175.9;2018-11-30;1662;2.828
2018-11-30;2023-10-16;4.876112251882272;2.83;98.17;2018-11-30;1781;2.83
2018-11-30;2026-01-02;7.091033538672143;3.072;38.28;2018-11-30;2590;3.072
2018-11-30;2026-06-05;7.512662559890486;3.116;24.93;2018-11-30;2744;3.116
2018-11-30;2028-06-19;9.552361396303901;3.2899999999999996;41.1;2018-11-30;3489;3.2899999999999996
2018-11-30;2030-08-05;11.679671457905544;3.52;52.89;2018-11-29;4266;3.52
2018-11-30;2033-07-18;14.63107460643395;3.714;412.1;2018-11-30;5344;3.714
2018-11-30;2036-02-04;17.180013689253936;3.765;106.75;2018-11-02;6275;3.765
2018-11-30;2046-02-19;27.222450376454482;4.336;33.4;2018-10-19;9943;4.336
2018-12-31;2019-01-14;0.038329911019849415;2.332;41.13;2018-12-31;14;2.391465065755982
2018-12-31;2019-03-18;0.2108145106091718;2.332;305.91;2018-12-28;77;2.3865446101460908
2018-12-31;2019-04-14;0.28473648186173856;2.352;20.79;2018-12-31;104;2.405067911036496
2018-12-31;2019-08-02;0.5859000684462696;2.421;68.28;2018-12-28;214;2.467070532096338
2018-12-31;2019-09-16;0.7091033538672142;2.403;51.35;2018-12-28;259;2.4449651433994246
2018-12-31;2019-10-18;0.7967145790554415;2.435;46.65;2018-12-28;291;2.4749680359854143
2018-12-31;2019-10-21;0.8049281314168378;2.43;66.21;2018-12-28;294;2.4696243944567264
2018-12-31;2019-12-16;0.9582477754962354;2.46;100.79;2018-12-28;350;2.495435285796943
2018-12-31;2020-08-17;1.6290212183436004;2.554;61.82;2018-12-31;595;2.554
2018-12-31;2020-09-14;1.7056810403832992;2.563;25.27;2018-12-31;623;2.563
2018-12-31;2021-04-19;2.299794661190965;2.634;42.5;2018-12-31;840;2.634
2018-12-31;2022-05-16;3.373032169746749;2.716;40.35;2018-12-31;1232;2.716
2018-12-31;2023-10-16;4.791238877481177;2.83;304.03;2018-12-31;1750;2.83
2018-12-31;2027-06-14;8.451745379876797;3.223;355.5;2018-12-31;3087;3.223
2018-12-31;2028-06-19;9.467488021902806;3.312;31.88;2018-12-31;3458;3.312
2018-12-31;2029-04-16;10.291581108829568;3.411;66.84;2018-12-28;3759;3.411
2018-12-31;2030-05-03;11.33744010951403;3.465;26.76;2018-12-28;4141;3.465
2018-12-31;2033-07-18;14.546201232032855;3.704;155.11;2018-12-27;5313;3.704
2018-12-31;2034-03-31;15.247091033538672;3.7599999999999993;53.87;2018-12-27;5569;3.7599999999999993
2018-12-31;2036-12-04;17.927446954141;3.762;32.95;2018-12-31;6548;3.762
2018-12-31;2046-02-19;27.137577002053387;4.326;195.25;2018-12-28;9912;4.326
2019-01-31;2019-03-18;0.12594113620807665;2.33332811327526;306.51;2019-01-30;46;2.3903370604299035
2019-01-31;2019-06-17;0.3750855578370979;2.37;25.17;2019-01-31;137;2.4209865417264664
2019-01-31;2019-09-16;0.6242299794661191;2.398;136.24;2019-01-31;228;2.442376968087956
2019-01-31;2019-12-16;0.8733744010951403;2.421;131.37;2019-01-31;319;2.45839868487856
2019-01-31;2020-05-18;1.2950034223134839;2.5;53.85;2019-01-31;473;2.5
2019-01-31;2020-07-20;1.4674880219028064;2.51;53.8;2019-01-31;536;2.51
2019-01-31;2020-09-14;1.620807665982204;2.523;155.08;2019-01-31;592;2.523
2019-01-31;2021-04-19;2.21492128678987;2.569;107.25;2019-01-31;809;2.569
2019-01-31;2021-07-19;2.4640657084188913;2.595;283.74;2019-01-31;900;2.595
2019-01-31;2023-04-03;4.16974674880219;2.768;173.45;2019-01-31;1523;2.768
2019-01-31;2023-10-16;4.706365503080082;2.81;853.94;2019-01-31;1719;2.81
2019-01-31;2028-06-19;9.382614647501711;3.318;222.31;2019-01-24;3427;3.318
2019-01-31;2029-06-18;10.379192334017796;3.286;3216.94;2019-02-04;3791;3.286
2019-01-31;2033-07-18;14.461327857631758;3.688;773.43;2019-01-18;5282;3.688
2019-01-31;2038-08-16;19.540041067761805;3.905;327.16;2019-02-04;7137;3.905
2019-01-31;2046-02-19;27.052703627652292;4.318;178.37;2019-01-24;9881;4.318
2019-02-28;2019-04-05;0.09856262833675565;2.338;61.35;2019-03-05;36;2.395958136829668
2019-02-28;2019-04-14;0.12320328542094455;2.324;366.27;2019-03-05;45;2.3807600657905326
2019-02-28;2019-05-20;0.22176591375770022;2.34;26.69;2019-02-28;81;2.3944946815202206
2019-02-28;2019-06-17;0.29842573579739906;2.327;40.69;2019-03-05;109;2.3789017945059943
2019-02-28;2019-08-02;0.4243668720054757;2.335;98.28;2019-02-28;155;2.3835728854939786
2019-02-28;2019-09-16;0.5475701574264202;2.337;214.41;2019-02-28;200;2.3821386892089125
2019-02-28;2019-10-18;0.6351813826146475;2.34;27.65;2019-02-28;232;2.38273325145264
2019-02-28;2019-10-21;0.6433949349760438;2.339;290.43;2019-02-28;235;2.381478707977025
2019-02-28;2019-12-16;0.7967145790554415;2.339;68.58;2019-02-28;291;2.3771605239735427
2019-02-28;2020-03-03;1.0102669404517455;2.351;1426.4;2019-03-05;369;2.351
2019-02-28;2020-04-20;1.1416837782340863;2.39;99.75;2019-02-28;417;2.39
2019-02-28;2020-05-18;1.218343600273785;2.395;99.49;2019-02-28;445;2.395
2019-02-28;2020-09-14;1.5441478439425051;2.42;125.51;2019-02-28;564;2.42
2019-02-28;2021-03-15;2.0424366872005475;2.454;50.32;2019-02-28;746;2.454
2019-02-28;2023-06-19;4.303901437371663;2.638;68.22;2019-02-28;1572;2.638
2019-02-28;2023-10-16;4.629705681040384;2.64;51.31;2019-02-28;1691;2.64
2019-02-28;2024-04-15;5.127994524298426;2.701;1749.55;2019-03-05;1873;2.701
2019-02-28;2026-06-15;7.293634496919918;2.892;156.41;2019-02-27;2664;2.892
2019-02-28;2028-06-19;9.305954825462011;3.07;105.31;2019-02-27;3399;3.07
2019-02-28;2029-04-16;10.130047912388775;3.141;290.37;2019-02-28;3700;3.141
2019-02-28;2029-08-06;10.43668720054757;3.142;37.0;2019-02-28;3812;3.142
2019-02-28;2033-07-18;14.38466803559206;3.515;145.62;2019-03-05;5254;3.515
2019-02-28;2038-08-16;19.463381245722108;3.7649999999999997;159.1;2019-02-28;7109;3.7649999999999997
2019-02-28;2046-02-19;26.976043805612594;4.265;399.18;2019-02-13;9853;4.265
2019-03-29;2019-05-20;0.14236824093086928;2.333;20.56;2019-03-26;52;2.3895285740090477
2019-03-29;2019-06-17;0.2190280629705681;2.323;737.45;2019-04-02;80;2.3770167186663915
2019-03-29;2019-08-02;0.34496919917864477;2.337;21.47;2019-03-28;126;2.3878844411551414
2019-03-29;2019-09-16;0.4681724845995893;2.338;22.29;2019-03-28;171;2.38541269285677
2019-03-29;2019-10-18;0.5557837097878165;2.354;46.85;2019-03-29;203;2.3993243196475333
2019-03-29;2020-01-20;0.813141683778234;2.347;495.25;2019-03-29;297;2.384845837213212
2019-03-29;2020-04-20;1.0622861054072552;2.395;20.67;2019-03-29;388;2.395
2019-03-29;2020-05-18;1.1389459274469542;2.405;263.54;2019-03-29;416;2.405
2019-03-29;2020-07-20;1.3114305270362765;2.406;598.94;2019-03-29;479;2.406
2019-03-29;2020-08-17;1.3880903490759753;2.41;20.43;2019-03-29;507;2.41
2019-03-29;2020-09-14;1.4647501711156743;2.414;101.91;2019-03-29;535;2.414
2019-03-29;2020-11-09;1.6180698151950719;2.427;101.66;2019-03-29;591;2.427
2019-03-29;2020-12-12;1.7084188911704312;2.423;98.85;2019-03-29;624;2.423
2019-03-29;2021-03-15;1.9630390143737166;2.445;368.23;2019-03-29;717;2.445
2019-03-29;2021-07-19;2.308008213552361;2.472;54.43;2019-03-29;843;2.472
2019-03-29;2021-10-18;2.5571526351813825;2.503;56.66;2019-03-29;934;2.503
2019-03-29;2022-04-18;3.055441478439425;2.549;21.75;2019-03-29;1116;2.549
2019-03-29;2022-05-16;3.132101300479124;2.553;30.6;2019-03-29;1144;2.553
2019-03-29;2022-10-17;3.5537303216974676;2.574;88.41;2019-03-29;1298;2.574
2019-03-29;2023-04-03;4.01368925393566;2.597;703.26;2019-03-29;1466;2.597
2019-03-29;2023-06-19;4.224503764544832;2.607;25.9;2019-03-29;1543;2.607
2019-03-29;2023-10-16;4.550308008213553;2.623;137.59;2019-03-29;1662;2.623
2019-03-29;2024-04-15;5.048596851471594;2.681;105.2;2019-03-29;1844;2.681
2019-03-29;2024-06-17;5.221081451060917;2.689;41.13;2019-03-29;1907;2.689
2019-03-29;2026-06-15;7.214236824093087;2.92;32.47;2019-03-29;2635;2.92
2019-03-29;2027-06-14;8.210814510609172;3.009;294.74;2019-03-29;2999;3.009
2019-03-29;2028-06-19;9.22655715263518;3.0390000000000006;359.8;2019-03-29;3370;3.0390000000000006
2019-03-29;2029-04-16;10.050650239561945;3.113;22.77;2019-03-29;3671;3.113
2019-03-29;2029-06-18;10.223134839151266;3.138;374.57;2019-03-29;3734;3.138
2019-03-29;2030-08-05;11.353867214236825;3.228;139.13;2019-03-29;4147;3.228
2019-03-29;2033-07-18;14.30527036276523;3.511;134.2;2019-03-29;5225;3.511
2019-03-29;2036-02-04;16.854209445585216;3.614;30.81;2019-03-29;6156;3.614
2019-03-29;2038-08-16;19.38398357289528;3.761;23.52;2019-03-29;7080;3.761
2019-03-29;2046-02-19;26.89664613278576;4.232;33.86;2019-03-29;9824;4.232
2019-04-30;2019-05-20;0.05475701574264202;2.3;61.83;2019-04-30;20;2.3578231623215373
2019-04-30;2019-06-17;0.13141683778234087;2.323;254.75;2019-04-02;48;2.379492585855836
2019-04-30;2019-09-16;0.3805612594113621;2.322;1197.15;2019-04-30;139;2.3714410200968095
2019-04-30;2019-10-21;0.47638603696098564;2.355;322.57;2019-04-30;174;2.4026305591117403
2019-04-30;2019-12-16;0.6297056810403833;2.337;72.21;2019-04-30;230;2.3798197717421754
2019-04-30;2020-04-20;0.974674880219028;2.333;508.68;2019-04-30;356;2.366087475747314
2019-04-30;2020-05-18;1.051334702258727;2.352;125.1;2019-04-30;384;2.352
2019-04-30;2020-07-20;1.2238193018480492;2.378;247.84;2019-04-30;447;2.378
2019-04-30;2020-09-14;1.377138945927447;2.379;46.79;2019-04-30;503;2.379
2019-04-30;2021-01-30;1.754962354551677;2.397;96.57;2019-04-30;641;2.397
2019-04-30;2021-03-15;1.8754277891854894;2.4470000000000005;211.33;2019-04-30;685;2.4470000000000005
2019-04-30;2021-04-19;1.9712525667351128;2.405;68.69;2019-04-30;720;2.405
2019-04-30;2021-07-19;2.220396988364134;2.415;25.59;2019-04-30;811;2.415
2019-04-30;2022-05-16;3.0444900752908968;2.477;266.38;2019-04-30;1112;2.477
2019-04-30;2022-10-17;3.46611909650924;2.498;164.99;2019-04-30;1266;2.498
2019-04-30;2023-06-19;4.136892539356605;2.5420000000000003;25.39;2019-04-30;1511;2.5420000000000003
2019-04-30;2023-10-16;4.462696783025325;2.566;144.73;2019-04-30;1630;2.566
2019-04-30;2024-04-15;4.960985626283367;2.596;724.84;2019-04-30;1812;2.596
2019-04-30;2027-06-14;8.123203285420944;2.96;209.02;2019-04-30;2967;2.96
2019-04-30;2029-06-18;10.13552361396304;3.047;1464.02;2019-04-30;3702;3.047
2019-04-30;2034-07-17;15.214236824093087;3.454;688.3;2019-04-30;5557;3.454
2019-04-30;2038-08-16;19.29637234770705;3.714;537.51;2019-05-06;7048;3.714
2019-04-30;2046-02-19;26.809034907597535;4.232;33.89;2019-04-05;9792;4.232
2019-05-31;2019-08-02;0.17248459958932238;2.323;52.21;2019-05-14;63;2.3783311700777743
2019-05-31;2019-11-07;0.4380561259411362;2.282;20.58;2019-05-31;160;2.3287416205820533
2019-05-31;2019-12-16;0.5448323066392882;2.285;33.64;2019-05-31;199;2.3289326371466856
2019-05-31;2020-09-14;1.2922655715263518;2.35;40.96;2019-05-31;472;2.35
2019-05-31;2020-11-09;1.4455852156057496;2.352;106.38;2019-05-31;528;2.352
2019-05-31;2021-02-15;1.7138945927446954;2.359;42.51;2019-05-31;626;2.359
2019-05-31;2021-03-15;1.7905544147843941;2.362;42.29;2019-05-31;654;2.362
2019-05-31;2021-10-18;2.3846680355920604;2.373;51.78;2019-05-31;871;2.373
2019-05-31;2023-10-16;4.37782340862423;2.508;414.81;2019-05-30;1599;2.508
2019-05-31;2024-10-14;5.374401095140315;2.594;257.5;2019-06-04;1963;2.594
2019-05-31;2027-06-14;8.038329911019849;2.855;269.06;2019-05-30;2936;2.855
2019-05-31;2029-06-18;10.050650239561945;2.977;510.78;2019-06-04;3671;2.977
2019-05-31;2033-07-18;14.132785763175907;3.309;508.43;2019-05-30;5162;3.309
2019-05-31;2034-07-17;15.129363449691992;3.392;1992.83;2019-06-04;5526;3.392
2019-05-31;2036-02-04;16.681724845995895;3.46;107.93;2019-05-30;6093;3.46
2019-05-31;2036-12-04;17.51403148528405;3.4950000000000006;46.07;2019-05-30;6397;3.4950000000000006
2019-05-31;2038-08-16;19.211498973305954;3.567;219.63;2019-05-30;7017;3.567
2019-05-31;2046-02-19;26.72416153319644;4.13;56.42;2019-05-30;9761;4.13
2019-06-28;2019-08-02;0.09582477754962354;2.3148875526903048;80.66;2019-06-27;35;2.3720987345650535
2019-06-28;2019-10-18;0.3066392881587953;2.319;20.95;2019-06-28;112;2.3704256777443256
2019-06-28;2019-12-16;0.4681724845995893;2.311;56.97;2019-06-28;171;2.357694526854859
2019-06-28;2020-03-03;0.6817248459958932;2.32;174.89;2019-06-28;249;2.3609893402132265
2019-06-28;2020-05-18;0.8898015058179329;2.326;30.13;2019-06-28;325;2.361334487065414
2019-06-28;2020-06-06;0.9418206707734429;2.323;45.84;2019-06-28;344;2.3568487093365453
2019-06-28;2020-07-20;1.0622861054072552;2.374;32.86;2019-06-28;388;2.374
2019-06-28;2020-08-17;1.1389459274469542;2.37;20.56;2019-06-28;416;2.37
2019-06-28;2021-01-02;1.516769336071184;2.388;21.37;2019-06-28;554;2.388
2019-06-28;2021-03-15;1.7138945927446954;2.39;30.47;2019-06-28;626;2.39
2019-06-28;2021-07-19;2.0588637919233403;2.411;115.82;2019-06-28;752;2.411
2019-06-28;2021-10-18;2.308008213552361;2.399;96.13;2019-06-28;843;2.399
2019-06-28;2022-05-16;2.8829568788501025;2.452;47.2;2019-06-28;1053;2.452
2019-06-28;2023-04-03;3.7645448323066395;2.503;56.45;2019-06-28;1375;2.503
2019-06-28;2023-10-16;4.301163586584531;2.471;371.23;2019-06-28;1571;2.471
2019-06-28;2024-04-05;4.772073921971253;2.579;23.4;2019-06-28;1743;2.579
2019-06-28;2024-04-15;4.799452429842574;2.582;312.71;2019-06-28;1753;2.582
2019-06-28;2025-06-02;5.930184804928132;2.659;35.16;2019-06-28;2166;2.659
2019-06-28;2026-01-02;6.5160848733744015;2.754;37.72;2019-06-28;2380;2.754
2019-06-28;2029-04-16;9.801505817932922;2.939;192.64;2019-06-28;3580;2.939
2019-06-28;2029-06-18;9.973990417522245;2.961;52.61;2019-06-28;3643;2.961
2019-06-28;2030-08-05;11.104722792607802;3.026;176.64;2019-06-28;4056;3.026
2019-06-28;2031-07-18;12.054757015742641;3.131;55.9;2019-06-28;4403;3.131
2019-06-28;2033-07-18;14.056125941136209;3.292;58.02;2019-06-28;5134;3.292
2019-06-28;2034-07-17;15.052703627652292;3.384;130.4;2019-06-28;5498;3.384
2019-06-28;2036-12-04;17.437371663244353;3.442;36.96;2019-06-28;6369;3.442
2019-06-28;2038-08-16;19.134839151266256;3.5;21.22;2019-06-28;6989;3.5
2019-06-28;2046-02-19;26.647501711156742;4.094;569.31;2019-07-01;9733;4.094
2019-07-31;2019-09-16;0.12867898699520877;2.32;26.56;2019-07-31;47;2.3764654786770256
2019-07-31;2019-10-18;0.216290212183436;2.32;52.46;2019-07-24;79;2.373995846241428
2019-07-31;2019-10-21;0.2245037645448323;2.315;206.62;2019-07-24;82;2.368602268535036
2019-07-31;2019-12-16;0.37782340862423;2.288;103.14;2019-07-31;138;2.3365431505045553
2019-07-31;2020-01-20;0.4736481861738535;2.321;20.34;2019-07-31;173;2.3678070063395396
2019-07-31;2020-03-03;0.5913757700205339;2.318;77.0;2019-07-31;216;2.3614521233358055
2019-07-31;2020-04-20;0.7227926078028748;2.32;20.25;2019-07-31;264;2.3598507770806743
2019-07-31;2020-05-18;0.7994524298425736;2.326;172.72;2019-07-31;292;2.363841143020129
2019-07-31;2020-06-06;0.8514715947980835;2.325;52.13;2019-07-31;311;2.36137965817258
2019-07-31;2020-08-17;1.0485968514715949;2.364;36.06;2019-07-31;383;2.364
2019-07-31;2020-12-12;1.3689253935660506;2.378;128.67;2019-07-31;500;2.378
2019-07-31;2021-03-15;1.623545516769336;2.382;42.75;2019-07-31;593;2.382
2019-07-31;2021-09-20;2.1409993155373033;2.368;250.38;2019-08-05;782;2.368
2019-07-31;2024-04-15;4.7091033538672145;2.548;73.23;2019-07-31;1720;2.548
2019-07-31;2024-10-14;5.207392197125257;2.578;321.89;2019-07-31;1902;2.578
2019-07-31;2028-06-19;8.8870636550308;2.8910000000000005;51.77;2019-07-31;3246;2.8910000000000005
2019-07-31;2029-06-18;9.883641341546886;2.9551153029230304;296.61;2019-08-05;3610;2.9551153029230304
2019-07-31;2030-08-05;11.014373716632443;3.05;192.19;2019-07-31;4023;3.05
2019-07-31;2034-07-17;14.962354551676933;3.376;116.97;2019-07-31;5465;3.376
2019-07-31;2038-08-16;19.044490075290895;3.57;552.41;2019-08-05;6956;3.57
2019-07-31;2046-02-19;26.55715263518138;4.09;38.52;2019-07-31;9700;4.09
2019-08-30;2019-09-16;0.04654346338124572;2.202;38.07;2019-08-29;17;2.256505849515422
2019-08-30;2019-11-07;0.188911704312115;2.211;78.31;2019-08-30;69;2.2621796378266223
2019-08-30;2019-12-16;0.29568788501026694;2.209;41.53;2019-08-30;108;2.2573940724345043
2019-08-30;2020-07-20;0.8898015058179329;2.319;864.76;2019-09-03;325;2.354219116263101
2019-08-30;2021-02-15;1.4647501711156743;2.375;171.73;2019-08-30;535;2.375
2019-08-30;2021-03-15;1.541409993155373;2.378;69.96;2019-08-30;563;2.378
2019-08-30;2021-04-19;1.6372347707049966;2.382;26.08;2019-08-30;598;2.382
2019-08-30;2021-10-18;2.135523613963039;2.382;46.87;2019-08-30;780;2.382
2019-08-30;2022-05-16;2.7104722792607805;2.401;40.39;2019-08-30;990;2.401
2019-08-30;2022-10-17;3.132101300479124;2.416;57.37;2019-08-30;1144;2.416
2019-08-30;2023-10-16;4.128678986995209;2.452;25.65;2019-08-30;1508;2.452
2019-08-30;2024-04-15;4.6269678302532515;2.522;51.59;2019-08-30;1690;2.522
2019-08-30;2024-10-14;5.125256673511293;2.591;20.75;2019-08-30;1872;2.591
2019-08-30;2027-06-14;7.789185489390828;2.795;73.77;2019-08-30;2845;2.795
2019-08-30;2028-06-19;8.804928131416839;2.876;208.32;2019-08-30;3216;2.876
2019-08-30;2029-04-16;9.6290212183436;2.937;86.88;2019-08-30;3517;2.937
2019-08-30;2029-06-18;9.801505817932922;2.951;242.1;2019-08-30;3580;2.951
2019-08-30;2031-07-18;11.88227241615332;3.136;56.66;2019-08-30;4340;3.136
2019-08-30;2033-07-18;13.883641341546886;3.2979999999999996;169.02;2019-08-30;5071;3.2979999999999996
2019-08-30;2034-07-17;14.880219028062971;3.378;60.17;2019-08-30;5435;3.378
2019-08-30;2038-08-16;18.962354551676935;3.5079999999999996;84.95;2019-08-29;6926;3.5079999999999996
2019-08-30;2046-02-19;26.47501711156742;4.01;34.77;2019-08-15;9670;4.01
2019-09-30;2019-10-18;0.049281314168377825;2.255;63.23;2019-09-30;18;2.3113383356810013
2019-09-30;2019-11-07;0.10403832991101986;2.255;95.72;2019-09-30;38;2.3098765391961207
2019-09-30;2019-12-16;0.2108145106091718;2.255;61.64;2019-09-30;77;2.3070330915905934
2019-09-30;2020-01-20;0.3066392881587953;2.263;204.2;2019-09-30;112;2.3127296373351314
2019-09-30;2020-03-03;0.4243668720054757;2.268;37.11;2019-09-30;155;2.3147287338448175
2019-09-30;2020-05-18;0.6324435318275154;2.281;38.38;2019-09-30;231;2.3224783245225034
2019-09-30;2020-07-20;0.8049281314168378;2.314;189.22;2019-09-30;294;2.351467083075409
2019-09-30;2020-08-17;0.8815879534565366;2.306;194.83;2019-09-30;322;2.341228697506903
2019-09-30;2020-09-14;0.9582477754962354;2.317;496.8;2019-09-30;350;2.350306463408147
2019-09-30;2020-12-07;1.1882272416153319;2.358;70.19;2019-09-30;434;2.358
2019-09-30;2021-04-19;1.5523613963039014;2.347;54.9;2019-09-30;567;2.347
2019-09-30;2021-09-20;1.9739904175222451;2.37;100.51;2019-09-30;721;2.37
2019-09-30;2022-04-18;2.5489390828199863;2.409;29.75;2019-09-30;931;2.409
2019-09-30;2022-10-17;3.047227926078029;2.44;206.65;2019-09-30;1113;2.44
2019-09-30;2023-06-19;3.7180013689253935;2.48;192.96;2019-09-30;1358;2.48
2019-09-30;2024-04-15;4.542094455852156;2.515;142.62;2019-09-30;1659;2.515
2019-09-30;2024-10-14;5.040383299110198;2.553;20.23;2019-09-30;1841;2.553
2019-09-30;2029-06-18;9.716632443531827;2.8989999999999996;52.96;2019-09-30;3549;2.8989999999999996
2019-09-30;2030-08-05;10.847364818617386;3.022;33.62;2019-09-27;3962;3.022
2019-09-30;2031-07-18;11.797399041752225;3.12;44.82;2019-09-27;4309;3.12
2019-09-30;2034-07-17;14.795345653661876;3.2950000000000004;185.23;2019-09-30;5404;3.2950000000000004
2019-09-30;2036-12-04;17.180013689253936;3.4400000000000004;58.61;2019-09-26;6275;3.4400000000000004
2019-09-30;2046-02-19;26.390143737166323;3.9499999999999997;286.99;2019-09-30;9639;3.9499999999999997
2019-10-31;2019-11-07;0.019164955509924708;2.31;102.35;2019-10-30;7;2.369187189055766
2019-10-31;2020-01-20;0.22176591375770022;2.28;231.08;2019-10-31;81;2.3325455226848257
2019-10-31;2020-04-20;0.47091033538672145;2.3;342.46;2019-10-31;172;2.3463279440151696
2019-10-31;2020-05-18;0.5475701574264202;2.26;25.32;2019-10-30;200;2.303247713891965
2019-10-31;2020-08-17;0.7967145790554415;2.297;20.13;2019-10-30;291;2.334375692797841
2019-10-31;2020-09-14;0.8733744010951403;2.325;111.57;2019-10-30;319;2.3607728424508645
2019-10-31;2020-12-07;1.103353867214237;2.351;50.24;2019-10-31;403;2.351
2019-10-31;2021-03-15;1.3716632443531827;2.354;119.74;2019-10-31;501;2.354
2019-10-31;2021-09-20;1.88911704312115;2.357;72.02;2019-10-31;690;2.357
2019-10-31;2021-10-18;1.9657768651608487;2.349;30.46;2019-10-31;718;2.349
2019-10-31;2022-05-16;2.54072553045859;2.374;114.53;2019-10-31;928;2.374
2019-10-31;2023-06-19;3.6331279945242985;2.43;153.72;2019-10-31;1327;2.43
2019-10-31;2024-04-15;4.457221081451061;2.45;76.37;2019-10-30;1628;2.45
2019-10-31;2025-06-02;5.587953456536619;2.529;48.5;2019-10-30;2041;2.529
2019-10-31;2027-06-14;7.619438740588638;2.624;25.65;2019-10-31;2783;2.624
2019-10-31;2028-06-19;8.635181382614647;2.672;20.24;2019-10-31;3154;2.672
2019-10-31;2029-06-18;9.631759069130732;2.721;60.2;2019-10-31;3518;2.721
2019-10-31;2030-08-05;10.76249144421629;3.016;115.53;2019-10-25;3931;3.016
2019-10-31;2033-07-18;13.713894592744696;3.05;54.12;2019-10-30;5009;3.05
2019-10-31;2038-08-16;18.792607802874745;3.35;49.96;2019-10-31;6864;3.35
2019-10-31;2046-02-19;26.305270362765228;3.918;17.77;2019-10-28;9608;3.918
2019-11-29;2019-12-09;0.02737850787132101;2.254;50.24;2019-11-28;10;2.3108870685455196
2019-11-29;2020-01-20;0.14236824093086928;2.300451234608118;153.49;2019-11-28;52;2.355857410866924
2019-11-29;2020-03-03;0.2600958247775496;2.29;22.66;2019-11-29;95;2.341818139648444
2019-11-29;2020-08-17;0.7173169062286106;2.307;37.3;2019-11-29;262;2.346735142988332
2019-11-29;2020-12-07;1.0239561943874058;2.3629999999999995;119.37;2019-11-29;374;2.3629999999999995
2019-11-29;2021-03-15;1.2922655715263518;2.365;30.78;2019-11-29;472;2.365
2019-11-29;2021-07-19;1.6372347707049966;2.36;102.39;2019-11-29;598;2.36
2019-11-29;2021-10-18;1.8863791923340179;2.375;20.33;2019-11-29;689;2.375
2019-11-29;2021-11-12;1.9548254620123204;2.364;100.08;2019-11-29;714;2.364
2019-11-29;2022-02-05;2.187542778918549;2.384;22.18;2019-11-29;799;2.384
2019-11-29;2022-05-16;2.461327857631759;2.393;20.32;2019-11-29;899;2.393
2019-11-29;2023-04-03;3.3429158110882957;2.402;74.23;2019-11-29;1221;2.402
2019-11-29;2023-06-19;3.5537303216974676;2.404;22.61;2019-11-29;1298;2.404
2019-11-29;2023-10-16;3.8795345653661877;2.406;476.83;2019-11-29;1417;2.406
2019-11-29;2024-04-15;4.37782340862423;2.415;162.01;2019-11-29;1599;2.415
2019-11-29;2024-06-17;4.550308008213553;2.439;172.89;2019-11-29;1662;2.439
2019-11-29;2024-10-14;4.876112251882272;2.443;304.14;2019-11-29;1781;2.443
2019-11-29;2027-06-14;7.540041067761807;2.63;50.13;2019-11-29;2754;2.63
2019-11-29;2029-06-18;9.552361396303901;2.7499999999999996;218.91;2019-11-29;3489;2.7499999999999996
2019-11-29;2029-08-06;9.686516084873375;2.758;154.14;2019-11-29;3538;2.758
2019-11-29;2031-07-18;11.633127994524298;2.856;56.34;2019-11-29;4249;2.856
2019-11-29;2033-07-18;13.634496919917865;2.965;27.37;2019-11-29;4980;2.965
2019-11-29;2034-07-17;14.63107460643395;3.02;389.11;2019-11-29;5344;3.02
2019-11-29;2036-02-04;16.18343600273785;3.12;43.67;2019-11-29;5911;3.12
2019-11-29;2038-08-16;18.713210130047912;3.28;220.76;2019-11-29;6835;3.28
2019-11-29;2045-02-06;25.190965092402465;3.737;86.95;2019-11-29;9201;3.737
2019-11-29;2046-02-19;26.2258726899384;3.8050000000000006;82.21;2019-11-29;9579;3.8050000000000006
2019-12-31;2020-01-20;0.05475701574264202;2.192;217.3;2019-12-31;20;2.245942214469876
2019-12-31;2020-03-03;0.17248459958932238;2.23;159.17;2019-12-31;63;2.2822251266517712
2019-12-31;2020-04-20;0.30390143737166325;2.306;137.49;2019-12-31;111;2.357105867374676
2019-12-31;2020-05-18;0.3805612594113621;2.251;338.65;2019-12-31;139;2.298418758400067
2019-12-31;2020-06-06;0.432580424366872;2.302;43.26;2019-12-31;158;2.3494351389164336
2019-12-31;2020-07-20;0.5530458590006845;2.232;208.74;2019-12-31;202;2.2744257566797543
2019-12-31;2020-08-17;0.6297056810403833;2.248;80.54;2019-12-31;230;2.288810242810535
2019-12-31;2020-09-05;0.6817248459958932;2.313;115.04;2019-12-31;249;2.3538393672018376
2019-12-31;2020-09-14;0.7063655030800822;2.307;133.6;2019-12-31;258;2.3470352751196133
2019-12-31;2020-10-17;0.7967145790554415;2.33;21.92;2019-12-31;291;2.3679920406368904
2019-12-31;2020-11-14;0.8733744010951403;2.307;41.28;2019-12-31;319;2.342469302955563
2019-12-31;2020-12-07;0.9363449691991786;2.31;40.35;2019-12-31;342;2.343799927080492
2019-12-31;2020-12-12;0.9500342231348392;2.283;83.87;2019-12-31;347;2.316020362342175
2019-12-31;2021-04-19;1.3004791238877482;2.342;92.35;2019-12-31;475;2.342
2019-12-31;2021-07-19;1.5496235455167693;2.361;103.83;2019-12-31;566;2.361
2019-12-31;2021-09-20;1.7221081451060918;2.3;30.37;2019-12-31;629;2.3
2019-12-31;2021-10-18;1.7987679671457906;2.36;81.53;2019-12-31;657;2.36
2019-12-31;2022-05-16;2.3737166324435317;2.375;61.11;2019-12-31;867;2.375
2019-12-31;2022-10-17;2.7953456536618755;2.3740000000000006;112.98;2019-12-31;1021;2.3740000000000006
2019-12-31;2023-04-03;3.2553045859000687;2.378;27.19;2019-12-31;1189;2.378
2019-12-31;2023-06-19;3.46611909650924;2.387;173.3;2019-12-31;1266;2.387
2019-12-31;2023-10-16;3.79192334017796;2.38;72.58;2019-12-31;1385;2.38
2019-12-31;2024-04-15;4.290212183436003;2.384;130.44;2019-12-31;1567;2.384
2019-12-31;2024-06-17;4.462696783025325;2.386;57.87;2019-12-31;1630;2.386
2019-12-31;2025-02-28;5.163586584531143;2.402;21.52;2019-12-31;1886;2.402
2019-12-31;2025-10-03;5.757700205338809;2.424;40.38;2019-12-31;2103;2.424
2019-12-31;2028-06-19;8.46817248459959;2.579;80.38;2019-12-31;3093;2.579
2019-12-31;2029-06-18;9.464750171115675;2.687;81.35;2019-12-31;3457;2.687
2019-12-31;2030-06-17;10.461327857631758;2.685;1001.16;2020-01-06;3821;2.685
2019-12-31;2034-07-17;14.543463381245722;2.955;49.84;2019-12-31;5312;2.955
2019-12-31;2036-02-04;16.095824777549623;3.067;64.22;2019-12-31;5879;3.067
2019-12-31;2040-04-16;20.292950034223136;3.313;1507.71;2020-01-06;7412;3.313
2019-12-31;2050-02-14;30.12457221081451;3.9270000000000005;1518.9;2020-01-06;11003;3.9270000000000005
2020-01-31;2020-03-03;0.08761122518822724;2.321;26.7;2020-01-31;32;2.378661335814214
2020-01-31;2020-04-20;0.2190280629705681;2.321;204.83;2020-01-30;80;2.37495141816233
2020-01-31;2020-05-18;0.29568788501026694;2.301;413.58;2020-01-31;108;2.3521804683634517
2020-01-31;2020-07-20;0.4681724845995893;2.323;71.38;2020-01-31;171;2.37001321928183
2020-01-31;2020-08-17;0.5448323066392882;2.326;246.93;2020-01-31;199;2.370943538202952
2020-01-31;2020-09-14;0.621492128678987;2.33;60.61;2020-01-31;227;2.3728908681526883
2020-01-31;2021-07-19;1.4647501711156743;2.381;20.76;2020-01-31;535;2.381
2020-01-31;2021-10-18;1.7138945927446954;2.377;193.96;2020-01-31;626;2.377
2020-01-31;2021-11-12;1.782340862422998;2.382;100.45;2020-01-31;651;2.382
2020-01-31;2022-10-17;2.7104722792607805;2.401;101.55;2020-01-31;990;2.401
2020-01-31;2023-04-03;3.1704312114989732;2.417;25.87;2020-01-31;1158;2.417
2020-01-31;2023-10-16;3.707049965776865;2.446;139.61;2020-01-31;1354;2.446
2020-01-31;2024-04-15;4.205338809034908;2.459;171.92;2020-01-31;1536;2.459
2020-01-31;2024-10-14;4.70362765229295;2.472;98.37;2020-01-31;1718;2.472
2020-01-31;2025-06-02;5.336071184120465;2.483;65.33;2020-01-31;1949;2.483
2020-01-31;2025-10-03;5.672826830937714;2.455;28.62;2020-01-31;2072;2.455
2020-01-31;2026-01-02;5.921971252566735;2.501;35.77;2020-01-31;2163;2.501
2020-01-31;2026-06-15;6.3709787816564;2.515;32.92;2020-01-31;2327;2.515
2020-01-31;2027-06-14;7.367556468172484;2.546;21.27;2020-01-31;2691;2.546
2020-01-31;2028-06-19;8.383299110198495;2.578;100.21;2020-01-31;3062;2.578
2020-01-31;2029-04-16;9.207392197125257;2.604;59.83;2020-01-31;3363;2.604
2020-01-31;2029-06-18;9.379876796714578;2.61;348.78;2020-01-31;3426;2.61
2020-01-31;2029-08-06;9.514031485284052;2.616;54.28;2020-01-31;3475;2.616
2020-01-31;2030-08-05;10.510609171800137;2.668;467.55;2020-01-31;3839;2.668
2020-01-31;2031-07-18;11.460643394934976;2.721;24.15;2020-01-31;4186;2.721
2020-01-31;2033-07-18;13.462012320328542;2.842;39.01;2020-01-31;4917;2.842
2020-01-31;2034-03-31;14.16290212183436;2.884;20.85;2020-01-31;5173;2.884
2020-01-31;2034-07-17;14.458590006844627;2.902;141.78;2020-01-31;5281;2.902
2020-01-31;2035-07-16;15.455167693360712;2.971;50.81;2020-01-31;5645;2.971
2020-01-31;2038-08-16;18.54072553045859;3.114;119.67;2020-01-30;6772;3.114
2020-01-31;2040-04-16;20.20807665982204;3.179;140.57;2020-02-04;7381;3.179
2020-01-31;2046-02-19;26.053388090349078;3.613;25.05;2020-01-30;9516;3.613
2020-01-31;2050-02-14;30.039698836413415;3.8139999999999996;2340.68;2020-02-04;10972;3.8139999999999996
2020-02-28;2020-04-20;0.14236824093086928;2.295;51.3;2020-02-27;52;2.350219126619413
2020-02-28;2020-05-18;0.2190280629705681;2.307;364.66;2020-02-28;80;2.360495225524395
2020-02-28;2020-05-25;0.23819301848049282;2.28;23.4;2020-02-28;87;2.3320992312619193
2020-02-28;2020-06-06;0.27104722792607805;2.321;35.99;2020-02-28;99;2.3734871523860113
2020-02-28;2020-08-17;0.4681724845995893;2.325;20.28;2020-02-28;171;2.3720664112914402
2020-02-28;2020-09-05;0.5201916495550992;2.325;52.01;2020-02-28;190;2.3706085326387294
2020-02-28;2020-09-14;0.5448323066392882;2.32;25.3;2020-02-28;199;2.364795111603746
2020-02-28;2020-12-07;0.7748117727583846;2.334;120.96;2020-02-28;283;2.372679884670159
2020-02-28;2021-04-19;1.1389459274469542;2.381;31.66;2020-02-28;416;2.381
2020-02-28;2021-09-20;1.5605749486652978;2.372;304.44;2020-02-28;570;2.372
2020-02-28;2021-10-18;1.6372347707049966;2.41;30.66;2020-02-28;598;2.41
2020-02-28;2022-05-16;2.212183436002738;2.394;275.91;2020-02-28;808;2.394
2020-02-28;2022-10-17;2.6338124572210813;2.404;230.42;2020-02-28;962;2.404
2020-02-28;2023-04-03;3.0937713894592744;2.424;570.01;2020-02-28;1130;2.424
2020-02-28;2023-06-19;3.3045859000684463;2.431;354.27;2020-02-28;1207;2.431
2020-02-28;2024-10-14;4.6269678302532515;2.5;51.21;2020-02-28;1690;2.5
2020-02-28;2025-06-02;5.259411362080766;2.511;113.29;2020-02-28;1921;2.511
2020-02-28;2026-06-15;6.294318959616701;2.496;32.47;2020-02-28;2299;2.496
2020-02-28;2027-06-14;7.2908966461327855;2.567;122.38;2020-02-28;2663;2.567
2020-02-28;2030-08-05;10.433949349760438;2.72;113.67;2020-02-19;3811;2.72
2020-02-28;2034-07-17;14.381930184804927;2.921;32.92;2020-02-28;5253;2.921
2020-02-28;2035-02-19;14.976043805612594;2.938;106.09;2020-02-28;5470;2.938
2020-02-28;2038-08-16;18.46406570841889;3.095;25.95;2020-02-11;6744;3.095
2020-02-28;2050-02-14;29.963039014373717;3.759;125.83;2020-02-28;10944;3.759
2020-03-31;2020-05-18;0.13141683778234087;2.4;20.44;2020-03-27;48;2.459199824949465
2020-03-31;2020-06-06;0.1834360027378508;2.4;57.43;2020-03-27;67;2.4576288624011067
2020-03-31;2020-08-17;0.3805612594113621;2.42;26.71;2020-03-30;139;2.4722853156200264
2020-03-31;2020-09-05;0.432580424366872;2.4;30.74;2020-03-30;158;2.4501415826823525
2020-03-31;2020-09-14;0.45722108145106094;2.4;192.59;2020-03-30;167;2.4494043719123004
2020-03-31;2021-03-15;0.9555099247091033;2.345;20.06;2020-03-31;349;2.378799562149392
2020-03-31;2021-04-19;1.051334702258727;2.457;31.7;2020-03-31;384;2.457
2020-03-31;2021-05-17;1.1279945242984257;2.427;30.07;2020-03-31;412;2.427
2020-03-31;2021-09-20;1.4729637234770705;2.455;30.47;2020-03-31;538;2.455
2020-03-31;2023-10-16;3.542778918548939;2.48;25.59;2020-03-31;1294;2.48
2020-03-31;2024-04-15;4.041067761806982;2.507;31.32;2020-03-31;1476;2.507
2020-03-31;2025-02-28;4.914442162902122;2.518;20.02;2020-03-31;1795;2.518
2020-03-31;2027-06-14;7.2032854209445585;2.623;21.26;2020-03-31;2631;2.623
2020-03-31;2030-08-05;10.346338124572211;2.737;44.4;2020-03-31;3779;2.737
2020-03-31;2034-07-17;14.294318959616701;2.903;40.9;2020-03-31;5221;2.903
2020-03-31;2038-08-16;18.376454483230663;3.064;56.21;2020-03-27;6712;3.064
2020-03-31;2046-02-19;25.88911704312115;3.525;12.03;2020-03-27;9456;3.525
2020-03-31;2050-02-14;29.87542778918549;3.771;204.4;2020-03-27;10912;3.771
2020-04-30;2020-06-06;0.10130047912388775;2.1;190.61;2020-04-21;37;2.149651377198736
2020-04-30;2020-07-20;0.22176591375770022;2.14;184.75;2020-05-05;81;2.1881108920669856
2020-04-30;2020-10-17;0.4654346338124572;2.14;104.29;2020-04-29;170;2.1823037866832706
2020-04-30;2020-11-02;0.5092402464065708;2.164;500.0;2020-05-04;186;2.2058578017267294
2020-04-30;2020-11-09;0.5284052019164955;2.188;30.39;2020-04-28;193;2.229979243941105
2020-04-30;2021-07-19;1.218343600273785;2.286;386.63;2020-05-05;445;2.286
2020-04-30;2023-04-03;2.924024640657084;2.423;106.72;2020-04-30;1068;2.423
2020-04-30;2023-06-19;3.134839151266256;2.399;65.81;2020-04-30;1145;2.399
2020-04-30;2023-10-16;3.460643394934976;2.482;25.64;2020-04-30;1264;2.482
2020-04-30;2024-04-15;3.9589322381930185;2.487;65.85;2020-04-30;1446;2.487
2020-04-30;2025-10-03;5.426420260095825;2.502;28.72;2020-04-30;1982;2.502
2020-04-30;2029-06-18;9.13347022587269;2.649;46.09;2020-04-30;3336;2.649
2020-04-30;2030-08-05;10.264202600958248;2.814;44.22;2020-04-30;3749;2.814
2020-04-30;2033-07-18;13.215605749486652;2.872;27.96;2020-04-24;4827;2.872
2020-04-30;2034-07-17;14.212183436002737;2.9100000000000006;44.7;2020-04-24;5191;2.9100000000000006
2020-04-30;2038-08-16;18.2943189596167;3.068;40.24;2020-04-30;6682;3.068
2020-04-30;2040-04-16;19.96167008898015;3.2;571.55;2020-05-05;7291;3.2
2020-04-30;2050-02-14;29.793292265571527;3.774;50.82;2020-04-29;10882;3.774
2020-05-28;2020-07-20;0.14510609171800137;2.09;1409.47;2020-06-02;53;2.1383155835478895
2020-05-28;2020-08-17;0.22176591375770022;2.085;2057.86;2020-06-02;81;2.1314121338432246
2020-05-28;2020-09-05;0.2737850787132101;2.047;1434.86;2020-06-02;100;2.0911159972734517
2020-05-28;2021-02-15;0.7200547570157426;2.13;170.58;2020-06-02;263;2.166079312935487
2020-05-28;2021-04-19;0.892539356605065;2.173;1799.52;2020-06-02;326;2.2057589530823263
2020-05-28;2021-07-19;1.1416837782340863;2.212;1504.54;2020-06-02;417;2.212
2020-05-28;2023-04-03;2.847364818617385;2.324;114.13;2020-05-28;1040;2.324
2020-05-28;2023-06-19;3.058179329226557;2.335;32.3;2020-05-28;1117;2.335
2020-05-28;2023-10-16;3.383983572895277;2.351;131.33;2020-05-28;1236;2.351
2020-05-28;2024-04-15;3.8822724161533197;2.374;30.52;2020-05-28;1418;2.374
2020-05-28;2025-04-14;4.878850102669404;2.4;7316.93;2020-06-02;1782;2.4
2020-05-28;2025-10-03;5.349760438056126;2.443;60.62;2020-05-28;1954;2.443
2020-05-28;2026-06-15;6.047912388774812;2.499;33.21;2020-05-28;2209;2.499
2020-05-28;2027-06-14;7.044490075290897;2.598;21.38;2020-05-28;2573;2.598
2020-05-28;2028-06-19;8.060232717316905;2.698;73.37;2020-05-28;2944;2.698
2020-05-28;2029-04-16;8.88432580424367;2.78;347.63;2020-05-28;3245;2.78
2020-05-28;2029-06-18;9.05681040383299;2.7969999999999997;206.97;2020-05-28;3308;2.7969999999999997
2020-05-28;2029-08-06;9.190965092402465;2.7989999999999995;54.02;2020-05-28;3357;2.7989999999999995
2020-05-28;2030-08-05;10.18754277891855;2.818;58.38;2020-05-28;3721;2.818
2020-05-28;2031-07-18;11.137577002053389;2.861;230.34;2020-05-28;4068;2.861
2020-05-28;2033-07-18;13.138945927446954;2.96;374.56;2020-05-28;4799;2.96
2020-05-28;2034-03-31;13.839835728952773;2.986;39.9;2020-05-28;5055;2.986
2020-05-28;2034-07-17;14.13552361396304;2.998;630.47;2020-05-28;5163;2.998
2020-05-28;2035-02-19;14.729637234770705;2.95;166.62;2020-05-28;5380;2.95
2020-05-28;2035-07-16;15.132101300479125;2.948;45.74;2020-05-28;5527;2.948
2020-05-28;2038-08-16;18.217659137577;3.067;30.84;2020-05-07;6654;3.067
2020-05-28;2046-02-19;25.730321697467488;3.522;28.04;2020-05-28;9398;3.522
2020-05-28;2050-02-14;29.71663244353183;3.737;1062.6;2020-06-02;10854;3.737
2020-06-30;2020-07-20;0.05475701574264202;1.805;533.93;2020-06-30;20;1.8459839426535396
2020-06-30;2020-09-14;0.2080766598220397;1.805;97.92;2020-06-30;76;1.8433757058899936
2020-06-30;2020-10-17;0.29842573579739906;1.498;41.95;2020-06-30;109;1.5269115520058163
2020-06-30;2021-01-04;0.5147159479808351;1.55;100.0;2020-07-06;188;1.5775150100770796
2020-06-30;2021-04-19;0.8021902806297057;1.555;509.51;2020-06-30;293;1.579041072906473
2020-06-30;2021-05-17;0.8788501026694046;1.57;71.1;2020-06-30;321;1.5933266944661462
2020-06-30;2021-07-19;1.051334702258727;1.768;1169.64;2020-06-30;384;1.768
2020-06-30;2022-05-16;1.8754277891854894;1.815;20.31;2020-06-30;685;1.815
2020-06-30;2022-08-15;2.1245722108145104;1.776;130.17;2020-06-30;776;1.776
2020-06-30;2023-04-03;2.757015742642026;1.8229999999999997;698.56;2020-06-30;1007;1.8229999999999997
2020-06-30;2023-06-19;2.967830253251198;1.854;161.41;2020-06-30;1084;1.854
2020-06-30;2023-10-16;3.293634496919918;1.887;133.49;2020-06-30;1203;1.887
2020-06-30;2024-04-15;3.79192334017796;1.934;31.07;2020-06-30;1385;1.934
2020-06-30;2025-04-14;4.788501026694045;2.029;66.85;2020-06-30;1749;2.029
2020-06-30;2025-10-20;5.305954825462012;1.999;1632.44;2020-06-30;1938;1.999
2020-06-30;2026-06-15;5.9575633127994525;2.126;32.87;2020-06-30;2176;2.126
2020-06-30;2027-06-14;6.954140999315538;2.208;21.29;2020-06-30;2540;2.208
2020-06-30;2028-06-19;7.969883641341547;2.293;73.33;2020-06-30;2911;2.293
2020-06-30;2029-04-16;8.793976728268309;2.343;68.45;2020-06-30;3212;2.343
2020-06-30;2029-06-18;8.966461327857632;2.353;158.88;2020-06-30;3275;2.353
2020-06-30;2030-06-17;9.963039014373717;2.381;832.89;2020-07-06;3639;2.381
2020-06-30;2030-08-05;10.097193702943189;2.422;31.04;2020-06-30;3688;2.422
2020-06-30;2031-07-18;11.047227926078028;2.48;390.78;2020-06-30;4035;2.48
2020-06-30;2033-07-18;13.048596851471595;2.602;391.08;2020-06-30;4766;2.602
2020-06-30;2034-03-31;13.749486652977414;2.619;41.51;2020-06-30;5022;2.619
2020-06-30;2034-07-17;14.04517453798768;2.6260000000000003;480.74;2020-06-30;5130;2.6260000000000003
2020-06-30;2035-02-19;14.639288158795345;2.629;280.83;2020-06-30;5347;2.629
2020-06-30;2035-07-16;15.041752224503764;2.618;226.84;2020-06-30;5494;2.618
2020-06-30;2038-08-16;18.127310061601644;2.781;191.85;2020-06-30;6621;2.781
2020-06-30;2040-04-16;19.794661190965094;2.851;109.11;2020-07-06;7230;2.851
2020-06-30;2046-02-19;25.639972621492127;3.241;55.28;2020-06-30;9365;3.241
2020-06-30;2050-02-14;29.626283367556468;3.45;2241.18;2020-07-06;10821;3.45
2020-07-29;2020-09-05;0.10403832991101986;1.5340000000000003;21.02;2020-07-21;38;1.5661858379777183
2020-07-29;2020-10-17;0.2190280629705681;1.52;30.03;2020-07-28;80;1.550410250726908
2020-07-29;2020-10-26;0.243668720054757;1.5;25.0;2020-07-27;89;1.5296008603543632
2020-07-29;2020-11-09;0.28199863107460643;1.52;412.27;2020-07-27;103;1.549654254117061
2020-07-29;2021-06-14;0.8761122518822724;1.657;25.24;2020-07-29;320;1.681746462254985
2020-07-29;2021-07-19;0.971937029431896;1.66;130.11;2020-07-29;355;1.683441552130427
2020-07-29;2021-11-12;1.2895277207392197;1.721;30.64;2020-07-29;471;1.721
2020-07-29;2023-04-03;2.6776180698151952;1.89;64.01;2020-07-29;978;1.89
2020-07-29;2023-10-16;3.2142368240930868;1.935;96.79;2020-07-29;1174;1.935
2020-07-29;2024-04-15;3.7125256673511293;1.976;31.07;2020-07-29;1356;1.976
2020-07-29;2025-04-14;4.7091033538672145;2.002;38.16;2020-07-29;1720;2.002
2020-07-29;2025-10-20;5.2265571526351815;2.037;32.66;2020-07-29;1909;2.037
2020-07-29;2027-06-14;6.874743326488707;2.195;21.35;2020-07-29;2511;2.195
2020-07-29;2028-06-19;7.8904859685147155;2.263;73.61;2020-07-29;2882;2.263
2020-07-29;2029-04-16;8.714579055441478;2.318;35.62;2020-07-29;3183;2.318
2020-07-29;2029-06-18;8.8870636550308;2.329;45.56;2020-07-29;3246;2.329
2020-07-29;2030-08-05;10.017796030116358;2.397;28.69;2020-07-29;3659;2.397
2020-07-29;2031-07-18;10.967830253251197;2.439;285.64;2020-07-29;4006;2.439
2020-07-29;2033-07-18;12.969199178644764;2.529;367.33;2020-07-29;4737;2.529
2020-07-29;2034-03-31;13.670088980150581;2.56;41.84;2020-07-29;4993;2.56
2020-07-29;2034-07-17;13.96577686516085;2.573;41.13;2020-07-29;5101;2.573
2020-07-29;2035-07-16;14.962354551676933;2.61;31.89;2020-07-29;5465;2.61
2020-07-29;2038-08-16;18.04791238877481;2.76;26.51;2020-07-29;6592;2.76
2020-07-29;2046-02-19;25.560574948665298;3.242;55.41;2020-07-29;9336;3.242
2020-07-29;2050-02-14;29.54688569472964;3.466;49.2;2020-07-14;10792;3.466
2020-08-31;2020-09-05;0.013689253935660506;1.586;75.17;2020-08-31;5;1.6208461725728096
2020-08-31;2020-10-17;0.12867898699520877;1.575;93.36;2020-08-31;47;1.6080272702184706
2020-08-31;2020-10-26;0.15331964407939766;1.575;24.03;2020-08-31;56;1.6077087877778506
2020-08-31;2020-11-09;0.19164955509924708;1.575;56.41;2020-08-31;70;1.607213704086674
2020-08-31;2020-12-07;0.2683093771389459;1.569;71.85;2020-08-31;98;1.600070231549977
2020-08-31;2021-02-15;0.459958932238193;1.611;58.45;2020-08-31;168;1.640577822473932
2020-08-31;2021-03-01;0.49828884325804246;1.62;199.98;2020-08-31;182;1.6492630949889842
2020-08-31;2021-06-14;0.785763175906913;1.665;27.3;2020-08-31;287;1.6911602002309456
2020-08-31;2021-07-19;0.8815879534565366;1.682;24.39;2020-08-31;322;1.7070668018969393
2020-08-31;2021-09-20;1.054072553045859;1.73;151.73;2020-08-31;385;1.73
2020-08-31;2021-10-18;1.1307323750855578;1.741;83.36;2020-08-31;413;1.741
2020-08-31;2022-08-15;1.9548254620123204;1.855;88.18;2020-08-31;714;1.855
2020-08-31;2023-04-03;2.5872689938398357;1.891;43.44;2020-08-31;945;1.891
2020-08-31;2023-06-19;2.7980835044490076;1.903;68.06;2020-08-31;1022;1.903
2020-08-31;2023-10-16;3.1238877481177276;1.923;26.27;2020-08-31;1141;1.923
2020-08-31;2024-04-15;3.62217659137577;1.954;31.15;2020-08-31;1323;1.954
2020-08-31;2025-04-14;4.618754277891855;2.043;27.85;2020-08-31;1687;2.043
2020-08-31;2027-06-14;6.784394250513347;2.183;21.41;2020-08-31;2478;2.183
2020-08-31;2028-06-19;7.800136892539356;2.268;73.73;2020-08-31;2849;2.268
2020-08-31;2029-04-16;8.624229979466119;2.337;35.65;2020-08-31;3150;2.337
2020-08-31;2029-06-18;8.796714579055442;2.351;159.54;2020-08-31;3213;2.351
2020-08-31;2030-08-05;9.927446954140999;2.401;30.16;2020-08-31;3626;2.401
2020-08-31;2031-07-18;10.877481177275838;2.447;310.13;2020-08-31;3973;2.447
2020-08-31;2033-07-18;12.878850102669405;2.546;360.4;2020-08-31;4704;2.546
2020-08-31;2034-03-31;13.579739904175222;2.581;41.85;2020-08-31;4960;2.581
2020-08-31;2034-07-17;13.875427789185489;2.596;666.53;2020-08-31;5068;2.596
2020-08-31;2035-07-16;14.872005475701574;2.645;53.06;2020-08-31;5432;2.645
2020-08-31;2038-08-16;17.95756331279945;2.797;186.02;2020-08-31;6559;2.797
2020-08-31;2040-04-16;19.6249144421629;2.8980000000000006;27.21;2020-08-31;7168;2.8980000000000006
2020-08-31;2046-02-19;25.470225872689937;3.253;15.2;2020-08-31;9303;3.253
2020-08-31;2050-02-14;29.456536618754278;3.466;49.2;2020-07-14;10759;3.466
2020-09-30;2020-10-17;0.04654346338124572;1.489;69.69;2020-09-30;17;1.5205952184426108
2020-09-30;2020-12-07;0.1861738535249829;1.489;524.94;2020-09-29;68;1.5189825269054547
2020-09-30;2020-12-12;0.1998631074606434;1.5;29.92;2020-09-29;73;1.530113252965104
2020-09-30;2021-02-01;0.3394934976043806;1.489;28.88;2020-09-30;124;1.5172169608073327
2020-09-30;2021-03-15;0.4544832306639288;1.52;91.7;2020-09-30;166;1.5475884929019523
2020-09-30;2021-04-19;0.5503080082135524;1.531;27.16;2020-09-30;201;1.5576742321510295
2020-09-30;2021-05-17;0.6269678302532512;1.541;306.0;2020-09-30;229;1.5669445709468377
2020-09-30;2021-06-14;0.70362765229295;1.573;27.36;2020-09-30;257;1.5986021338589174
2020-09-30;2021-07-19;0.7994524298425736;1.6;24.44;2020-09-30;292;1.6248453371986438
2020-09-30;2021-10-18;1.0485968514715949;1.7140000000000002;156.35;2020-09-30;383;1.7140000000000002
2020-09-30;2021-11-12;1.1170431211498972;1.736;308.24;2020-09-30;408;1.736
2020-09-30;2022-03-09;1.4373716632443532;1.78;61.33;2020-09-30;525;1.78
2020-09-30;2022-08-15;1.8726899383983573;1.84;78.3;2020-09-30;684;1.84
2020-09-30;2022-10-17;2.0451745379876796;1.854;104.26;2020-09-30;747;1.854
2020-09-30;2023-04-03;2.5051334702258727;1.892;64.22;2020-09-30;915;1.892
2020-09-30;2023-06-19;2.7159479808350446;1.9100000000000001;94.49;2020-09-30;992;1.9100000000000001
2020-09-30;2023-10-16;3.0417522245037647;1.936;26.3;2020-09-30;1111;1.936
2020-09-30;2024-04-15;3.540041067761807;1.977;31.17;2020-09-30;1293;1.977
2020-09-30;2025-04-14;4.5366187542778915;2.065;30.96;2020-09-30;1657;2.065
2020-09-30;2025-10-20;5.054072553045859;2.106;90.85;2020-09-30;1846;2.106
2020-09-30;2027-06-14;6.702258726899384;2.214;21.4;2020-09-30;2448;2.214
2020-09-30;2028-06-19;7.7180013689253935;2.282;73.8;2020-09-30;2819;2.282
2020-09-30;2029-04-16;8.542094455852157;2.337;63.14;2020-09-30;3120;2.337
2020-09-30;2029-06-18;8.714579055441478;2.349;89.18;2020-09-30;3183;2.349
2020-09-30;2030-08-05;9.845311430527037;2.402;30.22;2020-09-30;3596;2.402
2020-09-30;2031-07-18;10.795345653661876;2.468;116.65;2020-09-30;3943;2.468
2020-09-30;2033-07-18;12.796714579055442;2.606;274.54;2020-09-30;4674;2.606
2020-09-30;2034-03-31;13.49760438056126;2.623;41.76;2020-09-30;4930;2.623
2020-09-30;2034-07-17;13.793292265571527;2.63;461.27;2020-09-30;5038;2.63
2020-09-30;2035-02-19;14.387405886379192;2.671;140.72;2020-09-30;5255;2.671
2020-09-30;2035-07-16;14.789869952087612;2.7000000000000006;110.95;2020-09-30;5402;2.7000000000000006
2020-09-30;2038-08-16;17.87542778918549;2.697;253.84;2020-09-30;6529;2.697
2020-09-30;2046-02-19;25.388090349075977;3.23;61.57;2020-09-30;9273;3.23
2020-09-30;2050-02-14;29.374401095140314;3.446;159.41;2020-09-24;10729;3.446
2020-10-28;2020-12-07;0.10951403148528405;1.5;144.07;2020-10-28;40;1.5311715067440002
2020-10-28;2021-01-02;0.1806981519507187;1.4999999999999998;45.36;2020-10-28;66;1.5303375683921372
2020-10-28;2021-02-15;0.30116358658453113;1.482;159.63;2020-10-27;110;1.5104857155641138
2020-10-28;2021-05-17;0.5503080082135524;1.536;153.19;2020-10-28;201;1.5627790636379313
2020-10-28;2021-07-19;0.7227926078028748;1.566;203.96;2020-10-28;264;1.5912296842367057
2020-10-28;2021-10-18;0.971937029431896;1.626;81.18;2020-10-28;355;1.6489537197292403
2020-10-28;2021-11-12;1.0403832991101984;1.66;329.47;2020-10-28;380;1.66
2020-10-28;2023-04-03;2.428473648186174;1.894;40.97;2020-10-28;887;1.894
2020-10-28;2023-06-19;2.639288158795346;1.9139999999999997;68.25;2020-10-28;964;1.9139999999999997
2020-10-28;2023-10-16;2.965092402464066;1.944;25.63;2020-10-28;1083;1.944
2020-10-28;2024-04-15;3.463381245722108;1.976;31.22;2020-10-28;1265;1.976
2020-10-28;2025-04-14;4.459958932238193;2.04;155.22;2020-10-28;1629;2.04
2020-10-28;2025-10-20;4.97741273100616;2.079;20.47;2020-10-28;1818;2.079
2020-10-28;2027-06-14;6.625598904859685;2.201;21.46;2020-10-28;2420;2.201
2020-10-28;2028-06-19;7.641341546885695;2.277;73.95;2020-10-28;2791;2.277
2020-10-28;2029-06-18;8.63791923340178;2.351;89.32;2020-10-28;3155;2.351
2020-10-28;2030-08-05;9.768651608487337;2.478;30.09;2020-10-28;3568;2.478
2020-10-28;2031-07-18;10.718685831622176;2.508;116.44;2020-10-28;3915;2.508
2020-10-28;2033-07-18;12.720054757015742;2.651;167.78;2020-10-28;4646;2.651
2020-10-28;2034-03-31;13.42094455852156;2.702;27.68;2020-10-28;4902;2.702
2020-10-28;2034-07-17;13.716632443531827;2.723;350.62;2020-10-28;5010;2.723
2020-10-28;2035-02-19;14.310746064339494;2.728;140.19;2020-10-28;5227;2.728
2020-10-28;2035-07-16;14.713210130047912;2.732;106.65;2020-10-28;5374;2.732
2020-10-28;2038-08-16;17.79876796714579;2.784;309.97;2020-10-28;6501;2.784
2020-10-28;2046-02-19;25.311430527036276;3.217;25.47;2020-10-28;9245;3.217
2020-10-28;2050-02-14;29.297741273100616;3.4600000000000004;79.14;2020-10-28;10701;3.4600000000000004
2020-11-30;2020-12-07;0.019164955509924708;1.574;27.51;2020-11-30;7;1.6084148952246302
2020-11-30;2021-01-02;0.09034907597535935;1.5740000000000003;45.42;2020-11-30;33;1.6074943136080044
2020-11-30;2021-02-15;0.2108145106091718;1.575;26.59;2020-11-30;77;1.6069663143130075
2020-11-30;2021-05-17;0.459958932238193;1.7;153.26;2020-11-27;168;1.731631950390744
2020-11-30;2021-05-31;0.49828884325804246;1.75;73.5;2020-11-30;182;1.7821976464066136
2020-11-30;2021-10-18;0.8815879534565366;1.807;61.89;2020-11-30;322;1.8340652253238554
2020-11-30;2022-11-14;1.9548254620123204;2.084;937.68;2020-11-30;714;2.084
2020-11-30;2023-06-19;2.5489390828199863;2.098;91.78;2020-11-30;931;2.098
2020-11-30;2023-10-16;2.8747433264887063;2.127;97.09;2020-11-30;1050;2.127
2020-11-30;2024-04-15;3.373032169746749;2.172;31.08;2020-11-30;1232;2.172
2020-11-30;2025-06-02;4.503764544832307;2.274;20.14;2020-11-30;1645;2.274
2020-11-30;2025-10-20;4.887063655030801;2.308;121.81;2020-11-30;1785;2.308
2020-11-30;2027-06-14;6.535249828884326;2.392;21.26;2020-11-30;2387;2.392
2020-11-30;2029-04-16;8.375085557837098;2.486;89.24;2020-11-30;3059;2.486
2020-11-30;2029-06-18;8.54757015742642;2.495;88.57;2020-11-30;3122;2.495
2020-11-30;2030-06-17;9.544147843942506;2.575;944.1;2020-11-30;3486;2.575
2020-11-30;2031-07-18;10.628336755646817;2.574;53.47;2020-11-30;3882;2.574
2020-11-30;2033-07-18;12.629705681040383;2.649;291.97;2020-11-30;4613;2.649
2020-11-30;2034-03-31;13.330595482546201;2.703;41.62;2020-11-30;4869;2.703
2020-11-30;2034-07-17;13.626283367556468;2.726;351.36;2020-11-30;4977;2.726
2020-11-30;2035-02-19;14.220396988364135;2.775;270.9;2020-11-30;5194;2.775
2020-11-30;2035-07-16;14.622861054072553;2.807;87.02;2020-11-30;5341;2.807
2020-11-30;2040-04-16;19.37577002053388;3.034;64.54;2020-11-30;7077;3.034
2020-11-30;2046-02-19;25.22108145106092;3.252;57.63;2020-11-30;9212;3.252
2020-11-30;2050-02-14;29.207392197125255;3.4600000000000004;79.14;2020-10-28;10668;3.4600000000000004
2020-12-31;2021-02-08;0.10677618069815195;1.461;173.09;2020-12-31;39;1.4911286742020025
2020-12-31;2021-02-15;0.12594113620807665;1.4610000000000003;53.25;2020-12-31;46;1.4909156220123565
2020-12-31;2021-03-15;0.2026009582477755;1.461;1392.82;2020-12-31;74;1.49006422266873
2020-12-31;2021-04-19;0.29842573579739906;1.4789999999999999;48.01;2020-12-31;109;1.5074431369858088
2020-12-31;2021-05-17;0.3750855578370979;1.482;118.14;2020-12-31;137;1.509643758273338
2020-12-31;2021-05-31;0.4134154688569473;1.482;40.1;2020-12-31;151;1.509207679119151
2020-12-31;2021-06-14;0.4517453798767967;1.472;39.08;2020-12-31;165;1.4985497911810697
2020-12-31;2021-07-19;0.5475701574264202;1.45;107.95;2020-12-31;200;1.4750217477504712
2020-12-31;2021-09-13;0.7008898015058179;1.465;120.8;2020-12-31;256;1.488634953349366
2020-12-31;2021-09-20;0.7200547570157426;1.52;30.08;2020-12-31;263;1.5444221509632428
2020-12-31;2022-01-17;1.0458590006844628;1.62;230.74;2020-12-31;382;1.62
2020-12-31;2022-03-09;1.1854893908281998;1.6469999999999998;87.4;2020-12-31;433;1.6469999999999998
2020-12-31;2022-04-18;1.2950034223134839;1.6699999999999997;39.71;2020-12-31;473;1.6699999999999997
2020-12-31;2022-07-18;1.5441478439425051;1.723;117.61;2020-12-31;564;1.723
2020-12-31;2022-08-15;1.620807665982204;1.7370000000000003;47.47;2020-12-31;592;1.7370000000000003
2020-12-31;2022-10-17;1.7932922655715264;1.8000000000000003;39.01;2020-12-31;655;1.8000000000000003
2020-12-31;2023-03-20;2.21492128678987;1.896;190.87;2020-12-31;809;1.896
2020-12-31;2023-06-19;2.4640657084188913;1.929;41.49;2020-12-31;900;1.929
2020-12-31;2023-10-16;2.7898699520876113;1.942;97.74;2020-12-31;1019;1.942
2020-12-31;2024-10-14;3.786447638603696;1.991;135.73;2020-12-31;1383;1.991
2020-12-31;2025-04-14;4.284736481861739;2.043;343.29;2020-12-31;1565;2.043
2020-12-31;2025-06-02;4.418891170431212;2.005;48.15;2020-12-31;1614;2.005
2020-12-31;2026-06-15;5.453798767967146;2.135;124.53;2020-12-31;1992;2.135
2020-12-31;2027-04-19;6.297056810403833;2.171;26.0;2020-12-31;2300;2.171
2020-12-31;2029-04-16;8.290212183436003;2.272;57.47;2020-12-31;3028;2.272
2020-12-31;2029-06-18;8.462696783025326;2.289;102.28;2020-12-31;3091;2.289
2020-12-31;2029-08-06;8.596851471594798;2.291;25.32;2020-12-31;3140;2.291
2020-12-31;2030-08-05;9.593429158110883;2.354;48.32;2020-12-31;3504;2.354
2020-12-31;2031-07-18;10.543463381245722;2.414;280.31;2020-12-31;3851;2.414
2020-12-31;2033-07-18;12.544832306639288;2.54;68.4;2020-12-31;4582;2.54
2020-12-31;2034-03-31;13.245722108145106;2.585;22.5;2020-12-31;4838;2.585
2020-12-31;2034-07-17;13.541409993155373;2.605;132.14;2020-12-31;4946;2.605
2020-12-31;2035-07-16;14.537987679671458;2.669;94.8;2020-12-31;5310;2.669
2020-12-31;2038-08-16;17.623545516769337;2.81;51.54;2020-12-31;6437;2.81
2020-12-31;2046-02-19;25.136208076659823;3.196;34.57;2020-12-31;9181;3.196
2020-12-31;2050-02-14;29.12251882272416;3.4;25.74;2020-12-31;10637;3.4
2020-12-31;2051-02-20;30.138261464750173;3.374;507.05;2021-01-04;11008;3.374
2021-01-29;2021-02-15;0.04654346338124572;1.4360000000000002;48.19;2021-01-29;17;1.4660942829532342
2021-01-29;2021-04-19;0.2190280629705681;1.436;20.24;2021-01-26;80;1.4642428612224645
2021-01-29;2021-05-17;0.29568788501026694;1.36;30.77;2021-01-29;108;1.3855951926945664
2021-01-29;2021-07-19;0.4681724845995893;1.43;24.08;2021-01-29;171;1.4554492052902823
2021-01-29;2021-09-13;0.621492128678987;1.447;212.17;2021-01-28;227;1.4711612575834865
2021-01-29;2021-10-18;0.7173169062286106;1.4849999999999999;86.49;2021-01-28;262;1.5088165495517725
2021-01-29;2022-01-17;0.9664613278576317;1.535;140.91;2021-01-28;353;1.5567156872626775
2021-01-29;2022-02-14;1.0431211498973305;1.5699999999999998;30.17;2021-01-29;381;1.5699999999999998
2021-01-29;2022-03-09;1.106091718001369;1.622;37.08;2021-01-29;404;1.622
2021-01-29;2023-03-20;2.135523613963039;1.6960000000000002;82.64;2021-01-29;780;1.6960000000000002
2021-01-29;2023-04-03;2.1738535249828885;1.68;49.62;2021-01-29;794;1.68
2021-01-29;2025-10-20;4.722792607802875;1.9;31.12;2021-01-29;1725;1.9
2021-01-29;2030-06-17;9.379876796714578;2.297;139.88;2021-01-27;3426;2.297
2021-01-29;2031-07-18;10.464065708418891;2.382;46.07;2021-01-26;3822;2.382
2021-01-29;2036-02-04;15.014373716632443;2.703;31.26;2021-01-29;5484;2.703
2021-01-29;2036-12-04;15.846680355920602;2.703;53.52;2021-01-29;5788;2.703
2021-01-29;2040-04-16;19.211498973305954;2.859;553.84;2021-02-01;7017;2.859
2021-01-29;2046-02-19;25.05681040383299;3.112;41.83;2021-01-29;9152;3.112
2021-01-29;2051-02-20;30.05886379192334;3.307;231.93;2021-01-26;10979;3.307
2021-02-26;2021-03-15;0.04654346338124572;1.353;182.2;2021-02-26;17;1.380799807562716
2021-02-26;2021-04-19;0.14236824093086928;1.353;93.55;2021-02-26;52;1.3798866936102216
2021-02-26;2021-05-17;0.2190280629705681;1.354;86.47;2021-02-26;80;1.3801821534465075
2021-02-26;2021-06-14;0.29568788501026694;1.337;183.69;2021-02-26;108;1.3620506300048296
2021-02-26;2021-09-20;0.5639972621492129;1.43;203.14;2021-02-26;206;1.45443680951729
2021-02-26;2021-11-12;0.7091033538672142;1.463;31.7;2021-02-26;259;1.486507714455798
2021-02-26;2022-02-05;0.9418206707734429;1.522;25.95;2021-02-26;344;1.54382081758635
2021-02-26;2022-02-14;0.9664613278576317;1.53;186.28;2021-02-26;353;1.5516436717898152
2021-02-26;2022-03-09;1.0294318959616702;1.57;46.43;2021-02-26;376;1.57
2021-02-26;2022-04-18;1.1389459274469542;1.569;319.67;2021-02-26;416;1.569
2021-02-26;2022-05-16;1.215605749486653;1.583;577.3;2021-02-26;444;1.583
2021-02-26;2023-03-20;2.0588637919233403;1.68;30.36;2021-02-26;752;1.68
2021-02-26;2023-05-15;2.212183436002738;1.6869999999999998;97.1;2021-02-26;808;1.6869999999999998
2021-02-26;2025-04-14;4.128678986995209;1.852;230.84;2021-02-26;1508;1.852
2021-02-26;2025-10-20;4.646132785763176;1.8799999999999997;20.79;2021-02-26;1697;1.8799999999999997
2021-02-26;2030-06-17;9.30321697467488;2.245;85.48;2021-02-26;3398;2.245
2021-02-26;2033-07-18;12.388774811772759;2.468;23.05;2021-02-22;4525;2.468
2021-02-26;2034-07-17;13.385352498288844;2.51;101.95;2021-02-26;4889;2.51
2021-02-26;2035-07-16;14.381930184804927;2.57;29.16;2021-02-26;5253;2.57
2021-02-26;2038-08-16;17.467488021902806;2.71;35.75;2021-02-25;6380;2.71
2021-02-26;2046-02-19;24.980150581793293;3.055;81.05;2021-02-26;9124;3.055
2021-02-26;2050-02-14;28.966461327857633;3.236;68.62;2021-02-26;10580;3.236
2021-02-26;2051-02-20;29.982203969883642;3.268;93.64;2021-02-26;10951;3.268
2021-03-31;2021-05-17;0.12867898699520877;1.3569999999999998;115.9;2021-03-31;47;1.3841213854957735
2021-03-31;2021-06-14;0.2053388090349076;1.355;20.43;2021-03-24;75;1.3813375065239164
2021-03-31;2021-07-19;0.30116358658453113;1.38;35.03;2021-03-31;110;1.4060177680830899
2021-03-31;2021-09-13;0.4544832306639288;1.44;80.84;2021-03-31;166;1.465813353359624
2021-03-31;2021-11-12;0.6187542778918549;1.47;57.1;2021-03-31;226;1.4946413522548108
2021-03-31;2022-01-17;0.7994524298425736;1.5;154.72;2021-03-31;292;1.5231392693857204
2021-03-31;2022-02-14;0.8761122518822724;1.513;447.04;2021-03-31;320;1.5354589369325655
2021-03-31;2022-03-09;0.9390828199863107;1.5370000000000001;85.78;2021-03-31;343;1.5590757628114904
2021-03-31;2022-05-16;1.1252566735112937;1.575;214.57;2021-03-31;411;1.575
2021-03-31;2022-07-18;1.297741273100616;1.5809999999999997;96.88;2021-03-31;474;1.5809999999999997
2021-03-31;2023-03-20;1.9685147159479808;1.679;147.45;2021-03-31;719;1.679
2021-03-31;2023-05-15;2.1218343600273784;1.67;25.07;2021-03-31;775;1.67
2021-03-31;2023-06-19;2.217659137577002;1.6900000000000002;39.27;2021-03-31;810;1.6900000000000002
2021-03-31;2023-10-16;2.543463381245722;1.7360000000000002;26.91;2021-03-31;929;1.7360000000000002
2021-03-31;2025-06-02;4.172484599589322;1.8999999999999997;48.92;2021-03-31;1524;1.8999999999999997
2021-03-31;2025-10-20;4.555783709787817;1.9519999999999997;159.05;2021-03-31;1664;1.9519999999999997
2021-03-31;2026-04-20;5.054072553045859;1.98;100.73;2021-03-31;1846;1.98
2021-03-31;2027-06-14;6.203969883641341;2.074;51.79;2021-03-31;2266;2.074
2021-03-31;2028-06-19;7.219712525667351;2.16;55.06;2021-03-31;2637;2.16
2021-03-31;2029-04-16;8.043805612594113;2.209;270.6;2021-03-31;2938;2.209
2021-03-31;2029-06-18;8.216290212183436;2.219;111.03;2021-03-31;3001;2.219
2021-03-31;2029-08-06;8.350444900752908;2.227;82.58;2021-03-31;3050;2.227
2021-03-31;2030-06-17;9.212867898699521;2.278;68.99;2021-03-31;3365;2.278
2021-03-31;2030-08-05;9.347022587268993;2.286;28.4;2021-03-31;3414;2.286
2021-03-31;2031-07-18;10.297056810403832;2.343;66.0;2021-03-31;3761;2.343
2021-03-31;2033-07-18;12.2984257357974;2.462;26.58;2021-03-31;4492;2.462
2021-03-31;2034-03-31;12.999315537303216;2.512;40.99;2021-03-31;4748;2.512
2021-03-31;2034-07-17;13.295003422313483;2.533;20.39;2021-03-31;4856;2.533
2021-03-31;2035-07-16;14.291581108829568;2.605;48.7;2021-03-31;5220;2.605
2021-03-31;2040-04-16;19.044490075290895;2.783;22.48;2021-03-31;6956;2.783
2021-03-31;2050-02-14;28.876112251882272;3.226;127.07;2021-03-31;10547;3.226
2021-03-31;2051-02-20;29.89185489390828;3.265;287.46;2021-04-05;10918;3.265
2021-04-30;2021-05-31;0.08487337440109514;1.362;62.48;2021-04-30;31;1.3896749533971908
2021-04-30;2021-06-14;0.12320328542094455;1.3969999999999998;102.3;2021-05-04;45;1.4252284179769203
2021-04-30;2021-07-19;0.2190280629705681;1.363;1019.8;2021-05-04;80;1.389405671109989
2021-04-30;2021-09-13;0.3723477070499658;1.4100000000000001;50.6;2021-05-04;136;1.4360021997771755
2021-04-30;2021-09-20;0.3915126625598905;1.4090000000000003;101.85;2021-05-04;143;1.434782137919166
2021-04-30;2021-10-18;0.4681724845995893;1.4279999999999997;225.33;2021-05-04;171;1.4534058050448495
2021-04-30;2021-11-12;0.5366187542778919;1.446;383.86;2021-04-30;196;1.47105754752761
2021-04-30;2022-01-17;0.7173169062286106;1.4809999999999999;898.45;2021-05-04;262;1.5047438421927906
2021-04-30;2022-02-14;0.7939767282683093;1.498;148.44;2021-04-30;290;1.5211684943865045
2021-04-30;2022-03-09;0.8569472963723477;1.521;471.46;2021-04-30;313;1.5438128349744007
2021-04-30;2022-04-18;0.9664613278576317;1.533;125.75;2021-04-30;353;1.554686880074141
2021-04-30;2022-05-16;1.0431211498973305;1.57;236.35;2021-04-30;381;1.57
2021-04-30;2022-08-15;1.2922655715263518;1.602;50.88;2021-04-30;472;1.602
2021-04-30;2022-11-14;1.541409993155373;1.636;40.56;2021-04-30;563;1.636
2021-04-30;2023-03-20;1.8863791923340179;1.689;50.73;2021-04-30;689;1.689
2021-04-30;2023-04-03;1.9247091033538672;1.682;358.07;2021-04-30;703;1.682
2021-04-30;2023-05-15;2.0396988364134154;1.703;100.36;2021-04-30;745;1.703
2021-04-30;2023-06-19;2.135523613963039;1.707;73.38;2021-04-30;780;1.707
2021-04-30;2023-07-17;2.212183436002738;1.708;139.98;2021-04-30;808;1.708
2021-04-30;2023-10-16;2.461327857631759;1.729;67.64;2021-04-30;899;1.729
2021-04-30;2024-04-05;2.9322381930184807;1.771;170.14;2021-04-30;1071;1.771
2021-04-30;2026-04-20;4.971937029431896;1.9520000000000002;2218.67;2021-05-04;1816;1.9520000000000002
2021-04-30;2029-04-16;7.96167008898015;2.162;23.77;2021-04-30;2908;2.162
2021-04-30;2030-06-17;9.130732375085557;2.247;129.8;2021-05-04;3335;2.247
2021-04-30;2033-07-18;12.216290212183436;2.4990000000000006;57.69;2021-04-27;4462;2.4990000000000006
2021-04-30;2035-02-19;13.806981519507186;2.565;58.04;2021-04-30;5043;2.565
2021-04-30;2038-08-16;17.295003422313485;2.724;17.92;2021-04-29;6317;2.724
2021-04-30;2041-08-19;20.303901437371664;2.848;50.62;2021-05-04;7416;2.848
2021-04-30;2045-02-06;23.772758384668034;3.012;29.29;2021-04-30;8683;3.012
2021-04-30;2050-02-14;28.79397672826831;3.2360000000000007;23.0;2021-04-30;10517;3.2360000000000007
2021-04-30;2051-02-20;29.809719370294317;3.2660000000000005;104.55;2021-04-30;10888;3.2660000000000005
2021-05-31;2021-07-19;0.13415468856947296;1.363;177.36;2021-05-31;49;1.3902252545469729
2021-05-31;2021-09-13;0.2874743326488706;1.4;65.8;2021-05-31;105;1.4266349503031295
2021-05-31;2021-10-18;0.38329911019849416;1.417;22.25;2021-05-31;140;1.4430494476874722
2021-05-31;2022-02-14;0.7091033538672142;1.482;153.7;2021-05-31;259;1.5058548657885806
2021-05-31;2022-04-18;0.8815879534565366;1.517;146.29;2021-05-31;322;1.5394574874162625
2021-05-31;2022-08-15;1.2073921971252566;1.58;42.29;2021-05-31;441;1.58
2021-05-31;2023-03-20;1.8015058179329226;1.659;101.66;2021-05-31;658;1.659
2021-05-31;2023-04-03;1.839835728952772;1.666;273.32;2021-05-31;672;1.666
2021-05-31;2023-05-15;1.9548254620123204;1.6780000000000002;418.32;2021-05-31;714;1.6780000000000002
2021-05-31;2023-06-19;2.0506502395619437;1.688;414.11;2021-05-31;749;1.688
2021-05-31;2023-07-17;2.127310061601643;1.697;230.52;2021-05-31;777;1.697
2021-05-31;2024-06-17;3.047227926078029;1.775;203.0;2021-05-31;1113;1.775
2021-05-31;2027-06-14;6.036960985626283;2.035;58.11;2021-05-31;2205;2.035
2021-05-31;2028-08-14;7.2060232717316905;2.122;62.42;2021-05-28;2632;2.122
2021-05-31;2029-04-16;7.876796714579055;2.162;49.12;2021-05-28;2877;2.162
2021-05-31;2029-06-18;8.049281314168377;2.19;55.82;2021-05-28;2940;2.19
2021-05-31;2031-06-16;10.042436687200547;2.326;512.43;2021-05-31;3668;2.326
2021-05-31;2034-07-17;13.127994524298426;2.513;56.94;2021-05-20;4795;2.513
2021-05-31;2040-04-16;18.87748117727584;2.777;662.55;2021-05-28;6895;2.777
2021-05-31;2041-08-19;20.21902806297057;2.84;271.53;2021-05-31;7385;2.84
2021-05-31;2050-02-14;28.709103353867214;3.215;57.86;2021-05-31;10486;3.215
2021-05-31;2051-02-20;29.724845995893222;3.2660000000000005;104.55;2021-04-30;10857;3.2660000000000005
2021-06-30;2021-07-19;0.05201916495550993;1.386;22.66;2021-06-16;19;1.4146490621691266
2021-06-30;2021-09-20;0.2245037645448323;1.384;51.04;2021-06-29;82;1.4108752795641166
2021-06-30;2021-10-18;0.30116358658453113;1.4019999999999997;214.77;2021-06-30;110;1.4285437143682689
2021-06-30;2021-11-12;0.36960985626283366;1.419;30.54;2021-06-30;135;1.4452380152680133
2021-06-30;2022-01-17;0.5503080082135524;1.45;51.61;2021-06-30;201;1.4749920246660553
2021-06-30;2022-02-14;0.6269678302532512;1.463;140.75;2021-06-30;229;1.4874133681087809
2021-06-30;2022-03-09;0.6899383983572895;1.473;29.7;2021-06-30;252;1.4969043785138858
2021-06-30;2022-04-18;0.7994524298425736;1.492;20.59;2021-06-30;292;1.515003663946013
2021-06-30;2022-05-16;0.8761122518822724;1.505;85.87;2021-06-30;320;1.5273326136919785
2021-06-30;2022-07-18;1.0485968514715949;1.566;20.08;2021-06-30;383;1.566
2021-06-30;2022-11-14;1.374401095140315;1.612;25.12;2021-06-30;502;1.612
2021-06-30;2023-04-03;1.757700205338809;1.655;30.48;2021-06-30;642;1.655
2021-06-30;2023-05-15;1.8726899383983573;1.6709999999999998;20.14;2021-06-30;684;1.6709999999999998
2021-06-30;2023-06-19;1.9685147159479808;1.685;71.63;2021-06-30;719;1.685
2021-06-30;2023-10-16;2.294318959616701;1.717;97.18;2021-06-30;838;1.717
2021-06-30;2024-04-15;2.7926078028747434;1.771;60.96;2021-06-30;1020;1.771
2021-06-30;2025-04-14;3.789185489390828;1.867;233.5;2021-06-30;1384;1.867
2021-06-30;2025-10-20;4.306639288158795;1.912;104.49;2021-06-30;1573;1.912
2021-06-30;2026-06-15;4.958247775496235;1.968;142.3;2021-06-30;1811;1.968
2021-06-30;2026-10-19;5.30321697467488;1.9939999999999998;53.46;2021-06-30;1937;1.9939999999999998
2021-06-30;2027-06-14;5.95482546201232;2.06;21.29;2021-06-30;2175;2.06
2021-06-30;2028-06-19;6.97056810403833;2.12;80.75;2021-06-30;2546;2.12
2021-06-30;2029-06-18;7.967145790554415;2.205;544.15;2021-06-30;2910;2.205
2021-06-30;2029-08-06;8.101300479123887;2.209;32.17;2021-06-30;2959;2.209
2021-06-30;2031-06-16;9.960301163586584;2.342;99.82;2021-06-30;3638;2.342
2021-06-30;2031-07-18;10.047912388774812;2.35;33.17;2021-06-30;3670;2.35
2021-06-30;2033-07-18;12.049281314168377;2.45;49.48;2021-06-30;4401;2.45
2021-06-30;2034-03-31;12.750171115674195;2.495;24.79;2021-06-30;4657;2.495
2021-06-30;2034-07-17;13.045859000684462;2.514;42.59;2021-06-30;4765;2.514
2021-06-30;2035-02-19;13.639972621492129;2.539;27.5;2021-06-30;4982;2.539
2021-06-30;2035-07-16;14.042436687200547;2.557;60.23;2021-06-30;5129;2.557
2021-06-30;2036-02-04;14.598220396988363;2.581;21.27;2021-06-30;5332;2.581
2021-06-30;2036-07-14;15.039014373716633;2.6;20.81;2021-06-30;5493;2.6
2021-06-30;2036-08-18;15.134839151266256;2.605;32.94;2021-06-30;5528;2.605
2021-06-30;2040-04-16;18.795345653661876;2.765;43.67;2021-06-30;6865;2.765
2021-06-30;2050-02-14;28.62696783025325;3.2210000000000005;22.02;2021-06-30;10456;3.2210000000000005
2021-06-30;2051-02-20;29.642710472279262;3.265;420.72;2021-07-05;10827;3.265
2021-07-29;2021-10-18;0.22176591375770022;1.427;106.33;2021-07-20;81;1.4549850590284796
2021-07-29;2021-11-12;0.29021218343600275;1.402;50.96;2021-07-29;106;1.4286553861576845
2021-07-29;2022-01-17;0.47091033538672145;1.454;125.63;2021-07-29;172;1.4799417802121573
2021-07-29;2022-02-14;0.5475701574264202;1.5000000000000002;93.15;2021-07-29;200;1.5260586627920958
2021-07-29;2022-05-16;0.7967145790554415;1.523;217.59;2021-07-29;291;1.546562491689496
2021-07-29;2022-07-18;0.9691991786447639;1.56;49.49;2021-07-29;354;1.5820417768840356
2021-07-29;2022-08-15;1.0458590006844628;1.614;612.83;2021-07-29;382;1.614
2021-07-29;2022-11-14;1.2950034223134839;1.648;27.38;2021-07-29;473;1.648
2021-07-29;2023-05-15;1.7932922655715264;1.689;178.53;2021-07-29;655;1.689
2021-07-29;2023-06-19;1.88911704312115;1.716;204.8;2021-07-29;690;1.716
2021-07-29;2023-08-05;2.0177960301163584;1.75;54.9;2021-07-29;737;1.75
2021-07-29;2023-09-18;2.138261464750171;1.7820000000000003;150.1;2021-07-29;781;1.7820000000000003
2021-07-29;2023-10-16;2.21492128678987;1.788;156.55;2021-07-29;809;1.788
2021-07-29;2024-04-15;2.7132101300479126;1.846;25.86;2021-07-29;991;1.846
2021-07-29;2024-06-17;2.8856947296372346;1.86;50.0;2021-07-29;1054;1.86
2021-07-29;2025-04-14;3.7097878165639973;1.929;374.09;2021-07-29;1355;1.929
2021-07-29;2025-10-03;4.180698151950718;1.966;225.7;2021-07-27;1527;1.966
2021-07-29;2029-06-18;7.887748117727583;2.191;263.01;2021-07-29;2881;2.191
2021-07-29;2029-08-06;8.021902806297057;2.225;32.2;2021-07-29;2930;2.225
2021-07-29;2030-06-17;8.88432580424367;2.283;51.61;2021-07-29;3245;2.283
2021-07-29;2030-08-05;9.018480492813142;2.292;235.98;2021-07-29;3294;2.292
2021-07-29;2031-07-18;9.96851471594798;2.355;58.06;2021-07-29;3641;2.355
2021-07-29;2034-07-17;12.966461327857632;2.504;346.18;2021-07-29;4736;2.504
2021-07-29;2035-07-16;13.963039014373717;2.551;75.73;2021-07-29;5100;2.551
2021-07-29;2036-08-18;15.055441478439425;2.602;33.02;2021-07-29;5499;2.602
2021-07-29;2036-12-04;15.351129363449692;2.619;57.9;2021-07-29;5607;2.619
2021-07-29;2038-08-16;17.048596851471594;2.692;168.87;2021-07-02;6227;2.692
2021-07-29;2046-02-19;24.56125941136208;3.033;27.58;2021-07-29;8971;3.033
2021-07-29;2050-02-14;28.54757015742642;3.215;34.89;2021-07-29;10427;3.215
2021-07-29;2051-02-20;29.56331279945243;3.262;19.4;2021-07-28;10798;3.262
2021-08-31;2021-09-20;0.05475701574264202;1.409;32.13;2021-08-30;20;1.4382553887794192
2021-08-31;2021-11-12;0.1998631074606434;1.409;61.2;2021-08-18;73;1.4367560439311644
2021-08-31;2022-01-17;0.3805612594113621;1.409;149.76;2021-08-30;139;1.4348947381952692
2021-08-31;2022-02-14;0.45722108145106094;1.428;51.57;2021-08-30;167;1.453521302179106
2021-08-31;2022-03-07;0.5147159479808351;1.4;300.0;2021-09-06;188;1.4243290038166156
2021-08-31;2022-03-09;0.5201916495550992;1.444;101.63;2021-08-31;190;1.469192955444898
2021-08-31;2022-05-16;0.7063655030800822;1.494;345.11;2021-08-31;258;1.5181061283283892
2021-08-31;2022-08-15;0.9555099247091033;1.554;143.41;2021-08-31;349;1.5761248467343503
2021-08-31;2022-09-19;1.051334702258727;1.5909999999999997;99.99;2021-08-31;384;1.5909999999999997
2021-08-31;2022-10-17;1.1279945242984257;1.607;78.09;2021-08-31;412;1.607
2021-08-31;2022-11-14;1.2046543463381245;1.615;142.27;2021-08-31;440;1.615
2021-08-31;2023-03-20;1.5496235455167693;1.6840000000000002;84.8;2021-08-31;566;1.6840000000000002
2021-08-31;2023-09-18;2.0479123887748116;1.746;35.71;2021-08-31;748;1.746
2021-08-31;2025-10-20;4.136892539356605;1.9589999999999999;185.21;2021-08-31;1511;1.9589999999999999
2021-08-31;2026-10-19;5.13347022587269;2.044;523.55;2021-08-31;1875;2.044
2021-08-31;2027-04-19;5.631759069130732;2.075;199.23;2021-08-31;2057;2.075
2021-08-31;2031-06-16;9.790554414784394;2.36;1841.27;2021-09-06;3576;2.36
2021-08-31;2031-07-18;9.878165639972622;2.351;32.34;2021-08-31;3608;2.351
2021-08-31;2033-07-18;11.879534565366187;2.434;22.79;2021-08-30;4339;2.434
2021-08-31;2034-03-31;12.580424366872005;2.482;27.69;2021-08-30;4595;2.482
2021-08-31;2036-02-04;14.428473648186174;2.573;36.41;2021-08-31;5270;2.573
2021-08-31;2038-08-16;16.958247775496236;2.687;33.98;2021-08-31;6194;2.687
2021-08-31;2041-08-19;19.967145790554415;2.842;331.12;2021-09-06;7293;2.842
2021-08-31;2046-02-19;24.470910335386723;3.034;55.29;2021-08-27;8938;3.034
2021-08-31;2050-02-14;28.45722108145106;3.216;69.95;2021-08-27;10394;3.216
2021-08-31;2051-02-20;29.472963723477072;3.262;19.4;2021-07-28;10765;3.262
2021-09-30;2021-10-18;0.049281314168377825;1.355;145.61;2021-10-05;18;1.382828103065603
2021-09-30;2021-11-12;0.11772758384668036;1.434;475.82;2021-10-05;43;1.4632754994083896
2021-09-30;2021-12-13;0.2026009582477755;1.45;40.15;2021-09-24;74;1.4787796524888597
2021-09-30;2022-01-17;0.29842573579739906;1.474;184.04;2021-09-30;109;1.5023203050906764
2021-09-30;2022-02-14;0.3750855578370979;1.488;136.38;2021-09-30;137;1.515784412672061
2021-09-30;2022-03-09;0.4380561259411362;1.505;167.84;2021-09-30;160;1.5324454724759073
2021-09-30;2022-04-18;0.5475701574264202;1.507;1167.61;2021-10-05;200;1.533204756639961
2021-09-30;2022-05-16;0.6242299794661191;1.522;1450.13;2021-10-05;228;1.5476021500836046
2021-09-30;2022-06-20;0.7200547570157426;1.5380000000000003;46.87;2021-09-30;263;1.562750944298541
2021-09-30;2022-07-18;0.7967145790554415;1.5580000000000003;204.18;2021-09-30;291;1.5821604545341206
2021-09-30;2022-08-15;0.8733744010951403;1.551;261.09;2021-09-30;319;1.5740938537855298
2021-09-30;2022-10-17;1.0458590006844628;1.5679999999999998;935.62;2021-10-05;382;1.5679999999999998
2021-09-30;2022-11-14;1.1225188227241616;1.608;1021.25;2021-09-30;410;1.608
2021-09-30;2023-03-20;1.4674880219028064;1.667;241.93;2021-09-30;536;1.667
2021-09-30;2023-04-03;1.5058179329226558;1.672;206.08;2021-09-30;550;1.672
2021-09-30;2023-09-18;1.9657768651608487;1.743;111.49;2021-09-30;718;1.743
2021-09-30;2023-10-16;2.0424366872005475;1.7590000000000001;199.96;2021-09-30;746;1.7590000000000001
2021-09-30;2024-10-14;3.0390143737166326;1.8509999999999998;148.66;2021-09-30;1110;1.8509999999999998
2021-09-30;2025-10-20;4.054757015742642;1.956;733.72;2021-09-30;1481;1.956
2021-09-30;2026-04-20;4.553045859000685;2.002;101.63;2021-09-30;1663;2.002
2021-09-30;2026-10-19;5.0513347022587265;2.06;2375.89;2021-10-05;1845;2.06
2021-09-30;2027-04-19;5.549623545516769;2.088;34.19;2021-09-30;2027;2.088
2021-09-30;2028-08-14;6.872005475701574;2.154;60.12;2021-09-30;2510;2.154
2021-09-30;2029-04-16;7.542778918548939;2.198;125.96;2021-09-30;2755;2.198
2021-09-30;2029-06-18;7.715263518138261;2.211;99.14;2021-09-30;2818;2.211
2021-09-30;2029-08-06;7.8494182067077345;2.215;206.27;2021-09-30;2867;2.215
2021-09-30;2030-06-17;8.711841204654347;2.293;50.42;2021-09-30;3182;2.293
2021-09-30;2031-06-16;9.708418891170432;2.36;1800.09;2021-10-05;3546;2.36
2021-09-30;2031-07-18;9.796030116358658;2.369;64.7;2021-09-30;3578;2.369
2021-09-30;2033-07-18;11.797399041752225;2.476;285.88;2021-09-30;4309;2.476
2021-09-30;2034-07-17;12.793976728268309;2.529;437.2;2021-09-30;4673;2.529
2021-09-30;2036-02-04;14.346338124572211;2.582;77.39;2021-09-30;5240;2.582
2021-09-30;2038-08-16;16.876112251882272;2.701;139.74;2021-09-30;6164;2.701
2021-09-30;2051-02-20;29.39082819986311;3.2539999999999996;793.54;2021-10-04;10735;3.2539999999999996
2021-10-29;2021-11-12;0.038329911019849415;1.455;296.75;2021-10-29;14;1.4857198331515553
2021-10-29;2022-01-17;0.2190280629705681;1.453;554.33;2021-10-29;80;1.4816768900608457
2021-10-29;2022-02-05;0.27104722792607805;1.4579999999999997;103.24;2021-10-29;99;1.4862305576489598
2021-10-29;2022-02-14;0.29568788501026694;1.4800000000000002;116.4;2021-10-29;108;1.5084988498825558
2021-10-29;2022-04-18;0.4681724845995893;1.505;85.25;2021-10-29;171;1.532092505643523
2021-10-29;2022-06-20;0.6406570841889117;1.538;111.12;2021-10-29;234;1.5637183024305612
2021-10-29;2022-10-17;0.9664613278576317;1.581;51.58;2021-10-29;353;1.6033786203135225
2021-10-29;2023-03-20;1.3880903490759753;1.6400000000000001;50.17;2021-10-29;507;1.6400000000000001
2021-10-29;2023-04-03;1.4264202600958247;1.635;118.51;2021-10-29;521;1.635
2021-10-29;2023-05-15;1.541409993155373;1.652;109.39;2021-10-29;563;1.652
2021-10-29;2023-06-19;1.6372347707049966;1.675;46.72;2021-10-29;598;1.675
2021-10-29;2023-07-17;1.7138945927446954;1.675;46.75;2021-10-29;626;1.675
2021-10-29;2023-10-16;1.9630390143737166;1.71;63.05;2021-10-29;717;1.71
2021-10-29;2024-06-17;2.6338124572210813;1.784;55.78;2021-10-29;962;1.784
2021-10-29;2025-03-01;3.3374401095140316;1.901;63.0;2021-10-29;1219;1.901
2021-10-29;2025-06-02;3.592060232717317;1.944;33.24;2021-10-29;1312;1.944
2021-10-29;2026-04-20;4.473648186173854;1.961;147.44;2021-10-29;1634;1.961
2021-10-29;2026-10-19;4.971937029431896;2.009;145.6;2021-10-29;1816;2.009
2021-10-29;2027-06-14;5.623545516769336;2.047;107.26;2021-10-29;2054;2.047
2021-10-29;2028-06-19;6.639288158795345;2.1;21.71;2021-10-29;2425;2.1
2021-10-29;2029-06-18;7.6358658453114305;2.169;30.1;2021-10-29;2789;2.169
2021-10-29;2031-06-16;9.6290212183436;2.335;100.55;2021-10-29;3517;2.335
2021-10-29;2031-07-18;9.716632443531827;2.331;54.19;2021-10-29;3549;2.331
2021-10-29;2033-07-18;11.718001368925394;2.461;45.97;2021-10-29;4280;2.461
2021-10-29;2034-07-17;12.714579055441478;2.5;59.01;2021-10-29;4644;2.5
2021-10-29;2036-02-04;14.26694045174538;2.582;42.39;2021-10-29;5211;2.582
2021-10-29;2038-08-16;16.79671457905544;2.697;205.22;2021-10-29;6135;2.697
2021-10-29;2050-02-14;28.295687885010267;3.2050000000000005;163.61;2021-10-29;10335;3.2050000000000005
2021-10-29;2051-02-20;29.311430527036276;3.256;212.84;2021-10-29;10706;3.256
2021-11-30;2022-01-17;0.13141683778234087;1.459;72.29;2021-11-29;48;1.4888007750958776
2021-11-30;2022-02-05;0.1834360027378508;1.459;26.15;2021-11-30;67;1.4882245515484671
2021-11-30;2022-02-14;0.2080766598220397;1.459;50.94;2021-11-30;76;1.4879518106277079
2021-11-30;2022-03-09;0.27104722792607805;1.4979999999999998;45.89;2021-11-30;99;1.527230531236401
2021-11-30;2022-04-18;0.3805612594113621;1.496;56.26;2021-11-30;139;1.5239088078762064
2021-11-30;2022-05-16;0.45722108145106094;1.51;20.76;2021-11-30;167;1.537332335900965
2021-11-30;2022-11-14;0.9555099247091033;1.558;23.58;2021-11-30;349;1.5801831869444172
2021-11-30;2023-01-16;1.1279945242984257;1.62;30.02;2021-11-30;412;1.62
2021-11-30;2023-04-03;1.3388090349075976;1.638;78.05;2021-11-30;489;1.638
2021-11-30;2023-10-16;1.8754277891854894;1.6940000000000002;81.9;2021-11-30;685;1.6940000000000002
2021-11-30;2024-01-15;2.1245722108145104;1.7240000000000002;1383.45;2021-12-06;776;1.7240000000000002
2021-11-30;2024-06-17;2.546201232032854;1.756;126.31;2021-11-30;930;1.756
2021-11-30;2025-10-20;3.887748117727584;1.859;51.14;2021-11-30;1420;1.859
2021-11-30;2026-04-20;4.386036960985626;1.938;183.0;2021-11-30;1602;1.938
2021-11-30;2026-10-19;4.884325804243669;1.988;457.78;2021-11-30;1784;1.988
2021-11-30;2027-04-19;5.382614647501711;2.035;114.65;2021-11-30;1966;2.035
2021-11-30;2029-06-18;7.5482546201232035;2.163;46.07;2021-11-30;2757;2.163
2021-11-30;2030-06-17;8.544832306639288;2.229;52.21;2021-11-30;3121;2.229
2021-11-30;2031-06-16;9.541409993155373;2.289;708.94;2021-12-06;3485;2.289
2021-11-30;2031-07-18;9.6290212183436;2.289;32.69;2021-11-30;3517;2.289
2021-11-30;2033-07-18;11.630390143737166;2.429;46.44;2021-11-30;4248;2.429
2021-11-30;2034-03-31;12.331279945242985;2.455;24.16;2021-11-30;4504;2.455
2021-11-30;2034-07-17;12.626967830253252;2.489;495.99;2021-11-30;4612;2.489
2021-11-30;2036-12-04;15.011635865845312;2.59;76.77;2021-11-30;5483;2.59
2021-11-30;2038-08-16;16.709103353867214;2.648;130.38;2021-11-30;6103;2.648
2021-11-30;2046-02-19;24.2217659137577;3.005;81.11;2021-11-30;8847;3.005
2021-11-30;2050-02-14;28.20807665982204;3.1519999999999997;404.08;2021-11-30;10303;3.1519999999999997
2021-11-30;2051-02-20;29.22381930184805;3.24;188.81;2021-11-30;10674;3.24
2021-12-31;2022-01-17;0.04654346338124572;1.53;31.4;2021-12-30;17;1.5627754654126802
2021-12-31;2022-02-14;0.12320328542094455;1.5299999999999998;207.57;2021-12-30;45;1.5618396957823633
2021-12-31;2022-03-09;0.1861738535249829;1.53;67.9;2021-12-31;68;1.5610721423885199
2021-12-31;2022-04-18;0.29568788501026694;1.538;121.98;2021-12-31;108;1.5679398728124516
2021-12-31;2022-09-19;0.7173169062286106;1.563;221.15;2021-12-31;262;1.588243558651281
2021-12-31;2022-10-17;0.7939767282683093;1.57;50.71;2021-12-31;290;1.5944007289718787
2021-12-31;2022-11-14;0.8706365503080082;1.581;30.13;2021-12-31;318;1.6046061323123917
2021-12-31;2023-03-20;1.215605749486653;1.65;61.29;2021-12-31;444;1.65
2021-12-31;2023-04-03;1.2539356605065024;1.639;100.41;2021-12-31;458;1.639
2021-12-31;2023-05-15;1.3689253935660506;1.66;38.09;2021-12-31;500;1.66
2021-12-31;2023-06-19;1.4647501711156743;1.6799999999999997;103.4;2021-12-31;535;1.6799999999999997
2021-12-31;2023-07-17;1.541409993155373;1.67;101.26;2021-12-31;563;1.67
2021-12-31;2023-09-18;1.7138945927446954;1.691;156.0;2021-12-31;626;1.691
2021-12-31;2023-10-16;1.7905544147843941;1.701;105.37;2021-12-31;654;1.701
2021-12-31;2024-01-15;2.0396988364134154;1.73;99.95;2021-12-31;745;1.73
2021-12-31;2024-03-18;2.212183436002738;1.759;30.02;2021-12-31;808;1.759
2021-12-31;2024-04-15;2.2888432580424367;1.765;177.96;2021-12-31;836;1.765
2021-12-31;2025-04-14;3.2854209445585214;1.853;155.74;2021-12-31;1200;1.853
2021-12-31;2025-06-02;3.4195756331279945;1.863;50.71;2021-12-31;1249;1.863
2021-12-31;2025-10-20;3.802874743326489;1.9219999999999997;23.51;2021-12-31;1389;1.9219999999999997
2021-12-31;2026-04-20;4.301163586584531;2.007;170.74;2021-12-31;1571;2.007
2021-12-31;2026-10-19;4.799452429842574;1.974;294.5;2021-12-31;1753;1.974
2021-12-31;2027-04-19;5.297741273100616;2.01;60.25;2021-12-31;1935;2.01
2021-12-31;2027-06-14;5.451060917180014;2.042;121.01;2021-12-31;1991;2.042
2021-12-31;2028-06-19;6.466803559206023;2.095;198.33;2021-12-31;2362;2.095
2021-12-31;2029-06-18;7.4633812457221085;2.128;85.25;2021-12-31;2726;2.128
2021-12-31;2029-08-06;7.597535934291581;2.165;124.97;2021-12-31;2775;2.165
2021-12-31;2030-06-17;8.459958932238193;2.215;242.17;2021-12-31;3090;2.215
2021-12-31;2030-08-05;8.594113620807667;2.221;164.66;2021-12-31;3139;2.221
2021-12-31;2031-06-16;9.456536618754278;2.3;128.91;2021-12-31;3454;2.3
2021-12-31;2033-07-18;11.545516769336071;2.42;405.66;2021-12-31;4217;2.42
2021-12-31;2034-03-31;12.24640657084189;2.492;41.84;2021-12-31;4473;2.492
2021-12-31;2035-02-19;13.136208076659821;2.43;70.36;2021-12-31;4798;2.43
2021-12-31;2035-07-16;13.538672142368242;2.474;295.36;2021-12-31;4945;2.474
2021-12-31;2038-08-16;16.62422997946612;2.636;130.87;2021-12-31;6072;2.636
2021-12-31;2040-04-16;18.29158110882957;2.829;65.84;2021-12-31;6681;2.829
2021-12-31;2046-02-19;24.136892539356605;3.008;311.17;2021-12-31;8816;3.008
2021-12-31;2051-02-20;29.138945927446954;3.221;433.91;2021-12-31;10643;3.221
2022-01-31;2022-02-14;0.038329911019849415;1.526;122.06;2022-01-31;14;1.5587594056420295
2022-01-31;2022-04-18;0.2108145106091718;1.526;52.03;2022-01-31;77;1.5566667154452762
2022-01-31;2022-05-16;0.2874743326488706;1.535;61.23;2022-01-31;105;1.5649652245552703
2022-01-31;2022-06-20;0.38329911019849416;1.548;60.79;2022-01-31;140;1.577101700932504
2022-01-31;2022-09-19;0.6324435318275154;1.5850000000000002;178.44;2022-01-31;231;1.6117476325458568
2022-01-31;2022-10-17;0.7091033538672142;1.612;324.37;2022-01-31;259;1.6382588397159115
2022-01-31;2023-01-16;0.9582477754962354;1.65;150.44;2022-01-31;350;1.6734888114399826
2022-01-31;2023-03-20;1.1307323750855578;1.696;125.15;2022-01-31;413;1.696
2022-01-31;2023-04-03;1.1690622861054072;1.702;126.16;2022-01-31;427;1.702
2022-01-31;2023-06-19;1.379876796714579;1.684;22.94;2022-01-31;504;1.684
2022-01-31;2023-09-18;1.6290212183436004;1.7499999999999998;161.63;2022-01-31;595;1.7499999999999998
2022-01-31;2024-03-18;2.127310061601643;1.851;402.97;2022-01-31;777;1.851
2022-01-31;2024-04-15;2.2039698836413417;1.858;222.25;2022-01-31;805;1.858
2022-01-31;2024-07-15;2.4531143052703626;1.897;359.43;2022-01-31;896;1.897
2022-01-31;2025-04-14;3.2005475701574264;1.904;199.35;2022-01-31;1169;1.904
2022-01-31;2026-04-20;4.216290212183436;2.033;204.37;2022-01-31;1540;2.033
2022-01-31;2026-06-15;4.369609856262834;2.049;324.61;2022-01-31;1596;2.049
2022-01-31;2026-10-19;4.714579055441479;2.083;100.88;2022-01-31;1722;2.083
2022-01-31;2027-04-19;5.212867898699521;2.099;57.35;2022-01-31;1904;2.099
2022-01-31;2027-05-17;5.28952772073922;2.122;148.3;2022-01-31;1932;2.122
2022-01-31;2029-06-18;7.378507871321013;2.199;57.88;2022-01-31;2695;2.199
2022-01-31;2030-06-17;8.375085557837098;2.255;203.68;2022-01-31;3059;2.255
2022-01-31;2030-08-05;8.509240246406572;2.264;23.05;2022-01-31;3108;2.264
2022-01-31;2031-06-16;9.371663244353183;2.388;902.14;2022-01-31;3423;2.388
2022-01-31;2031-07-18;9.45927446954141;2.366;77.08;2022-01-31;3455;2.366
2022-01-31;2034-03-31;12.161533196440795;2.497;41.91;2022-01-31;4442;2.497
2022-01-31;2034-07-17;12.457221081451062;2.546;41.76;2022-01-31;4550;2.546
2022-01-31;2035-07-16;13.453798767967145;2.57;77.4;2022-01-31;4914;2.57
2022-01-31;2036-08-18;14.546201232032855;2.555;32.59;2022-01-31;5313;2.555
2022-01-31;2038-08-16;16.539356605065024;2.64;172.81;2022-01-31;6041;2.64
2022-01-31;2040-04-16;18.206707734428473;2.744;802.36;2022-01-31;6650;2.744
2022-01-31;2050-02-14;28.03832991101985;3.135;299.56;2022-01-31;10241;3.135
2022-01-31;2051-02-20;29.05407255304586;3.237;99.14;2022-01-28;10612;3.237
2022-02-28;2022-03-14;0.038329911019849415;1.532;159.35;2022-02-28;14;1.5649340797873945
2022-02-28;2022-04-18;0.13415468856947296;1.532;68.11;2022-02-28;49;1.563761319926038
2022-02-28;2022-05-16;0.2108145106091718;1.532;206.55;2022-02-25;77;1.5628247941690487
2022-02-28;2022-06-20;0.3066392881587953;1.551;119.48;2022-02-25;112;1.581129444070828
2022-02-28;2022-07-18;0.38329911019849416;1.548;69.17;2022-02-25;140;1.577101700932504
2022-02-28;2022-08-15;0.459958932238193;1.556;63.46;2022-02-25;168;1.5843304171776484
2022-02-28;2022-10-17;0.6324435318275154;1.575;30.5;2022-02-25;231;1.6015492420446087
2022-02-28;2022-11-14;0.7091033538672142;1.586;65.65;2022-02-25;259;1.611774035274638
2022-02-28;2023-01-16;0.8815879534565366;1.611;82.36;2022-02-25;322;1.6349400143008674
2022-02-28;2023-03-20;1.054072553045859;1.646;41.69;2022-02-28;385;1.646
2022-02-28;2023-04-03;1.0924024640657084;1.636;51.89;2022-02-28;399;1.636
2022-02-28;2023-07-17;1.379876796714579;1.686;24.36;2022-02-28;504;1.686
2022-02-28;2023-09-18;1.5523613963039014;1.712;62.75;2022-02-28;567;1.712
2022-02-28;2024-03-18;2.0506502395619437;1.841;94.17;2022-02-28;749;1.841
2022-02-28;2024-07-15;2.3764544832306638;1.849;208.93;2022-02-28;868;1.849
2022-02-28;2025-10-20;3.6413415468856947;1.961;215.42;2022-02-28;1330;1.961
2022-02-28;2026-04-20;4.139630390143737;1.995;354.12;2022-02-28;1512;1.995
2022-02-28;2026-10-19;4.63791923340178;2.065;137.22;2022-02-28;1694;2.065
2022-02-28;2027-04-19;5.136208076659822;2.103;51.12;2022-02-28;1876;2.103
2022-02-28;2029-04-16;7.129363449691992;2.212;27.18;2022-02-28;2604;2.212
2022-02-28;2029-06-18;7.301848049281314;2.226;120.6;2022-02-28;2667;2.226
2022-02-28;2030-06-17;8.2984257357974;2.292;221.0;2022-02-28;3031;2.292
2022-02-28;2031-06-16;9.295003422313483;2.348;355.73;2022-02-28;3395;2.348
2022-02-28;2031-07-18;9.382614647501711;2.36;144.26;2022-02-28;3427;2.36
2022-02-28;2032-06-14;10.291581108829568;2.42;372.73;2022-02-28;3759;2.42
2022-02-28;2035-07-16;13.377138945927447;2.615;53.08;2022-02-28;4886;2.615
2022-02-28;2036-02-04;13.932922655715263;2.635;20.75;2022-02-28;5089;2.635
2022-02-28;2038-08-16;16.462696783025326;2.746;31.83;2022-02-28;6013;2.746
2022-02-28;2040-04-16;18.130047912388775;2.798;22.14;2022-02-28;6622;2.798
2022-02-28;2051-02-20;28.97741273100616;3.17;36.85;2022-02-24;10584;3.17
2022-03-31;2022-04-18;0.049281314168377825;1.58;52.06;2022-03-31;18;1.6142017197923852
2022-03-31;2022-05-16;0.12594113620807665;1.58;20.87;2022-03-31;46;1.6132033999639583
2022-03-31;2022-06-20;0.22176591375770022;1.58;152.36;2022-03-31;81;1.6119578075757701
2022-03-31;2022-09-19;0.47091033538672145;1.574;153.26;2022-03-29;172;1.6025964168015383
2022-03-31;2022-11-14;0.6242299794661191;1.586;39.83;2022-03-31;228;1.6128740306793343
2022-03-31;2023-01-16;0.7967145790554415;1.606;70.42;2022-03-31;291;1.6309846307303477
2022-03-31;2023-05-15;1.1225188227241616;1.673;71.27;2022-03-31;410;1.673
2022-03-31;2024-01-15;1.7932922655715264;1.79;20.13;2022-03-31;655;1.79
2022-03-31;2024-03-18;1.9657768651608487;1.823;80.3;2022-03-31;718;1.823
2022-03-31;2024-06-17;2.21492128678987;1.8690000000000002;78.27;2022-03-31;809;1.8690000000000002
2022-03-31;2024-07-15;2.291581108829569;1.864;301.31;2022-03-31;837;1.864
2022-03-31;2025-04-14;3.0390143737166326;1.933;26.95;2022-03-31;1110;1.933
2022-03-31;2026-04-20;4.054757015742642;2.057;98.33;2022-03-31;1481;2.057
2022-03-31;2026-06-05;4.180698151950718;2.074;32.01;2022-03-31;1527;2.074
2022-03-31;2027-04-19;5.0513347022587265;2.128;102.3;2022-03-31;1845;2.128
2022-03-31;2029-06-18;7.216974674880219;2.264;57.85;2022-03-31;2636;2.264
2022-03-31;2030-06-17;8.213552361396303;2.306;153.04;2022-03-31;3000;2.306
2022-03-31;2031-06-16;9.210130047912388;2.381;34.93;2022-03-31;3364;2.381
2022-03-31;2034-07-17;12.295687885010267;2.563;41.86;2022-03-31;4491;2.563
2022-03-31;2035-07-16;13.292265571526352;2.611;195.31;2022-03-31;4855;2.611
2022-03-31;2040-04-16;18.04517453798768;2.82;535.47;2022-03-31;6591;2.82
2022-03-31;2045-02-06;22.855578370978783;3.057;69.33;2022-03-31;8348;3.057
2022-03-31;2046-02-19;23.890485968514717;3.052;137.9;2022-03-31;8726;3.052
2022-03-31;2051-02-20;28.892539356605067;3.225;37.63;2022-03-30;10553;3.225
2022-04-29;2022-06-20;0.14236824093086928;1.58;50.85;2022-04-27;52;1.6129896879643724
2022-04-29;2022-07-18;0.2190280629705681;1.598;92.71;2022-04-29;80;1.6304739784040345
2022-04-29;2022-10-17;0.4681724845995893;1.594;40.75;2022-04-19;171;1.6230824680711908
2022-04-29;2023-03-20;0.8898015058179329;1.6439999999999997;59.03;2022-04-29;325;1.6683491488162394
2022-04-29;2023-05-15;1.0431211498973305;1.7109999999999999;181.67;2022-04-29;381;1.7109999999999999
2022-04-29;2023-07-17;1.215605749486653;1.77;101.69;2022-04-29;444;1.77
2022-04-29;2023-09-18;1.3880903490759753;1.746;154.71;2022-04-29;507;1.746
2022-04-29;2023-10-16;1.4647501711156743;1.746;23.28;2022-04-29;535;1.746
2022-04-29;2024-01-15;1.7138945927446954;1.786;152.85;2022-04-29;626;1.786
2022-04-29;2024-03-18;1.8863791923340179;1.8169999999999997;100.53;2022-04-29;689;1.8169999999999997
2022-04-29;2024-04-05;1.9356605065023955;1.819;162.69;2022-04-29;707;1.819
2022-04-29;2024-04-15;1.9630390143737166;1.822;204.14;2022-04-29;717;1.822
2022-04-29;2024-07-15;2.212183436002738;1.857;334.69;2022-04-29;808;1.857
2022-04-29;2025-04-14;2.9596167008898013;1.935;227.63;2022-04-29;1081;1.935
2022-04-29;2026-04-20;3.975359342915811;2.067;30.0;2022-04-29;1452;2.067
2022-04-29;2026-10-19;4.473648186173854;2.144;79.18;2022-04-29;1634;2.144
2022-04-29;2027-04-19;4.971937029431896;2.218;94.4;2022-04-29;1816;2.218
2022-04-29;2027-10-18;5.470225872689938;2.232;39.89;2022-04-29;1998;2.232
2022-04-29;2028-06-19;6.140999315537303;2.34;31.29;2022-04-29;2243;2.34
2022-04-29;2029-06-18;7.137577002053388;2.281;174.67;2022-04-29;2607;2.281
2022-04-29;2029-08-06;7.271731690622861;2.261;166.04;2022-04-29;2656;2.261
2022-04-29;2030-06-17;8.134154688569472;2.334;88.95;2022-04-29;2971;2.334
2022-04-29;2030-08-05;8.268309377138946;2.342;69.15;2022-04-29;3020;2.342
2022-04-29;2031-06-16;9.130732375085557;2.481;356.73;2022-04-29;3335;2.481
2022-04-29;2033-07-18;11.219712525667351;2.698;163.08;2022-04-29;4098;2.698
2022-04-29;2034-07-17;12.216290212183436;2.562;131.92;2022-04-29;4462;2.562
2022-04-29;2035-02-19;12.810403832991103;2.594;26.8;2022-04-29;4679;2.594
2022-04-29;2035-07-16;13.212867898699521;2.614;265.58;2022-04-29;4826;2.614
2022-04-29;2040-04-16;17.965776865160848;2.889;42.6;2022-04-29;6562;2.889
2022-04-29;2050-02-14;27.797399041752225;3.267;41.86;2022-04-29;10153;3.267
2022-04-29;2051-02-20;28.813141683778234;3.264;367.16;2022-04-29;10524;3.264
2022-05-31;2022-06-20;0.05475701574264202;1.58;101.84;2022-05-31;20;1.6141303567085874
2022-05-31;2022-07-18;0.13141683778234087;1.61;76.09;2022-05-31;48;1.6439785728991962
2022-05-31;2022-08-22;0.2272416153319644;1.6;200.03;2022-05-31;83;1.6324181574439933
2022-05-31;2022-09-19;0.30390143737166325;1.56;121.41;2022-05-31;111;1.5903890912862817
2022-05-31;2022-10-17;0.3805612594113621;1.593;130.14;2022-05-31;139;1.623211386393586
2022-05-31;2022-11-14;0.45722108145106094;1.6170000000000002;194.16;2022-05-31;167;1.6467519732174418
2022-05-31;2022-12-05;0.5147159479808351;1.67;1200.0;2022-06-06;188;1.7001445334962284
2022-05-31;2023-03-20;0.8021902806297057;1.701;140.92;2022-05-31;293;1.7275484375707473
2022-05-31;2023-05-15;0.9555099247091033;1.747;102.21;2022-05-31;349;1.7719478591842197
2022-05-31;2023-05-22;0.974674880219028;1.756;550.73;2022-05-31;356;1.7807774981055235
2022-05-31;2023-06-19;1.051334702258727;1.741;73.42;2022-05-31;384;1.741
2022-05-31;2023-09-18;1.3004791238877482;1.767;232.0;2022-05-31;475;1.767
2022-05-31;2023-10-16;1.377138945927447;1.8269999999999997;307.39;2022-05-31;503;1.8269999999999997
2022-05-31;2023-11-20;1.4729637234770705;1.837;20.46;2022-05-31;538;1.837
2022-05-31;2024-01-15;1.626283367556468;1.899;152.81;2022-05-31;594;1.899
2022-05-31;2024-03-18;1.7987679671457906;1.969;23.5;2022-05-31;657;1.969
2022-05-31;2024-07-15;2.1245722108145104;2.017;235.3;2022-05-31;776;2.017
2022-05-31;2024-09-16;2.297056810403833;2.03;40.66;2022-05-31;839;2.03
2022-05-31;2025-04-14;2.8720054757015743;1.986;86.48;2022-05-31;1049;1.986
2022-05-31;2026-04-20;3.887748117727584;2.18;672.8;2022-05-31;1420;2.18
2022-05-31;2026-06-15;4.041067761806982;2.134;25.52;2022-05-31;1476;2.134
2022-05-31;2026-10-19;4.386036960985626;2.244;486.46;2022-05-31;1602;2.244
2022-05-31;2027-04-19;4.884325804243669;2.385;21.94;2022-05-31;1784;2.385
2022-05-31;2027-05-17;4.960985626283367;2.268;208.6;2022-05-31;1812;2.268
2022-05-31;2027-06-14;5.037645448323066;2.223;94.76;2022-05-31;1840;2.223
2022-05-31;2029-04-16;6.877481177275839;2.254;71.85;2022-05-31;2512;2.254
2022-05-31;2030-06-17;8.046543463381246;2.368;155.16;2022-05-31;2939;2.368
2022-05-31;2031-07-18;9.130732375085557;2.42;56.73;2022-05-31;3335;2.42
2022-05-31;2034-07-17;12.128678986995208;2.593;780.94;2022-05-31;4430;2.593
2022-05-31;2035-07-16;13.125256673511293;2.627;85.48;2022-05-31;4794;2.627
2022-05-31;2036-08-18;14.217659137577002;2.685;32.4;2022-05-31;5193;2.685
2022-05-31;2040-04-16;17.87816563997262;2.875;219.93;2022-05-31;6530;2.875
2022-05-31;2046-02-19;23.72347707049966;3.065;27.51;2022-05-20;8665;3.065
2022-05-31;2051-02-20;28.725530458590008;3.22;315.31;2022-05-20;10492;3.22
2022-06-30;2022-07-18;0.049281314168377825;1.715;127.01;2022-06-30;18;1.7532667545662628
2022-06-30;2022-09-19;0.22176591375770022;1.616;34.44;2022-06-29;81;1.6489200197566056
2022-06-30;2022-09-26;0.24093086926762491;1.629;29.99;2022-06-29;88;1.66200548198987
2022-06-30;2022-10-17;0.29842573579739906;1.6490000000000002;20.44;2022-06-30;109;1.6817273406537714
2022-06-30;2022-11-14;0.3750855578370979;1.676;101.2;2022-06-30;137;1.7083091405440287
2022-06-30;2023-05-22;0.892539356605065;1.77;50.13;2022-06-30;326;1.7962958576947408
2022-06-30;2023-06-19;0.9691991786447639;1.776;101.08;2022-06-30;354;1.8011525151892194
2022-06-30;2023-07-17;1.0458590006844628;1.8100000000000003;71.37;2022-06-30;382;1.8100000000000003
2022-06-30;2023-09-11;1.1991786447638604;1.872;300.0;2022-06-30;438;1.872
2022-06-30;2023-09-18;1.218343600273785;1.818;29.48;2022-06-30;445;1.818
2022-06-30;2023-10-16;1.2950034223134839;1.7800000000000002;187.94;2022-06-30;473;1.7800000000000002
2022-06-30;2024-03-18;1.7166324435318274;1.998;340.4;2022-06-30;627;1.998
2022-06-30;2024-04-15;1.7932922655715264;1.9449999999999998;301.39;2022-06-30;655;1.9449999999999998
2022-06-30;2024-07-15;2.0424366872005475;1.977;377.51;2022-06-30;746;1.977
2022-06-30;2024-10-14;2.291581108829569;2.008;219.71;2022-06-30;837;2.008
2022-06-30;2025-04-14;2.7898699520876113;2.108;629.76;2022-06-30;1019;2.108
2022-06-30;2025-10-20;3.3073237508555784;2.231;57.53;2022-06-30;1208;2.231
2022-06-30;2027-05-17;4.878850102669404;2.217;159.47;2022-06-30;1782;2.217
2022-06-30;2028-06-19;5.971252566735113;2.5;151.61;2022-06-30;2181;2.5
2022-06-30;2029-06-18;6.967830253251198;2.422;105.99;2022-06-30;2545;2.422
2022-06-30;2030-06-17;7.964407939767283;2.448;101.9;2022-06-30;2909;2.448
2022-06-30;2031-06-16;8.960985626283367;2.44;387.37;2022-06-30;3273;2.44
2022-06-30;2033-07-18;11.049965776865161;2.449;231.0;2022-06-30;4036;2.449
2022-06-30;2035-07-16;13.043121149897331;2.654;149.18;2022-06-29;4764;2.654
2022-06-30;2036-07-14;14.039698836413416;2.725;20.85;2022-06-29;5128;2.725
2022-06-30;2038-08-16;16.128678986995208;2.888;14.27;2022-06-30;5891;2.888
2022-06-30;2050-02-14;27.627652292950035;3.276;34.35;2022-06-30;10091;3.276
2022-06-30;2051-02-20;28.643394934976044;3.31;97.02;2022-06-28;10462;3.31
2022-07-29;2022-08-15;0.04654346338124572;1.7;37.94;2022-07-29;17;1.737847511775814
2022-07-29;2022-09-12;0.12320328542094455;1.577;50.1;2022-07-29;45;1.6101544231546194
2022-07-29;2022-09-19;0.14236824093086928;1.7;68.66;2022-07-29;52;1.736401537122001
2022-07-29;2022-10-17;0.2190280629705681;1.6999999999999997;40.62;2022-07-28;80;1.735247059332834
2022-07-29;2022-11-14;0.29568788501026694;1.669;150.5;2022-07-29;108;1.7022847802534047
2022-07-29;2022-12-19;0.3915126625598905;1.7249999999999999;100.17;2022-07-29;143;1.7582723341463602
2022-07-29;2023-03-20;0.6406570841889117;1.811;103.99;2022-07-29;234;1.8421925211582257
2022-07-29;2023-04-03;0.6789869952087612;1.781;170.92;2022-07-29;248;1.8109509000119095
2022-07-29;2023-05-15;0.7939767282683093;1.808;402.97;2022-07-29;290;1.8365511225981956
2022-07-29;2023-05-22;0.813141683778234;1.811;473.56;2022-07-29;297;1.839281332582865
2022-07-29;2023-06-19;0.8898015058179329;1.8969999999999998;22.45;2022-07-29;325;1.9253641501584262
2022-07-29;2023-08-05;1.0184804928131417;1.904;108.49;2022-07-29;372;1.904
2022-07-29;2023-09-18;1.1389459274469542;1.851;65.64;2022-07-29;416;1.851
2022-07-29;2023-10-16;1.215605749486653;1.9139999999999997;230.24;2022-07-29;444;1.9139999999999997
2022-07-29;2024-01-15;1.4647501711156743;1.9350000000000003;311.25;2022-07-29;535;1.9350000000000003
2022-07-29;2024-03-18;1.6372347707049966;2.093;90.48;2022-07-29;598;2.093
2022-07-29;2024-06-17;1.8863791923340179;2.021;106.9;2022-07-29;689;2.021
2022-07-29;2024-07-15;1.9630390143737166;1.997;341.67;2022-07-29;717;1.997
2022-07-29;2024-09-16;2.135523613963039;2.012;284.77;2022-07-29;780;2.012
2022-07-29;2025-04-14;2.7104722792607805;2.187;71.08;2022-07-29;990;2.187
2022-07-29;2025-06-02;2.844626967830253;2.152;21.88;2022-07-29;1039;2.152
2022-07-29;2026-04-20;3.7262149212867897;2.145;41.59;2022-07-29;1361;2.145
2022-07-29;2026-06-15;3.8795345653661877;2.144;210.83;2022-07-29;1417;2.144
2022-07-29;2026-10-19;4.224503764544832;2.172;390.06;2022-07-29;1543;2.172
2022-07-29;2027-05-17;4.799452429842574;2.259;40.09;2022-07-29;1753;2.259
2022-07-29;2027-06-14;4.876112251882272;2.277;139.13;2022-07-29;1781;2.277
2022-07-29;2029-04-16;6.715947980835044;2.361;218.55;2022-07-29;2453;2.361
2022-07-29;2030-06-17;7.885010266940451;2.421;151.18;2022-07-29;2880;2.421
2022-07-29;2031-06-16;8.881587953456537;2.415;74.52;2022-07-29;3244;2.415
2022-07-29;2031-07-18;8.969199178644764;2.413;182.32;2022-07-29;3276;2.413
2022-07-29;2032-06-14;9.878165639972622;2.455;173.15;2022-07-29;3608;2.455
2022-07-29;2033-07-18;10.97056810403833;2.669;126.82;2022-07-29;4007;2.669
2022-07-29;2034-03-31;11.671457905544148;2.697;23.96;2022-07-29;4263;2.697
2022-07-29;2035-07-16;12.9637234770705;2.752;82.33;2022-07-29;4735;2.752
2022-07-29;2036-02-04;13.519507186858316;2.75;20.73;2022-07-29;4938;2.75
2022-07-29;2038-08-16;16.04928131416838;2.843;163.23;2022-07-29;5862;2.843
2022-07-29;2040-04-16;17.71663244353183;2.9059999999999997;202.16;2022-07-29;6471;2.9059999999999997
2022-07-29;2050-02-14;27.548254620123203;3.222;47.27;2022-07-29;10062;3.222
2022-07-29;2051-02-20;28.56399726214921;3.31;97.02;2022-06-28;10433;3.31
2022-08-31;2022-09-19;0.05201916495550993;1.819;119.54;2022-08-31;19;1.860474297886583
2022-08-31;2022-10-17;0.12867898699520877;1.81;158.71;2022-08-31;47;1.8498761124092766
2022-08-31;2022-11-07;0.1861738535249829;1.8299999999999998;300.29;2022-08-31;68;1.869477201999148
2022-08-31;2022-11-14;0.2053388090349076;1.9;40.07;2022-08-31;75;1.9411869791480685
2022-08-31;2022-11-28;0.243668720054757;1.9;150.02;2022-08-31;89;1.940465638839961
2022-08-31;2023-01-16;0.37782340862423;1.8530000000000002;157.84;2022-08-30;138;1.8897286196652763
2022-08-31;2023-02-13;0.4544832306639288;1.92;23.02;2022-08-30;166;1.957003027513915
2022-08-31;2023-03-20;0.5503080082135524;2.018;200.11;2022-08-31;201;2.0554259777632256
2022-08-31;2023-05-15;0.70362765229295;2.005;65.17;2022-08-31;257;2.0389441934445918
2022-08-31;2023-05-22;0.7227926078028748;2.08;48.16;2022-08-31;264;2.1150229595160663
2022-08-31;2023-06-19;0.7994524298425736;2.11;109.82;2022-08-31;292;2.1438627474562155
2022-08-31;2023-08-05;0.9281314168377823;2.075;206.47;2022-08-31;339;2.105386456151681
2022-08-31;2023-09-11;1.0294318959616702;2.134;33.02;2022-08-31;376;2.134
2022-08-31;2024-03-18;1.5468856947296372;2.28;20.09;2022-08-31;565;2.28
2022-08-31;2024-07-15;1.8726899383983573;2.3500000000000005;55.02;2022-08-31;684;2.3500000000000005
2022-08-31;2025-04-14;2.620123203285421;2.245;50.79;2022-08-31;957;2.245
2022-08-31;2026-04-20;3.6358658453114305;2.169;41.64;2022-08-31;1328;2.169
2022-08-31;2026-10-19;4.134154688569473;2.198;45.84;2022-08-31;1510;2.198
2022-08-31;2027-06-14;4.785763175906913;2.237;92.4;2022-08-31;1748;2.237
2022-08-31;2029-04-16;6.625598904859685;2.316;20.75;2022-08-31;2420;2.316
2022-08-31;2030-06-17;7.794661190965092;2.366;152.09;2022-08-31;2847;2.366
2022-08-31;2031-07-18;8.878850102669405;2.413;55.43;2022-08-31;3243;2.413
2022-08-31;2033-07-18;10.880219028062971;2.53;67.43;2022-08-31;3974;2.53
2022-08-31;2036-07-14;13.869952087611225;2.7660000000000005;54.39;2022-08-05;5066;2.7660000000000005
2022-08-31;2040-04-16;17.626283367556468;2.897;160.43;2022-08-25;6438;2.897
2022-08-31;2050-02-14;27.457905544147845;3.222;47.27;2022-07-29;10029;3.222
2022-08-31;2051-02-20;28.473648186173854;3.31;97.02;2022-06-28;10400;3.31
2022-09-30;2022-10-17;0.04654346338124572;2.175;1025.95;2022-09-30;17;2.2285458537282254
2022-09-30;2022-11-14;0.12320328542094455;2.077;54.81;2022-09-30;45;2.125389681549783
2022-09-30;2022-11-28;0.16153319644079397;2.077;189.25;2022-09-30;59;2.1245246021694753
2022-09-30;2022-12-26;0.23819301848049282;2.15;299.84;2022-09-30;87;2.198025898993494
2022-09-30;2023-03-06;0.42984257357973993;2.074;200.21;2022-09-30;157;2.115416952477922
2022-09-30;2023-05-22;0.6406570841889117;2.376;113.97;2022-09-30;234;2.41939063887191
2022-09-30;2023-06-19;0.7173169062286106;2.374;213.33;2022-09-30;262;2.4151182606933386
2022-09-30;2023-08-05;0.8459958932238193;2.45;309.25;2022-09-30;309;2.488734320484176
2022-09-30;2023-09-11;0.947296372347707;2.288;170.88;2022-09-30;346;2.3211688075363224
2022-09-30;2023-09-18;0.9664613278576317;2.4;33.09;2022-09-30;353;2.4342993751025332
2022-09-30;2023-10-16;1.0431211498973305;2.4;33.71;2022-09-30;381;2.4
2022-09-30;2024-01-15;1.2922655715263518;2.318;310.8;2022-09-30;472;2.318
2022-09-30;2024-03-18;1.4647501711156743;2.372;81.51;2022-09-30;535;2.372
2022-09-30;2024-04-05;1.514031485284052;2.406;37.93;2022-09-30;553;2.406
2022-09-30;2024-04-15;1.541409993155373;2.427;142.71;2022-09-30;563;2.427
2022-09-30;2024-06-17;1.7138945927446954;2.467;149.09;2022-09-30;626;2.467
2022-09-30;2024-07-15;1.7905544147843941;2.485;149.98;2022-09-30;654;2.485
2022-09-30;2024-09-16;1.9630390143737166;2.525;149.47;2022-09-30;717;2.525
2022-09-30;2024-10-14;2.0396988364134154;2.49;51.36;2022-09-30;745;2.49
2022-09-30;2025-03-01;2.4175222450376452;2.506;159.54;2022-09-30;883;2.506
2022-09-30;2025-04-14;2.537987679671458;2.489;133.15;2022-09-30;927;2.489
2022-09-30;2026-04-20;3.5537303216974676;2.542;41.19;2022-09-30;1298;2.542
2022-09-30;2026-10-19;4.05201916495551;2.606;195.66;2022-09-30;1480;2.606
2022-09-30;2027-06-14;4.70362765229295;2.859;90.13;2022-09-30;1718;2.859
2022-09-30;2028-06-19;5.71937029431896;2.896;41.21;2022-09-30;2089;2.896
2022-09-30;2028-08-14;5.8726899383983575;2.8999999999999995;28.3;2022-09-30;2145;2.8999999999999995
2022-09-30;2029-04-16;6.543463381245722;2.92;25.32;2022-09-30;2390;2.92
2022-09-30;2029-06-18;6.715947980835044;2.914;40.81;2022-09-30;2453;2.914
2022-09-30;2030-06-17;7.712525667351129;3.01;145.82;2022-09-30;2817;3.01
2022-09-30;2031-07-18;8.796714579055442;3.1;52.73;2022-09-30;3213;3.1
2022-09-30;2033-07-18;10.798083504449007;3.353;208.7;2022-09-30;3944;3.353
2022-09-30;2034-03-31;11.498973305954825;3.245;22.96;2022-09-30;4200;3.245
2022-09-30;2034-07-17;11.794661190965092;3.2999999999999994;224.06;2022-09-30;4308;3.2999999999999994
2022-09-30;2035-02-19;12.388774811772759;3.2930000000000006;95.07;2022-09-30;4525;3.2930000000000006
2022-09-30;2036-08-18;13.883641341546886;3.374;29.37;2022-09-30;5071;3.374
2022-09-30;2036-12-04;14.179329226557153;3.39;122.17;2022-09-30;5179;3.39
2022-09-30;2040-04-16;17.544147843942504;3.4880000000000004;39.89;2022-09-30;6408;3.4880000000000004
2022-09-30;2046-02-19;23.38945927446954;3.6609999999999996;18.21;2022-09-30;8543;3.6609999999999996
2022-09-30;2050-02-14;27.37577002053388;3.628;112.46;2022-09-30;9999;3.628
2022-09-30;2051-02-20;28.39151266255989;3.61;124.04;2022-09-29;10370;3.61
2022-10-31;2022-11-14;0.038329911019849415;2.35;36.63;2022-10-31;14;2.410136213815539
2022-10-31;2022-12-12;0.11498973305954825;2.396;322.87;2022-10-31;42;2.4555528397230963
2022-10-31;2023-01-02;0.17248459958932238;2.27;149.81;2022-10-31;63;2.323551906695287
2022-10-31;2023-01-23;0.2299794661190965;2.383;53.52;2022-10-31;84;2.438665554875019
2022-10-31;2023-03-20;0.38329911019849416;2.343;281.24;2022-10-31;140;2.3929671311250678
2022-10-31;2023-04-03;0.4216290212183436;2.37;304.39;2022-10-31;154;2.4196267663943116
2022-10-31;2023-07-17;0.7091033538672142;2.43;137.13;2022-10-31;259;2.4725339322686057
2022-10-31;2023-08-05;0.7611225188227242;2.44;141.73;2022-10-31;278;2.481151511274282
2022-10-31;2023-09-11;0.8624229979466119;2.472;214.28;2022-10-31;315;2.5106100316253377
2022-10-31;2023-09-18;0.8815879534565366;2.547;372.48;2022-10-31;322;2.5862775403675986
2022-10-31;2024-01-15;1.2073921971252566;2.55;310.57;2022-10-31;441;2.55
2022-10-31;2024-03-18;1.379876796714579;2.55;452.19;2022-10-31;504;2.55
2022-10-31;2024-04-15;1.4565366187542779;2.55;144.9;2022-10-31;532;2.55
2022-10-31;2024-06-17;1.6290212183436004;2.55;159.87;2022-10-31;595;2.55
2022-10-31;2024-07-15;1.7056810403832992;2.55;150.14;2022-10-31;623;2.55
2022-10-31;2024-10-14;1.9548254620123204;2.58;50.08;2022-10-31;714;2.58
2022-10-31;2025-10-20;2.97056810403833;2.539;60.21;2022-10-31;1085;2.539
2022-10-31;2026-04-20;3.468856947296372;2.606;41.19;2022-10-31;1267;2.606
2022-10-31;2026-06-15;3.62217659137577;2.604;41.75;2022-10-31;1323;2.604
2022-10-31;2026-10-19;3.9671457905544147;2.655;83.28;2022-10-31;1449;2.655
2022-10-31;2027-05-17;4.542094455852156;2.73;148.52;2022-10-31;1659;2.73
2022-10-31;2027-06-14;4.618754277891855;2.74;223.18;2022-10-31;1687;2.74
2022-10-31;2030-06-17;7.627652292950034;3.0490000000000004;210.33;2022-10-31;2786;3.0490000000000004
2022-10-31;2031-07-18;8.711841204654347;3.187;52.52;2022-10-31;3182;3.187
2022-10-31;2033-07-18;10.713210130047912;3.173;63.99;2022-10-31;3913;3.173
2022-10-31;2035-07-16;12.706365503080082;3.282;78.48;2022-10-31;4641;3.282
2022-10-31;2036-07-14;13.702943189596168;3.365;59.22;2022-10-31;5005;3.365
2022-10-31;2040-04-16;17.45927446954141;3.493;10.7;2022-10-31;6377;3.493
2022-10-31;2046-02-19;23.304585900068446;3.66;43.02;2022-10-07;8512;3.66
2022-10-31;2051-02-20;28.306639288158795;3.61;124.04;2022-09-29;10339;3.61
2022-11-30;2022-12-05;0.013689253935660506;2.35;20.16;2022-11-24;5;2.410852392823659
2022-11-30;2022-12-12;0.03285420944558522;2.41;160.28;2022-11-24;12;2.4725644502401334
2022-11-30;2023-02-27;0.243668720054757;2.58;75.01;2022-11-29;89;2.6418196976292663
2022-11-30;2023-03-20;0.30116358658453113;2.508;700.82;2022-11-30;110;2.565496151225566
2022-11-30;2023-05-15;0.4544832306639288;2.633;210.51;2022-11-30;166;2.68901234603669
2022-11-30;2023-05-22;0.4736481861738535;2.668;411.58;2022-11-30;173;2.724310131797436
2022-11-30;2023-09-11;0.7802874743326489;2.815;496.6;2022-11-30;285;2.8629769561048235
2022-11-30;2023-09-18;0.7994524298425736;2.825;346.39;2022-11-30;292;2.8723934293613196
2022-11-30;2023-10-16;0.8761122518822724;2.846;146.89;2022-11-30;320;2.8906236465280566
2022-11-30;2023-11-13;0.9527720739219713;2.9;49.81;2022-11-30;348;2.9422733981224747
2022-11-30;2024-03-18;1.297741273100616;2.957;50.08;2022-11-30;474;2.957
2022-11-30;2024-09-16;1.7960301163586585;3.037;148.78;2022-11-30;656;3.037
2022-11-30;2026-04-20;3.3867214236824092;2.914;40.88;2022-11-30;1237;2.914
2022-11-30;2026-10-19;3.885010266940452;2.915;67.94;2022-11-30;1419;2.915
2022-11-30;2027-05-17;4.459958932238193;2.916;113.81;2022-11-30;1629;2.916
2022-11-30;2027-06-14;4.5366187542778915;2.916;90.34;2022-11-30;1657;2.916
2022-11-30;2030-06-17;7.545516769336071;3.042;146.24;2022-11-30;2756;3.042
2022-11-30;2031-07-18;8.629705681040383;3.122;52.91;2022-11-30;3152;3.122
2022-11-30;2032-06-14;9.538672142368242;3.183;38.24;2022-11-30;3484;3.183
2022-11-30;2033-07-18;10.63107460643395;3.25;142.21;2022-11-30;3883;3.25
2022-11-30;2035-02-19;12.2217659137577;3.3;31.93;2022-11-30;4464;3.3
2022-11-30;2035-07-16;12.624229979466119;3.3639999999999994;78.03;2022-11-30;4611;3.3639999999999994
2022-11-30;2036-07-14;13.620807665982204;3.362;26.44;2022-11-30;4975;3.362
2022-11-30;2040-04-16;17.377138945927445;3.495;114.4;2022-11-07;6347;3.495
2022-11-30;2046-02-19;23.222450376454482;3.5330000000000004;43.78;2022-11-29;8482;3.5330000000000004
2022-11-30;2051-02-20;28.22450376454483;3.61;124.04;2022-09-29;10309;3.61
2022-12-30;2023-01-13;0.038329911019849415;2.948;322.4;2022-12-30;14;3.0322978280334034
2022-12-30;2023-01-23;0.06570841889117043;2.93;120.47;2022-12-30;24;3.0122748445631675
2022-12-30;2023-03-06;0.1806981519507187;2.942;30.15;2022-12-30;66;3.0195362316199903
2022-12-30;2023-05-22;0.3915126625598905;3.172;168.01;2022-12-30;143;3.247582530048887
2022-12-30;2023-06-19;0.4681724845995893;3.008;829.46;2022-12-30;171;3.0745116733474243
2022-12-30;2023-07-17;0.5448323066392882;3.002;210.28;2022-12-30;199;3.0647414683515395
2022-12-30;2023-08-05;0.5968514715947981;3.016;116.18;2022-12-30;218;3.0766812395116805
2022-12-30;2023-09-11;0.6981519507186859;3.045;349.31;2022-12-30;255;3.1015957799498395
2022-12-30;2023-10-16;0.7939767282683093;3.13;57.86;2022-12-30;290;3.183755290637569
2022-12-30;2024-01-15;1.0431211498973305;2.967;62.41;2022-12-30;381;2.967
2022-12-30;2024-03-18;1.215605749486653;2.987;100.37;2022-12-30;444;2.987
2022-12-30;2024-04-15;1.2922655715263518;2.961;261.82;2022-12-30;472;2.961
2022-12-30;2024-06-17;1.4647501711156743;2.9909999999999997;53.19;2022-12-30;535;2.9909999999999997
2022-12-30;2024-07-15;1.541409993155373;2.989;149.79;2022-12-30;563;2.989
2022-12-30;2024-09-16;1.7138945927446954;3.05;69.58;2022-12-30;626;3.05
2022-12-30;2025-10-20;2.8062970568104038;2.98;100.5;2022-12-30;1025;2.98
2022-12-30;2026-04-20;3.3045859000684463;2.941;138.51;2022-12-30;1207;2.941
2022-12-30;2029-04-16;6.294318959616701;3.003;118.63;2022-12-30;2299;3.003
2022-12-30;2029-06-18;6.466803559206023;3.011;115.57;2022-12-30;2362;3.011
2022-12-30;2031-06-16;8.459958932238193;3.126;274.67;2022-12-30;3090;3.126
2022-12-30;2033-07-18;10.548939082819986;3.211;317.93;2022-12-30;3853;3.211
2022-12-30;2034-07-17;11.545516769336071;3.346;61.82;2022-12-30;4217;3.346
2022-12-30;2035-07-16;12.542094455852157;3.279;356.46;2022-12-30;4581;3.279
2022-12-30;2036-08-18;13.634496919917865;3.374;36.32;2022-12-30;4980;3.374
2022-12-30;2038-08-16;15.627652292950033;3.433;135.19;2022-12-30;5708;3.433
2022-12-30;2040-04-16;17.295003422313485;3.488;15.09;2022-12-30;6317;3.488
2022-12-30;2046-02-19;23.140314852840522;3.6139999999999994;21.09;2022-12-30;8452;3.6139999999999994
2022-12-30;2050-02-14;27.12662559890486;3.789;13.91;2022-12-30;9908;3.789
2022-12-30;2051-02-20;28.142368240930868;3.612;135.76;2022-12-30;10279;3.612
2023-01-31;2023-03-20;0.13141683778234087;3.13;;2023-01-06;48;3.217547456507175
2023-01-31;2023-05-01;0.2464065708418891;3.04;1000.0;2023-01-30;90;3.1181969835309964
2023-01-31;2024-02-19;1.051334702258727;3.59;3929.0;2023-01-30;384;3.59
2023-01-31;2025-05-19;2.297056810403833;3.72;100.0;2023-01-23;839;3.72
2023-01-31;2028-04-17;5.210130047912389;3.92;749.0;2023-01-16;1903;3.92
2023-01-31;2031-06-16;8.372347707049967;4.12;;2023-01-06;3058;4.12
2023-01-31;2033-06-20;10.38466803559206;4.23;249.0;2023-01-16;3793;4.23
2023-01-31;2040-04-16;17.207392197125255;4.63;;2023-01-06;6285;4.63
2023-01-31;2043-08-17;20.542094455852155;4.78;30.0;2023-01-16;7503;4.78
2023-01-31;2051-02-20;28.05475701574264;5.12;;2023-01-06;10247;5.12
2023-02-28;2023-04-03;0.09308692676249145;3.11;1107.0;2023-02-28;34;3.1986645696870264
2023-02-28;2023-04-10;0.11225188227241616;3.14;603.0;2023-02-28;41;3.228967626314594
2023-02-28;2023-04-17;0.13141683778234087;3.12;1021.0;2023-02-28;48;3.2071262938714318
2023-02-28;2023-04-24;0.15058179329226556;3.16;502.0;2023-02-28;55;3.2478062431876786
2023-02-28;2023-05-01;0.1697467488021903;3.04;1000.0;2023-01-30;62;3.12192262564972
2023-02-28;2023-08-07;0.4380561259411362;3.15;7270.0;2023-02-06;160;3.222431446367624
2023-02-28;2024-05-20;1.2238193018480492;3.58;1139.0;2023-02-20;447;3.58
2023-02-28;2025-07-14;2.3737166324435317;3.8699999999999997;1310.0;2023-02-28;867;3.8699999999999997
2023-02-28;2028-04-17;5.13347022587269;4.09;617.0;2023-02-20;1875;4.09
2023-02-28;2031-06-16;8.295687885010267;4.12;;2023-01-06;3030;4.12
2023-02-28;2033-06-20;10.30800821355236;4.58;1923.0;2023-02-28;3765;4.58
2023-02-28;2040-04-16;17.130732375085557;4.63;;2023-01-06;6257;4.63
2023-02-28;2043-08-17;20.465434633812457;4.78;30.0;2023-01-16;7475;4.78
2023-02-28;2051-02-20;27.978097193702943;5.12;;2023-01-06;10219;5.12
2023-03-31;2023-05-22;0.14236824093086928;3.03;;2023-03-31;52;3.1128466879065453
2023-03-31;2023-09-18;0.4681724845995893;3.17;;2023-03-31;171;3.241498511701457
2023-03-31;2024-02-19;0.8898015058179329;3.44;;2023-03-31;325;3.4943836667268524
2023-03-31;2024-09-16;1.4647501711156743;3.67;;2023-03-31;535;3.67
2023-03-31;2025-04-14;2.0396988364134154;3.88;;2023-03-31;745;3.88
2023-03-31;2030-06-17;7.214236824093087;4.3;;2023-03-31;2635;4.3
2023-03-31;2032-06-14;9.207392197125257;4.51;;2023-03-31;3363;4.51
2023-03-31;2036-07-14;13.289527720739219;4.85;;2023-03-31;4854;4.85
2023-03-31;2040-04-16;17.045859000684462;5.07;;2023-03-31;6226;5.07
2023-03-31;2051-02-20;27.89322381930185;5.53;;2023-03-31;10188;5.53
2023-04-28;2023-07-17;0.2190280629705681;3.02;;2023-04-28;80;3.098757812405206
2023-04-28;2023-09-11;0.3723477070499658;3.09;;2023-04-28;136;3.1637885624018702
2023-04-28;2024-02-19;0.813141683778234;3.41;;2023-04-28;297;3.4684162136095598
2023-04-28;2024-09-16;1.3880903490759753;3.73;;2023-04-28;507;3.73
2023-04-28;2027-05-17;4.05201916495551;4.16;;2023-04-28;1480;4.16
2023-04-28;2030-06-17;7.137577002053388;4.41;;2023-04-28;2607;4.41
2023-04-28;2032-06-14;9.130732375085557;4.55;;2023-04-28;3335;4.55
2023-04-28;2036-07-14;13.212867898699521;4.96;;2023-04-28;4826;4.96
2023-04-28;2040-04-16;16.969199178644764;5.19;;2023-04-28;6198;5.19
2023-04-28;2051-02-20;27.81656399726215;5.64;;2023-04-28;10160;5.64
2023-05-31;2023-07-17;0.12867898699520877;3.0;;2023-05-31;47;3.082273555108639
2023-05-31;2023-09-11;0.28199863107460643;3.01;;2023-05-31;103;3.085380450849473
2023-05-31;2023-12-04;0.5119780971937029;3.1;;2023-06-05;187;3.1671373874489595
2023-05-31;2024-09-16;1.297741273100616;3.53;;2023-05-31;474;3.53
2023-05-31;2027-05-17;3.9616700889801506;4.0;;2023-05-31;1447;4.0
2023-05-31;2030-06-17;7.047227926078029;4.29;;2023-05-31;2574;4.29
2023-05-31;2033-06-20;10.056125941136209;4.63;;2023-06-05;3673;4.63
2023-05-31;2036-07-14;13.122518822724162;4.82;;2023-05-31;4793;4.82
2023-05-31;2043-08-17;20.213552361396303;5.31;;2023-06-05;7383;5.31
2023-05-31;2050-02-14;26.71047227926078;5.55;;2023-05-31;9756;5.55
2023-06-28;2023-09-11;0.2053388090349076;2.98;;2023-06-28;75;3.057869711386041
2023-06-28;2023-10-16;0.30116358658453113;2.98;;2023-06-28;110;3.0534048055750107
2023-06-28;2024-02-19;0.6461327857631759;3.06;;2023-06-28;236;3.1194582614500366
2023-06-28;2024-09-16;1.2210814510609171;3.29;;2023-06-28;446;3.29
2023-06-28;2027-05-17;3.885010266940452;3.68;;2023-06-28;1419;3.68
2023-06-28;2030-06-17;6.97056810403833;3.91;;2023-06-28;2546;3.91
2023-06-28;2034-06-19;10.976043805612594;4.34;;2023-07-03;4009;4.34
2023-06-28;2036-07-14;13.045859000684462;4.51;;2023-06-28;4765;4.51
2023-06-28;2043-08-17;20.136892539356605;4.99;;2023-07-03;7355;4.99
2023-06-28;2054-02-16;30.639288158795345;5.43;;2023-07-03;11191;5.43
2023-07-31;2023-09-11;0.11498973305954825;2.95;;2023-07-31;42;3.0308601388917777
2023-07-31;2024-01-15;0.459958932238193;3.03;;2023-07-31;168;3.097572845645824
2023-07-31;2024-02-19;0.5557837097878165;3.07;;2023-07-31;203;3.134114513281694
2023-07-31;2024-09-16;1.1307323750855578;3.36;;2023-07-31;413;3.36
2023-07-31;2027-05-17;3.7946611909650922;3.69;;2023-07-31;1386;3.69
2023-07-31;2030-06-17;6.880219028062971;3.89;;2023-07-31;2513;3.89
2023-07-31;2032-06-14;8.873374401095141;4.07;;2023-07-31;3241;4.07
2023-07-31;2036-07-14;12.955509924709103;4.4;;2023-07-31;4732;4.4
2023-07-31;2040-04-16;16.711841204654345;4.74;;2023-07-31;6104;4.74
2023-07-31;2051-02-20;27.55920602327173;5.3;;2023-07-31;10066;5.3
2023-08-31;2023-10-16;0.12594113620807665;2.97;;2023-08-31;46;3.051173162192411
2023-08-31;2024-01-15;0.3750855578370979;3.02;;2023-08-31;137;3.0913012810012352
2023-08-31;2024-03-18;0.5475701574264202;3.08;;2023-08-31;200;3.1447974932393485
2023-08-31;2024-09-16;1.0458590006844628;3.31;;2023-08-31;382;3.31
2023-08-31;2027-05-17;3.7097878165639973;3.67;;2023-08-31;1355;3.67
2023-08-31;2030-06-17;6.795345653661875;3.9;;2023-08-31;2482;3.9
2023-08-31;2032-06-14;8.788501026694044;4.07;;2023-08-31;3210;4.07
2023-08-31;2036-07-14;12.870636550308008;4.41;;2023-08-31;4701;4.41
2023-08-31;2040-04-16;16.62696783025325;4.73;;2023-08-31;6073;4.73
2023-08-31;2051-02-20;27.474332648870636;5.3;;2023-08-31;10035;5.3
2023-09-27;2023-11-20;0.14784394250513347;2.97;;2023-09-27;54;3.0501547409365504
2023-09-27;2024-01-15;0.30116358658453113;3.04;;2023-09-27;110;3.1155430264550033
2023-09-27;2024-07-15;0.7994524298425736;3.18;;2023-09-27;292;3.234495631187273
2023-09-27;2025-08-18;1.891854893908282;3.47;;2023-09-27;691;3.47
2023-09-27;2027-05-17;3.6358658453114305;3.64;;2023-09-27;1328;3.64
2023-09-27;2030-06-17;6.721423682409308;3.94;;2023-09-27;2455;3.94
2023-09-27;2033-06-20;9.730321697467488;4.15;;2023-09-27;3554;4.15
2023-09-27;2038-07-19;14.809034907597535;4.56;;2023-09-27;5409;4.56
2023-09-27;2040-04-16;16.553045859000683;4.71;;2023-09-27;6046;4.71
2023-09-27;2051-02-20;27.40041067761807;5.3;;2023-09-27;10008;5.3
2023-10-31;2023-12-04;0.09308692676249145;2.9;;2023-10-31;34;2.979791676641086
2023-10-31;2024-02-19;0.30390143737166325;2.94;;2023-10-31;111;3.0118699715171893
2023-10-31;2024-07-15;0.7063655030800822;3.03;;2023-10-31;258;3.0858585639416125
2023-10-31;2025-08-18;1.7987679671457906;3.37;;2023-10-31;657;3.37
2023-10-31;2027-05-17;3.542778918548939;3.59;;2023-10-31;1294;3.59
2023-10-31;2030-06-17;6.628336755646817;3.9;;2023-10-31;2421;3.9
2023-10-31;2033-06-20;9.637234770704996;4.15;;2023-10-31;3520;4.15
2023-10-31;2038-07-19;14.715947980835045;4.55;;2023-10-31;5375;4.55
2023-10-31;2040-04-16;16.459958932238195;4.71;;2023-10-31;6012;4.71
2023-10-31;2051-02-20;27.307323750855577;5.26;;2023-10-31;9974;5.26
2023-11-30;2024-01-15;0.12594113620807665;2.92;;2023-11-30;46;2.9991409324529705
2023-11-30;2024-05-20;0.47091033538672145;2.96;;2023-11-30;172;3.024936923393673
2023-11-30;2024-07-15;0.6242299794661191;3.01;;2023-11-30;228;3.0692403111503896
2023-11-30;2025-08-18;1.7166324435318274;3.26;;2023-11-30;627;3.26
2023-11-30;2027-05-17;3.460643394934976;3.49;;2023-11-30;1264;3.49
2023-11-30;2030-06-17;6.546201232032854;3.72;;2023-11-30;2391;3.72
2023-11-30;2033-06-20;9.555099247091034;4.0;;2023-11-30;3490;4.0
2023-11-30;2038-07-19;14.633812457221081;4.38;;2023-11-30;5345;4.38
2023-11-30;2040-04-16;16.37782340862423;4.63;;2023-11-30;5982;4.63
2023-11-30;2051-02-20;27.225188227241617;5.25;;2023-11-30;9944;5.25
2023-12-29;2024-02-19;0.14236824093086928;2.92;;2023-12-29;52;2.9984028419413944
2023-12-29;2024-05-20;0.3915126625598905;2.98;;2023-12-29;143;3.049210852244788
2023-12-29;2024-07-15;0.5448323066392882;3.0;;2023-12-29;199;3.0626856686466697
2023-12-29;2025-08-18;1.6372347707049966;3.23;;2023-12-29;598;3.23
2023-12-29;2027-05-17;3.381245722108145;3.41;;2023-12-29;1235;3.41
2023-12-29;2030-06-17;6.466803559206023;3.65;;2023-12-29;2362;3.65
2023-12-29;2034-09-18;10.72142368240931;3.91;;2023-12-29;3916;3.91
2023-12-29;2038-07-19;14.55441478439425;4.17;;2023-12-29;5316;4.17
2023-12-29;2040-04-16;16.298425735797398;4.35;;2023-12-29;5953;4.35
2023-12-29;2051-02-20;27.145790554414784;4.99;;2023-12-29;9915;4.99
2024-01-31;2024-03-18;0.12867898699520877;2.88;;2024-01-31;47;2.9574120216579125
2024-01-31;2024-05-20;0.30116358658453113;3.06;;2024-01-31;110;3.1362615822618345
2024-01-31;2024-11-19;0.8021902806297057;3.14;;2024-01-31;293;3.193544128469683
2024-01-31;2025-11-17;1.7960301163586585;3.29;;2024-01-31;656;3.29
2024-01-31;2028-04-17;4.210814510609172;3.48;;2024-01-31;1538;3.48
2024-01-31;2031-06-16;7.3730321697467485;3.58;;2024-01-31;2693;3.58
2024-01-31;2034-09-18;10.63107460643395;3.81;;2024-02-05;3883;3.81
2024-01-31;2039-03-14;15.11567419575633;3.97;;2024-01-31;5521;3.97
2024-01-31;2044-08-15;20.539356605065024;4.32;;2024-02-05;7502;4.32
2024-01-31;2054-02-16;30.04517453798768;5.03;;2024-01-31;10974;5.03
2024-02-29;2024-04-15;0.12594113620807665;2.94;;2024-02-29;46;3.019951068374227
2024-02-29;2024-07-15;0.3750855578370979;3.05;;2024-02-29;137;3.1223048465210734
2024-02-29;2024-11-19;0.7227926078028748;3.09;;2024-02-29;264;3.1464337972120227
2024-02-29;2025-11-17;1.7166324435318274;3.22;;2024-02-29;627;3.22
2024-02-29;2028-04-17;4.131416837782341;3.36;;2024-02-29;1509;3.36
2024-02-29;2031-06-16;7.293634496919918;3.55;;2024-02-29;2664;3.55
2024-02-29;2034-06-19;10.302532511978097;3.74;;2024-02-29;3763;3.74
2024-02-29;2039-03-14;15.0362765229295;3.99;;2024-02-29;5492;3.99
2024-02-29;2043-08-17;19.463381245722108;4.18;;2024-02-29;7109;4.18
2024-02-29;2054-02-16;29.965776865160848;4.93;;2024-02-29;10945;4.93
2024-03-29;2024-04-15;0.04654346338124572;3.0;;2024-04-02;17;3.0861790125585653
2024-03-29;2024-06-17;0.2190280629705681;2.99;;2024-04-02;80;3.0676113332576804
2024-03-29;2024-07-15;0.29568788501026694;3.02;;2024-04-02;108;3.095088995814921
2024-03-29;2024-11-19;0.6433949349760438;3.07;;2024-03-29;235;3.129841291841684
2024-03-29;2025-04-14;1.0431211498973305;3.17;;2024-04-02;381;3.17
2024-03-29;2028-04-17;4.05201916495551;3.34;;2024-03-29;1480;3.34
2024-03-29;2029-10-15;5.546885694729637;3.47;;2024-04-02;2026;3.47
2024-03-29;2034-09-18;10.472279260780287;3.77;;2024-04-02;3825;3.77
2024-03-29;2039-03-14;14.956878850102669;3.97;;2024-03-29;5463;3.97
2024-03-29;2043-08-17;19.38398357289528;4.17;;2024-03-29;7080;4.17
2024-03-29;2054-02-16;29.88637919233402;4.88;;2024-04-02;10916;4.88
2024-04-30;2024-07-15;0.2080766598220397;2.97;;2024-04-30;76;3.047358730548222
2024-04-30;2024-08-19;0.30390143737166325;3.04;;2024-04-30;111;3.1154104859582032
2024-04-30;2024-11-19;0.5557837097878165;3.1;;2024-04-30;203;3.1649527026405666
2024-04-30;2025-11-17;1.5496235455167693;3.23;;2024-04-30;566;3.23
2024-04-30;2028-04-17;3.9644079397672827;3.36;;2024-04-30;1448;3.36
2024-04-30;2031-06-16;7.12662559890486;3.54;;2024-04-30;2603;3.54
2024-04-30;2034-06-19;10.13552361396304;3.74;;2024-04-30;3702;3.74
2024-04-30;2039-03-14;14.869267624914443;3.97;;2024-04-30;5431;3.97
2024-04-30;2043-08-17;19.29637234770705;4.17;;2024-04-30;7048;4.17
2024-04-30;2054-02-16;29.79876796714579;4.85;;2024-04-30;10884;4.85
2024-05-31;2024-06-17;0.04654346338124572;2.99;;2024-06-04;17;3.0757425088956403
2024-05-31;2024-07-15;0.12320328542094455;2.96;;2024-06-04;45;3.04089137810315
2024-05-31;2024-09-16;0.29568788501026694;3.06;;2024-05-31;108;3.1365302406050732
2024-05-31;2025-04-14;0.8706365503080082;3.09;;2024-06-04;318;3.1391876326512413
2024-05-31;2025-06-02;1.0047912388774811;3.11;;2024-06-04;367;3.11
2024-05-31;2025-11-17;1.4647501711156743;3.22;;2024-05-31;535;3.22
2024-05-31;2028-04-17;3.8795345653661877;3.36;;2024-05-31;1417;3.36
2024-05-31;2031-06-16;7.041752224503765;3.56;;2024-05-31;2572;3.56
2024-05-31;2034-09-18;10.299794661190965;3.78;;2024-06-04;3762;3.78
2024-05-31;2039-07-18;15.129363449691992;4.03;;2024-06-04;5526;4.03
2024-05-31;2044-08-15;20.20807665982204;4.23;;2024-06-04;7381;4.23
2024-05-31;2055-02-15;30.71047227926078;4.92;;2024-06-04;11217;4.92
2024-06-28;2024-08-19;0.14236824093086928;2.77;;2024-07-02;52;2.842518601534927
2024-06-28;2024-08-26;0.16153319644079397;2.78;;2024-06-28;59;2.8521255035765636
2024-06-28;2024-10-14;0.29568788501026694;2.79;;2024-07-02;108;2.857029334269101
2024-06-28;2024-11-19;0.3942505133470226;2.8;;2024-06-28;144;2.8633362054615974
2024-06-28;2025-01-20;0.5639972621492129;2.82;;2024-06-28;206;2.876950383318677
2024-06-28;2025-04-14;0.7939767282683093;2.89;;2024-07-02;290;2.9389095867234705
2024-06-28;2025-06-02;0.9281314168377823;2.9;;2024-07-02;339;2.943331357581469
2024-06-28;2025-11-17;1.3880903490759753;2.93;;2024-06-28;507;2.93
2024-06-28;2026-05-18;1.8863791923340179;3.03;;2024-06-28;689;3.03
2024-06-28;2026-06-15;1.9630390143737166;3.03;;2024-06-28;717;3.03
2024-06-28;2028-04-17;3.802874743326489;3.19;;2024-06-28;1389;3.19
2024-06-28;2029-10-15;5.297741273100616;3.3;;2024-07-02;1935;3.3
2024-06-28;2034-09-18;10.223134839151266;3.59;;2024-07-02;3734;3.59
2024-06-28;2039-07-18;15.052703627652292;3.85;;2024-07-02;5498;3.85
2024-06-28;2044-08-15;20.13141683778234;4.09;;2024-07-02;7353;4.09
2024-06-28;2055-02-15;30.633812457221083;4.71;;2024-07-02;11189;4.71
2024-07-31;2024-09-16;0.12867898699520877;2.59;;2024-07-31;47;2.6562071671454746
2024-07-31;2024-11-19;0.30390143737166325;2.61;;2024-07-31;111;2.6706995982345827
2024-07-31;2025-05-19;0.7994524298425736;2.73;;2024-07-31;292;2.7755360232530224
2024-07-31;2025-11-17;1.297741273100616;2.78;;2024-07-31;474;2.78
2024-07-31;2028-04-17;3.7125256673511293;3.04;;2024-07-31;1356;3.04
2024-07-31;2031-06-16;6.874743326488707;3.28;;2024-07-31;2511;3.28
2024-07-31;2034-06-19;9.883641341546886;3.51;;2024-07-31;3610;3.51
2024-07-31;2039-03-14;14.617385352498289;3.75;;2024-07-31;5339;3.75
2024-07-31;2043-08-17;19.044490075290895;4.0;;2024-07-31;6956;4.0
2024-07-31;2054-02-16;29.54688569472964;4.61;;2024-07-31;10792;4.61
2024-08-30;2024-10-14;0.12320328542094455;2.61;;2024-08-30;45;2.677151356548979
2024-08-30;2025-01-20;0.3915126625598905;2.65;;2024-08-30;143;2.708801501098712
2024-08-30;2025-05-19;0.7173169062286106;2.74;;2024-08-30;262;2.7889011840652067
2024-08-30;2025-11-17;1.215605749486653;2.76;;2024-08-30;444;2.76
2024-08-30;2028-04-17;3.6303901437371664;2.91;;2024-08-30;1326;2.91
2024-08-30;2031-06-16;6.792607802874743;3.2;;2024-08-30;2481;3.2
2024-08-30;2034-06-19;9.801505817932922;3.38;;2024-08-30;3580;3.38
2024-08-30;2039-03-14;14.535249828884325;3.62;;2024-08-30;5309;3.62
2024-08-30;2043-08-17;18.962354551676935;3.97;;2024-08-30;6926;3.97
2024-08-30;2054-02-16;29.464750171115675;4.57;;2024-08-30;10762;4.57
2024-09-30;2024-11-19;0.13689253935660506;2.67;;2024-09-30;50;2.738913447202007
2024-09-30;2025-01-20;0.3066392881587953;2.72;;2024-09-30;112;2.7842296571399805
2024-09-30;2025-05-19;0.6324435318275154;2.74;;2024-09-30;231;2.7921874484687192
2024-09-30;2025-11-17;1.1307323750855578;2.8;;2024-09-30;413;2.8
2024-09-30;2028-04-17;3.5455167693360714;2.93;;2024-09-30;1295;2.93
2024-09-30;2031-06-16;6.707734428473648;3.09;;2024-09-30;2450;3.09
2024-09-30;2033-06-20;8.720054757015742;3.23;;2024-09-30;3185;3.23
2024-09-30;2039-03-14;14.45037645448323;3.53;;2024-09-30;5278;3.53
2024-09-30;2043-08-17;18.87748117727584;3.86;;2024-09-30;6895;3.86
2024-09-30;2054-02-16;29.37987679671458;4.4;;2024-09-30;10731;4.4
2024-10-31;2025-01-20;0.22176591375770022;2.66;;2024-10-31;81;2.725383183371255
2024-10-31;2025-04-14;0.4517453798767967;2.68;;2024-10-31;165;2.7374679583531014
2024-10-31;2025-05-19;0.5475701574264202;2.69;;2024-10-31;200;2.7441595629610127
2024-10-31;2025-11-17;1.0458590006844628;2.7;;2024-10-31;382;2.7
2024-10-31;2028-04-17;3.460643394934976;2.83;;2024-10-31;1264;2.83
2024-10-31;2031-06-16;6.622861054072553;3.02;;2024-10-31;2419;3.02
2024-10-31;2034-06-19;9.631759069130732;3.22;;2024-10-31;3518;3.22
2024-10-31;2039-03-14;14.365503080082135;3.46;;2024-10-31;5247;3.46
2024-10-31;2043-08-17;18.792607802874745;3.77;;2024-10-31;6864;3.77
2024-10-31;2054-02-16;29.295003422313485;4.31;;2024-10-31;10700;4.31
2024-11-29;2025-01-20;0.14236824093086928;2.62;;2024-11-29;52;2.6868367185186592
2024-11-29;2025-04-14;0.3723477070499658;2.7;;2024-11-29;136;2.7610628940547555
2024-11-29;2025-11-17;0.9664613278576317;2.73;;2024-11-29;353;2.7691653536545013
2024-11-29;2026-11-16;1.9630390143737166;2.77;;2024-11-29;717;2.77
2024-11-29;2028-04-17;3.381245722108145;2.84;;2024-11-29;1235;2.84
2024-11-29;2031-06-16;6.543463381245722;3.05;;2024-11-29;2390;3.05
2024-11-29;2034-06-19;9.552361396303901;3.3;;2024-11-29;3489;3.3
2024-11-29;2039-03-14;14.286105407255304;3.54;;2024-11-29;5218;3.54
2024-11-29;2043-08-17;18.713210130047912;3.74;;2024-11-29;6835;3.74
2024-11-29;2054-02-16;29.215605749486652;4.3;;2024-11-29;10671;4.3
2024-12-31;2025-03-01;0.16427104722792607;2.49;;2024-12-31;60;2.5513633273628544
2024-12-31;2025-04-14;0.28473648186173856;2.53;;2024-12-31;104;2.5887510232851296
2024-12-31;2025-11-17;0.8788501026694046;2.56;;2024-12-31;321;2.5995897762012055
2024-12-31;2026-11-16;1.8754277891854894;2.65;;2024-12-31;685;2.65
2024-12-31;2028-04-17;3.293634496919918;2.73;;2024-12-31;1203;2.73
2024-12-31;2031-06-16;6.455852156057495;2.92;;2024-12-31;2358;2.92
2024-12-31;2034-06-19;9.464750171115675;3.17;;2024-12-31;3457;3.17
2024-12-31;2039-03-14;14.198494182067078;3.41;;2024-12-31;5186;3.41
2024-12-31;2043-08-17;18.625598904859686;3.7;;2024-12-31;6803;3.7
2024-12-31;2054-02-16;29.127994524298426;4.3;;2024-12-31;10639;4.3
2025-01-31;2025-04-14;0.1998631074606434;2.49;;2025-01-31;73;2.5502064665427593
2025-01-31;2025-07-14;0.4490075290896646;2.57;;2025-01-31;164;2.624405639277483
2025-01-31;2026-01-19;0.9664613278576317;2.59;;2025-01-31;353;2.6270966111208605
2025-01-31;2026-11-16;1.7905544147843941;2.65;;2025-01-31;654;2.65
2025-01-31;2029-10-15;4.70362765229295;2.78;;2025-01-31;1718;2.78
2025-01-31;2030-04-15;5.201916495550993;2.82;;2025-01-31;1900;2.82
2025-01-31;2035-06-18;10.376454483230663;3.17;;2025-01-31;3790;3.17
2025-01-31;2039-07-18;14.458590006844627;3.4;;2025-01-31;5281;3.4
2025-01-31;2045-08-14;20.53388090349076;3.75;;2025-01-31;7500;3.75
2025-01-31;2055-04-19;30.21218343600274;4.18;;2025-01-31;11035;4.18
2025-02-28;2025-04-14;0.12320328542094455;2.49;;2025-02-28;45;2.5526999011187046
2025-02-28;2025-07-14;0.3723477070499658;2.54;;2025-02-28;136;2.5961279154520067
2025-02-28;2026-01-19;0.8898015058179329;2.57;;2025-02-28;325;2.6093898369176305
2025-02-28;2026-11-16;1.7138945927446954;2.63;;2025-02-28;626;2.63
2025-02-28;2029-10-15;4.6269678302532515;2.83;;2025-02-28;1690;2.83
2025-02-28;2030-04-15;5.125256673511293;2.86;;2025-02-28;1872;2.86
2025-02-28;2035-06-18;10.299794661190965;3.18;;2025-02-28;3762;3.18
2025-02-28;2039-07-18;14.381930184804927;3.4;;2025-02-28;5253;3.4
2025-02-28;2045-08-14;20.45722108145106;3.75;;2025-02-28;7472;3.75
2025-02-28;2055-04-19;30.135523613963038;4.17;;2025-02-28;11007;4.17
2025-03-28;2025-05-19;0.14236824093086928;2.22;;2025-03-28;52;2.2726726676954856
2025-03-28;2025-07-14;0.29568788501026694;2.34;;2025-03-28;108;2.3923803224773943
2025-03-28;2026-01-19;0.813141683778234;2.36;;2025-03-28;297;2.398084553285318
2025-03-28;2026-11-16;1.6372347707049966;2.4;;2025-03-28;598;2.4
2025-03-28;2029-10-15;4.550308008213553;2.7;;2025-03-28;1662;2.7
2025-03-28;2030-04-15;5.048596851471594;2.68;;2025-03-28;1844;2.68
2025-03-28;2035-06-18;10.223134839151266;2.96;;2025-03-28;3734;2.96
2025-03-28;2039-07-18;14.30527036276523;3.22;;2025-03-28;5225;3.22
2025-03-28;2045-08-14;20.380561259411362;3.55;;2025-03-28;7444;3.55
2025-03-28;2055-04-19;30.05886379192334;3.85;;2025-03-28;10979;3.85
2025-04-30;2025-07-21;0.2245037645448323;2.22;;2025-04-30;82;2.270555026372678
2025-04-30;2025-09-15;0.37782340862423;2.23;;2025-04-30;138;2.276897617168583
2025-04-30;2026-01-19;0.7227926078028748;2.24;;2025-04-30;264;2.2782234796987932
2025-04-30;2026-11-16;1.5468856947296372;2.26;;2025-04-30;565;2.26
2025-04-30;2029-10-15;4.459958932238193;2.52;;2025-04-30;1629;2.52
2025-04-30;2030-10-14;5.456536618754278;2.61;;2025-04-30;1993;2.61
2025-04-30;2035-05-14;10.036960985626283;2.85;;2025-05-05;3666;2.85
2025-04-30;2039-07-18;14.21492128678987;3.16;;2025-04-30;5192;3.16
2025-04-30;2045-08-14;20.290212183436;3.46;;2025-05-05;7411;3.46
2025-04-30;2055-04-19;29.968514715947983;3.85;;2025-04-30;10946;3.85
2025-05-30;2025-07-14;0.12320328542094455;2.09;;2025-06-03;45;2.138816292175738
2025-05-30;2025-08-18;0.2190280629705681;2.07;;2025-06-03;80;2.116014322723747
2025-05-30;2025-10-20;0.3915126625598905;2.1;;2025-06-03;143;2.142974178487189
2025-05-30;2026-04-20;0.8898015058179329;2.13;;2025-06-03;325;2.162124604388649
2025-05-30;2026-06-15;1.0431211498973305;2.17;;2025-06-03;381;2.17
2025-05-30;2029-10-15;4.37782340862423;2.32;;2025-05-30;1599;2.32
2025-05-30;2030-10-14;5.374401095140315;2.4;;2025-06-03;1963;2.4
2025-05-30;2035-05-14;9.95482546201232;2.66;;2025-06-03;3636;2.66
2025-05-30;2039-07-18;14.132785763175907;2.95;;2025-05-30;5162;2.95
2025-05-30;2045-08-21;20.227241615331966;3.34;;2025-06-03;7388;3.34
2025-05-30;2055-04-19;29.88637919233402;3.72;;2025-06-03;10916;3.72
2025-06-30;2025-09-15;0.2108145106091718;2.18;;2025-06-30;77;2.2296336544237905
2025-06-30;2025-11-17;0.38329911019849416;2.23;;2025-06-30;140;2.276756002401492
2025-06-30;2026-03-16;0.7091033538672142;2.27;;2025-06-30;259;2.3091947802152735
2025-06-30;2027-03-15;1.7056810403832992;2.28;;2025-06-30;623;2.28
2025-06-30;2030-04-15;4.791238877481177;2.45;;2025-06-30;1750;2.45
2025-06-30;2030-10-14;5.28952772073922;2.5;;2025-06-30;1932;2.5
2025-06-30;2035-06-18;9.96577686516085;2.79;;2025-06-30;3640;2.79
2025-06-30;2039-07-18;14.047912388774812;3.13;;2025-06-30;5131;3.13
2025-06-30;2045-08-14;20.123203285420946;3.36;;2025-06-30;7350;3.36
2025-06-30;2055-04-19;29.801505817932924;3.75;;2025-06-30;10885;3.75
2025-07-31;2025-09-15;0.12594113620807665;2.14;;2025-07-31;46;2.1904058615947353
2025-07-31;2025-11-17;0.29842573579739906;2.17;;2025-07-31;109;2.217164349819223
2025-07-31;2026-02-02;0.5092402464065708;1.94;;2025-08-04;186;1.9764299370012228
2025-07-31;2027-03-15;1.620807665982204;2.21;;2025-07-31;592;2.21
2025-07-31;2027-08-16;2.0424366872005475;2.24;;2025-08-04;746;2.24
2025-07-31;2030-10-14;5.204654346338125;2.41;;2025-07-31;1901;2.41
2025-07-31;2035-05-14;9.78507871321013;2.7;;2025-08-04;3574;2.7
2025-07-31;2039-07-18;13.963039014373717;3.01;;2025-07-31;5100;3.01
2025-07-31;2045-08-21;20.057494866529773;3.33;;2025-08-04;7326;3.33
2025-07-31;2055-04-19;29.71663244353183;3.73;;2025-07-31;10854;3.73
2025-08-29;2025-09-15;0.04654346338124572;2.11;0.0;2025-09-02;17;2.1612646456766305
2025-08-29;2025-10-20;0.14236824093086928;2.17;0.0;2025-09-02;52;2.2210030238447365
2025-08-29;2026-01-19;0.3915126625598905;2.19;0.0;2025-08-29;143;2.23543402542441
2025-08-29;2026-04-20;0.6406570841889117;2.2;0.0;2025-09-02;234;2.2394653364033346
2025-08-29;2027-03-15;1.541409993155373;2.21;0.0;2025-08-29;563;2.21
2025-08-29;2030-04-15;4.6269678302532515;2.38;0.0;2025-08-29;1690;2.38
2025-08-29;2030-10-14;5.125256673511293;2.41;0.0;2025-08-29;1872;2.41
2025-08-29;2035-06-18;9.801505817932922;2.72;0.0;2025-08-29;3580;2.72
2025-08-29;2040-07-16;14.880219028062971;3.06;0.0;2025-09-02;5435;3.06
2025-08-29;2045-08-21;19.978097193702943;3.29;0.0;2025-09-02;7297;3.29
2025-08-29;2055-04-19;29.637234770704996;3.73;0.0;2025-08-29;10825;3.73
2025-09-30;2025-11-17;0.13141683778234087;2.16;0.0;2025-09-30;48;2.21093932093559
2025-09-30;2026-01-19;0.30390143737166325;2.2;0.0;2025-09-30;111;2.247917597710747
2025-09-30;2026-09-14;0.9555099247091033;2.23;0.0;2025-09-30;349;2.262085035968142
2025-09-30;2027-03-15;1.4537987679671458;2.26;0.0;2025-09-30;531;2.26
2025-09-30;2030-04-15;4.539356605065024;2.44;0.0;2025-09-30;1658;2.44
2025-09-30;2030-10-14;5.037645448323066;2.48;0.0;2025-09-30;1840;2.48
2025-09-30;2035-06-18;9.713894592744696;2.76;0.0;2025-09-30;3548;2.76
2025-09-30;2039-07-18;13.796030116358658;3.05;0.0;2025-09-30;5039;3.05
2025-09-30;2045-08-14;19.871321013004792;3.29;0.0;2025-09-30;7258;3.29
2025-09-30;2055-04-19;29.54962354551677;3.74;0.0;2025-09-30;10793;3.74
2025-10-31;2025-11-17;0.04654346338124572;2.11;0.0;2025-11-04;17;2.1612646456766305
2025-10-31;2026-04-20;0.4681724845995893;2.26;0.0;2025-11-04;171;2.3053488743560946
2025-10-31;2026-09-14;0.8706365503080082;2.25;0.0;2025-10-31;318;2.2845818412329244
2025-10-31;2027-03-15;1.3689253935660506;2.33;0.0;2025-10-31;500;2.33
2025-10-31;2030-04-15;4.454483230663929;2.57;0.0;2025-10-31;1627;2.57
2025-10-31;2031-04-14;5.451060917180014;2.61;0.0;2025-11-04;1991;2.61
2025-10-31;2035-06-18;9.6290212183436;2.83;0.0;2025-10-31;3517;2.83
2025-10-31;2039-07-18;13.711156741957563;3.13;0.0;2025-10-31;5008;3.13
2025-10-31;2045-08-14;19.786447638603697;3.4;0.0;2025-10-31;7227;3.4
2025-10-31;2055-04-19;29.464750171115675;3.84;0.0;2025-10-31;10762;3.84
2025-11-28;2026-01-19;0.14236824093086928;2.2;0.0;2025-11-28;52;2.2520021232087295
2025-11-28;2026-03-16;0.29568788501026694;2.28;0.0;2025-11-28;108;2.3305389966340906
2025-11-28;2026-09-14;0.7939767282683093;2.3;0.0;2025-11-28;290;2.337506017949642
2025-11-28;2027-03-15;1.2922655715263518;2.42;0.0;2025-11-28;472;2.42
2025-11-28;2030-04-15;4.37782340862423;2.65;0.0;2025-11-28;1599;2.65
2025-11-28;2033-06-20;7.559206023271732;2.91;0.0;2025-11-28;2761;2.91
2025-11-28;2035-06-18;9.552361396303901;3.06;0.0;2025-11-28;3489;3.06
2025-11-28;2040-07-16;14.63107460643395;3.3;0.0;2025-11-28;5344;3.3
2025-11-28;2046-02-19;20.227241615331966;3.56;0.0;2025-11-28;7388;3.56
2025-11-28;2055-04-19;29.388090349075977;3.84;0.0;2025-11-28;10734;3.84
2025-12-31;2026-01-19;0.05201916495550993;2.22;0.0;2025-12-31;19;2.275008147718549
2025-12-31;2026-04-20;0.30116358658453113;2.25;0.0;2025-12-31;110;2.299483655796908
2025-12-31;2026-06-15;0.4544832306639288;2.25;0.0;2025-12-31;166;2.2954462564793054
2025-12-31;2026-07-06;0.5119780971937029;2.19;0.0;2026-01-05;187;2.232436185117659
2025-12-31;2026-07-20;0.5503080082135524;2.21;0.0;2025-12-31;201;2.251965342364959
2025-12-31;2026-09-14;0.70362765229295;2.22;0.0;2025-12-31;257;2.2583057944953744
2025-12-31;2026-10-19;0.7994524298425736;2.16;0.0;2025-12-31;292;2.1947752525652398
2025-12-31;2027-03-15;1.2019164955509924;2.35;0.0;2025-12-31;439;2.35
2025-12-31;2028-07-17;2.543463381245722;2.52;0.0;2026-01-05;929;2.52
2025-12-31;2031-04-14;5.284052019164956;2.65;0.0;2025-12-31;1930;2.65
2025-12-31;2035-06-18;9.462012320328542;2.92;0.0;2025-12-31;3456;2.92
2025-12-31;2039-07-18;13.544147843942506;3.21;0.0;2025-12-31;4947;3.21
2025-12-31;2045-08-14;19.619438740588638;3.43;0.0;2025-12-31;7166;3.43
2025-12-31;2055-04-19;29.297741273100616;3.85;0.0;2025-12-31;10701;3.85
2026-01-30;2026-02-16;0.04654346338124572;2.22;0.0;2026-02-03;17;2.275149897111528
2026-01-30;2026-03-16;0.12320328542094455;2.25;0.0;2026-02-03;45;2.304193667393384
2026-01-30;2026-05-18;0.29568788501026694;2.35;0.0;2026-01-30;108;2.402689767824562
2026-01-30;2026-09-14;0.621492128678987;2.38;0.0;2026-01-30;227;2.4240416335233217
2026-01-30;2027-03-15;1.1197809719370295;2.54;0.0;2026-01-30;409;2.54
2026-01-30;2028-09-18;2.6338124572210813;2.75;0.0;2026-02-03;962;2.75
2026-01-30;2031-04-14;5.201916495550993;2.92;0.0;2026-01-30;1900;2.92
2026-01-30;2035-06-18;9.379876796714578;3.11;0.0;2026-01-30;3426;3.11
2026-01-30;2039-07-18;13.462012320328542;3.35;0.0;2026-01-30;4917;3.35
2026-01-30;2045-08-14;19.537303216974674;3.56;0.0;2026-01-30;7136;3.56
2026-01-30;2055-04-19;29.215605749486652;3.97;0.0;2026-01-30;10671;3.97
2026-02-27;2026-05-18;0.2190280629705681;2.25;0.0;2026-02-27;80;2.30165432454037
2026-02-27;2026-08-17;0.4681724845995893;2.27;0.0;2026-02-27;171;2.315611606097434
2026-02-27;2026-09-14;0.5448323066392882;2.28;0.0;2026-02-27;199;2.323809893049056
2026-02-27;2027-03-15;1.0431211498973305;2.33;0.0;2026-02-27;381;2.33
2026-02-27;2030-04-15;4.128678986995209;2.67;0.0;2026-02-27;1508;2.67
2026-02-27;2031-04-14;5.125256673511293;2.75;0.0;2026-02-27;1872;2.75
2026-02-27;2035-06-18;9.30321697467488;2.89;0.0;2026-02-27;3398;2.89
2026-02-27;2039-07-18;13.385352498288844;3.16;0.0;2026-02-27;4889;3.16
2026-02-27;2045-08-14;19.460643394934976;3.55;0.0;2026-02-27;7108;3.55
2026-02-27;2055-04-19;29.138945927446954;3.96;0.0;2026-02-27;10643;3.96
2026-03-31;2026-05-18;0.13141683778234087;2.27;0.0;2026-03-31;48;2.3246604575611896
2026-03-31;2026-08-17;0.3805612594113621;2.34;0.0;2026-03-31;139;2.389958832845629
2026-03-31;2027-02-15;0.8788501026694046;2.46;0.0;2026-03-31;321;2.497892811580038
2026-03-31;2027-09-20;1.4729637234770705;2.61;0.0;2026-03-31;538;2.61
2026-03-31;2030-04-15;4.041067761806982;2.96;0.0;2026-03-31;1476;2.96
2026-03-31;2031-04-14;5.037645448323066;3.06;0.0;2026-03-31;1840;3.06
2026-03-31;2035-06-18;9.215605749486652;3.3;0.0;2026-03-31;3366;3.3
2026-03-31;2039-07-18;13.297741273100616;3.58;0.0;2026-03-31;4857;3.58
2026-03-31;2045-08-14;19.37303216974675;3.73;0.0;2026-03-31;7076;3.73
2026-03-31;2055-04-19;29.05133470225873;4.09;0.0;2026-03-31;10611;4.09
2026-04-30;2026-07-20;0.22176591375770022;2.21;0.0;2026-04-30;81;2.2603083660343692
2026-04-30;2026-08-17;0.29842573579739906;2.26;0.0;2026-04-30;109;2.3098581445041066
2026-04-30;2027-02-15;0.7967145790554415;2.3;0.0;2026-04-30;291;2.33743163191924
2026-04-30;2027-09-20;1.3908281998631074;2.34;0.0;2026-04-30;508;2.34
2026-04-30;2030-04-15;3.9589322381930185;2.72;0.0;2026-04-30;1446;2.72
2026-04-30;2031-10-20;5.47296372347707;2.83;0.0;2026-04-30;1999;2.83
2026-04-30;2035-06-18;9.13347022587269;3.1;0.0;2026-04-30;3336;3.1
2026-04-30;2039-07-18;13.215605749486652;3.44;0.0;2026-04-30;4827;3.44
2026-04-30;2045-08-14;19.290896646132786;3.68;0.0;2026-04-30;7046;3.68
2026-04-30;2055-04-19;28.969199178644764;4.0;0.0;2026-04-30;10581;4.0
2026-05-26;2026-07-20;0.15058179329226556;2.21;0.0;2026-05-26;55;2.2621268698684416
2026-05-26;2026-11-16;0.47638603696098564;2.24;0.0;2026-05-26;174;2.284611304845896
2026-05-26;2027-02-15;0.7255304585900069;2.27;0.0;2026-05-26;265;2.3087589875858017
2026-05-26;2027-09-20;1.319644079397673;2.35;0.0;2026-05-26;482;2.35
2026-05-26;2030-04-15;3.887748117727584;2.71;0.0;2026-05-26;1420;2.71
2026-05-26;2031-10-20;5.401779603011636;2.89;0.0;2026-05-26;1973;2.89
2026-05-26;2035-06-18;9.062286105407255;3.09;0.0;2026-05-26;3310;3.09
2026-05-26;2039-07-18;13.144421629021219;3.49;0.0;2026-05-26;4801;3.49
2026-05-26;2045-08-14;19.21971252566735;3.66;0.0;2026-05-26;7020;3.66
2026-05-26;2055-04-19;28.89801505817933;4.0;0.0;2026-05-26;10555;4.0
2026-06-30;2026-08-17;0.13141683778234087;2.2;0.0;2026-06-30;48;2.2522797547208873
2026-06-30;2026-11-16;0.3805612594113621;2.23;0.0;2026-06-30;139;2.2768268068593
2026-06-30;2027-02-15;0.6297056810403833;2.28;0.0;2026-06-30;230;2.321529323292104
2026-06-30;2027-09-20;1.2238193018480492;2.34;0.0;2026-06-30;447;2.34
2026-06-30;2030-04-15;3.79192334017796;2.71;0.0;2026-06-30;1385;2.71
2026-06-30;2031-10-20;5.305954825462012;2.84;0.0;2026-06-30;1938;2.84
2026-06-30;2035-06-18;8.966461327857632;3.04;0.0;2026-06-30;3275;3.04
2026-06-30;2039-07-18;13.048596851471595;3.61;0.0;2026-06-30;4766;3.61
2026-06-30;2045-08-14;19.123887748117728;3.74;0.0;2026-06-30;6985;3.74
2026-06-30;2055-04-19;28.802190280629706;4.1;0.0;2026-06-30;10520;4.1
2026-07-31;2026-09-14;0.12320328542094455;2.11;;2026-07-31;45;2.1594756381438707
2026-07-31;2026-11-16;0.29568788501026694;2.18;;2026-07-31;108;2.2275285684782764
2026-07-31;2027-02-15;0.5448323066392882;2.21;;2026-07-31;199;2.2521037227404284
2026-07-31;2027-09-20;1.1389459274469542;2.24;;2026-07-31;416;2.24
2026-07-31;2030-04-15;3.707049965776865;2.75;;2026-07-31;1354;2.75
2026-07-31;2031-10-20;5.221081451060917;2.89;;2026-07-31;1907;2.89
2026-07-31;2035-06-18;8.881587953456537;3.18;;2026-07-31;3244;3.18
2026-07-31;2039-07-18;12.9637234770705;3.64;;2026-07-31;4735;3.64
2026-07-31;2045-08-14;19.039014373716633;3.72;;2026-07-31;6954;3.72
2026-07-31;2055-04-19;28.71731690622861;4.1;;2026-07-31;10489;4.1
2026-08-31;2026-11-16;0.2108145106091718;2.08;0.0;2026-08-31;77;2.126506284108065
2026-08-31;2027-02-15;0.459958932238193;2.19;0.0;2026-08-31;168;2.2337293959229676
2026-08-31;2027-08-16;0.9582477754962354;2.2;0.0;2026-08-31;350;2.2315709891088886
2026-08-31;2027-09-20;1.054072553045859;2.21;0.0;2026-08-31;385;2.21
2026-08-31;2030-04-15;3.62217659137577;2.7;0.0;2026-08-31;1323;2.7
2026-08-31;2031-10-20;5.136208076659822;2.86;0.0;2026-08-31;1876;2.86
2026-08-31;2035-06-18;8.796714579055442;3.16;0.0;2026-08-31;3213;3.16
2026-08-31;2039-07-18;12.878850102669405;3.62;0.0;2026-08-31;4704;3.62
2026-08-31;2045-08-14;18.954140999315538;3.74;0.0;2026-08-31;6923;3.74
2026-08-31;2055-04-19;28.632443531827516;4.1;0.0;2026-08-31;10458;4.1
