date_courbe;maturite_jours;maturite_annees;taux_zc
2005-01-31;91.0;0.24914442162902123;2.393711006737309
2005-01-31;182.0;0.49828884325804246;2.4996684768709097
2005-01-31;364.0;0.9965776865160849;2.7831686242549742
2005-01-31;365.0;0.999315537303217;2.7840669280355224
2005-01-31;730.0;1.998631074606434;3.117066204484087
2005-01-31;1095.0;2.9979466119096507;3.417754993948585
2005-01-31;1461.0;4.0;3.7247950875111124
2005-01-31;1826.0;4.999315537303217;4.037664705754129
2005-01-31;2191.0;5.9986310746064335;4.236485221484498
2005-01-31;2556.0;6.997946611909651;4.440848838095945
2005-01-31;2922.0;8.0;4.651867477455007
2005-01-31;3287.0;8.999315537303216;4.869048574634616
2005-01-31;3652.0;9.998631074606434;5.09393597107024
2005-01-31;4017.0;10.99794661190965;5.2398076720459486
2005-01-31;4383.0;12.0;5.3921857439863885
2005-01-31;4748.0;12.999315537303216;5.550644293835316
2005-01-31;5113.0;13.998631074606434;5.7163390874531705
2005-01-31;5478.0;14.99794661190965;5.890138081360563
2005-01-31;5844.0;16.0;6.035304183426193
2005-01-31;6209.0;16.999315537303218;6.18800742965091
2005-01-31;6574.0;17.998631074606433;6.3497033011749915
2005-01-31;6939.0;18.99794661190965;6.521625072864734
2005-01-31;7305.0;20.0;6.705913672294628
2005-01-31;7670.0;20.999315537303218;6.672288223388345
2005-01-31;8035.0;21.998631074606433;6.6417288285590015
2005-01-31;8400.0;22.99794661190965;6.613834418296083
2005-01-31;8766.0;24.0;6.588270951931752
2005-01-31;9131.0;24.999315537303218;6.564757976496494
2005-01-31;9496.0;25.998631074606433;6.543058295240356
2005-01-31;9861.0;26.99794661190965;6.522969937643963
2005-01-31;10227.0;28.0;6.504319854193041
2005-01-31;10592.0;28.999315537303218;6.486958918648922
2005-01-31;10957.0;29.998631074606433;6.470757932062332
2005-02-28;91.0;0.24914442162902123;2.523707312004648
2005-02-28;182.0;0.49828884325804246;2.647399214748547
2005-02-28;364.0;0.9965776865160849;2.855107271413984
2005-02-28;365.0;0.999315537303217;2.8556358620072997
2005-02-28;730.0;1.998631074606434;3.0515179607140785
2005-02-28;1095.0;2.9979466119096507;3.371005459716714
2005-02-28;1461.0;4.0;3.696981605850258
2005-02-28;1826.0;4.999315537303217;4.02915536585049
2005-02-28;2191.0;5.9986310746064335;4.217782149916682
2005-02-28;2556.0;6.997946611909651;4.41173986868495
2005-02-28;2922.0;8.0;4.611992438280121
2005-02-28;3287.0;8.999315537303216;4.817996676049807
2005-02-28;3652.0;9.998631074606434;5.031147360199095
2005-02-28;4017.0;10.99794661190965;5.180979910877426
2005-02-28;4383.0;12.0;5.337329300554305
2005-02-28;4748.0;12.999315537303216;5.49980088836084
2005-02-28;5113.0;13.998631074606434;5.669606694155549
2005-02-28;5478.0;14.99794661190965;5.8476635093364315
2005-02-28;5844.0;16.0;6.035151650106263
2005-02-28;6209.0;16.999315537303218;6.232805200530378
2005-02-28;6574.0;17.998631074606433;6.442935135425998
2005-02-28;6939.0;18.99794661190965;6.6677065128666335
2005-02-28;7305.0;20.0;6.91064941877213
2005-02-28;7670.0;20.999315537303218;6.871187461073536
2005-02-28;8035.0;21.998631074606433;6.835325594016561
2005-02-28;8400.0;22.99794661190965;6.802592660011797
2005-02-28;8766.0;24.0;6.772596280726795
2005-02-28;9131.0;24.999315537303218;6.745007052559893
2005-02-28;9496.0;25.998631074606433;6.719546400134524
2005-02-28;9861.0;26.99794661190965;6.695977136731113
2005-02-28;10227.0;28.0;6.674096053059375
2005-02-28;10592.0;28.999315537303218;6.653728043469598
2005-02-28;10957.0;29.998631074606433;6.634721409945077
2005-03-31;91.0;0.24914442162902123;2.4920501150083703
2005-03-31;182.0;0.49828884325804246;2.5431192360125543
2005-03-31;364.0;0.9965776865160849;2.7195282194309573
2005-03-31;365.0;0.999315537303217;2.720418741482211
2005-03-31;730.0;1.998631074606434;3.0504247996517853
2005-03-31;1095.0;2.9979466119096507;3.34092716978327
2005-03-31;1461.0;4.0;3.637438287913275
2005-03-31;1826.0;4.999315537303217;3.939399154305012
2005-03-31;2191.0;5.9986310746064335;4.122843714422819
2005-03-31;2556.0;6.997946611909651;4.3112645478943
2005-03-31;2922.0;8.0;4.505600718423697
2005-03-31;3287.0;8.999315537303216;4.705312579257481
2005-03-31;3652.0;9.998631074606434;4.911722608948899
2005-03-31;4017.0;10.99794661190965;5.06598085405725
2005-03-31;4383.0;12.0;5.226731577333643
2005-03-31;4748.0;12.999315537303216;5.39360968227538
2005-03-31;5113.0;13.998631074606434;5.567882416619541
2005-03-31;5478.0;14.99794661190965;5.750512470301694
2005-03-31;5844.0;16.0;5.934085107222176
2005-03-31;6209.0;16.999315537303218;6.127415551101367
2005-03-31;6574.0;17.998631074606433;6.332699728088698
2005-03-31;6939.0;18.99794661190965;6.551968278377229
2005-03-31;7305.0;20.0;6.788550819814354
2005-03-31;7670.0;20.999315537303218;6.750196674306208
2005-03-31;8035.0;21.998631074606433;6.71534122317039
2005-03-31;8400.0;22.99794661190965;6.683526620297164
2005-03-31;8766.0;24.0;6.654371566493578
2005-03-31;9131.0;24.999315537303218;6.627555954075359
2005-03-31;9496.0;25.998631074606433;6.602809065246862
2005-03-31;9861.0;26.99794661190965;6.5799004003570305
2005-03-31;10227.0;28.0;6.558632476801485
2005-03-31;10592.0;28.999315537303218;6.538835121665931
2005-03-31;10957.0;29.998631074606433;6.5203609086999625
2005-04-29;91.0;0.24914442162902123;2.5914564012907038
2005-04-29;182.0;0.49828884325804246;2.6283224562869667
2005-04-29;364.0;0.9965776865160849;2.7264424100711087
2005-04-29;365.0;0.999315537303217;2.7272989715879437
2005-04-29;730.0;1.998631074606434;3.0447108344523244
2005-04-29;1095.0;2.9979466119096507;3.3435126510939828
2005-04-29;1461.0;4.0;3.6485029429254245
2005-04-29;1826.0;4.999315537303217;3.959166462874064
2005-04-29;2191.0;5.9986310746064335;4.139753987047423
2005-04-29;2556.0;6.997946611909651;4.325311611578897
2005-04-29;2922.0;8.0;4.516730561345539
2005-04-29;3287.0;8.999315537303216;4.713454663971661
2005-04-29;3652.0;9.998631074606434;4.916768005630079
2005-04-29;4017.0;10.99794661190965;5.06255900953918
2005-04-29;4383.0;12.0;5.214481249925429
2005-04-29;4748.0;12.999315537303216;5.3721321930080945
2005-04-29;5113.0;13.998631074606434;5.53665397675851
2005-04-29;5478.0;14.99794661190965;5.708890395410227
2005-04-29;5844.0;16.0;5.898336238368529
2005-04-29;6209.0;16.999315537303218;6.097797773251901
2005-04-29;6574.0;17.998631074606433;6.3095888306693215
2005-04-29;6939.0;18.99794661190965;6.535869291318441
2005-04-29;7305.0;20.0;6.780156975766061
2005-04-29;7670.0;20.999315537303218;6.741821709082996
2005-04-29;8035.0;21.998631074606433;6.706983409689071
2005-04-29;8400.0;22.99794661190965;6.675184458101291
2005-04-29;8766.0;24.0;6.646043743765273
2005-04-29;9131.0;24.999315537303218;6.619241317286528
2005-04-29;9496.0;25.998631074606433;6.594506594677552
2005-04-29;9861.0;26.99794661190965;6.571609190170724
2005-04-29;10227.0;28.0;6.550351718695646
2005-04-29;10592.0;28.999315537303218;6.530564091355062
2005-04-29;10957.0;29.998631074606433;6.512098954661627
2005-05-31;91.0;0.24914442162902123;2.5903586280307653
2005-05-31;182.0;0.49828884325804246;2.63267821090224
2005-05-31;364.0;0.9965776865160849;2.7079832695320953
2005-05-31;365.0;0.999315537303217;2.7089101894972822
2005-05-31;730.0;1.998631074606434;3.0524081387395707
2005-05-31;1095.0;2.9979466119096507;3.336964574256407
2005-05-31;1461.0;4.0;3.627410637896533
2005-05-31;1826.0;4.999315537303217;3.9231513224983416
2005-05-31;2191.0;5.9986310746064335;4.108943052113956
2005-05-31;2556.0;6.997946611909651;4.299723484225981
2005-05-31;2922.0;8.0;4.496468937475551
2005-05-31;3287.0;8.999315537303216;4.6986522009276
2005-05-31;3652.0;9.998631074606434;4.907627029343664
2005-05-31;4017.0;10.99794661190965;5.0493645505065965
2005-05-31;4383.0;12.0;5.197093009152809
2005-05-31;4748.0;12.999315537303216;5.350385958866699
2005-05-31;5113.0;13.998631074606434;5.510323937710848
2005-05-31;5478.0;14.99794661190965;5.677693525368532
2005-05-31;5844.0;16.0;5.874530135457912
2005-05-31;6209.0;16.999315537303218;6.081843533251696
2005-05-31;6574.0;17.998631074606433;6.302108990143207
2005-05-31;6939.0;18.99794661190965;6.537669018365055
2005-05-31;7305.0;20.0;6.792314939735511
2005-05-31;7670.0;20.999315537303218;6.7532526297063855
2005-05-31;8035.0;21.998631074606433;6.717753837711671
2005-05-31;8400.0;22.99794661190965;6.685352206669082
2005-05-31;8766.0;24.0;6.6556593538353415
2005-05-31;9131.0;24.999315537303218;6.628349228194286
2005-05-31;9496.0;25.998631074606433;6.603146088293643
2005-05-31;9861.0;26.99794661190965;6.579815159240221
2005-05-31;10227.0;28.0;6.558155297236401
2005-05-31;10592.0;28.999315537303218;6.537993175802526
2005-05-31;10957.0;29.998631074606433;6.519178637720202
2005-06-30;91.0;0.24914442162902123;2.8654441211645185
2005-06-30;182.0;0.49828884325804246;2.8206387090565466
2005-06-30;364.0;0.9965776865160849;2.93975902027365
2005-06-30;365.0;0.999315537303217;2.9404135274781362
2005-06-30;730.0;1.998631074606434;3.1831152876889757
2005-06-30;1095.0;2.9979466119096507;3.436671012580228
2005-06-30;1461.0;4.0;3.6952628337138416
2005-06-30;1826.0;4.999315537303217;3.9583431511781786
2005-06-30;2191.0;5.9986310746064335;4.144782325521534
2005-06-30;2556.0;6.997946611909651;4.3360430638138325
2005-06-30;2922.0;8.0;4.5331771863125425
2005-06-30;3287.0;8.999315537303216;4.735702052030066
2005-06-30;3652.0;9.998631074606434;4.945000141023903
2005-06-30;4017.0;10.99794661190965;5.068457672994842
2005-06-30;4383.0;12.0;5.197208902189132
2005-06-30;4748.0;12.999315537303216;5.330766577572343
2005-06-30;5113.0;13.998631074606434;5.469969276061271
2005-06-30;5478.0;14.99794661190965;5.615384821330904
2005-06-30;5844.0;16.0;5.80981996633636
2005-06-30;6209.0;16.999315537303218;6.014269000433314
2005-06-30;6574.0;17.998631074606433;6.231125897068468
2005-06-30;6939.0;18.99794661190965;6.462632393862711
2005-06-30;7305.0;20.0;6.71241576982724
2005-06-30;7670.0;20.999315537303218;6.675458736806061
2005-06-30;8035.0;21.998631074606433;6.641872540828331
2005-06-30;8400.0;22.99794661190965;6.611216118854224
2005-06-30;8766.0;24.0;6.583122140595465
2005-06-30;9131.0;24.999315537303218;6.557282219211391
2005-06-30;9496.0;25.998631074606433;6.533435544425625
2005-06-30;9861.0;26.99794661190965;6.511360048392234
2005-06-30;10227.0;28.0;6.490865469487606
2005-06-30;10592.0;28.999315537303218;6.471787854765121
2005-06-30;10957.0;29.998631074606433;6.453985164574472
2005-07-29;91.0;0.24914442162902123;3.9524410269428847
2005-07-29;182.0;0.49828884325804246;3.912834757434689
2005-07-29;364.0;0.9965776865160849;3.833622218418297
2005-07-29;365.0;0.999315537303217;3.8331869846874422
2005-07-29;730.0;1.998631074606434;3.671412737591151
2005-07-29;1095.0;2.9979466119096507;3.7562025110098984
2005-07-29;1461.0;4.0;3.841752607659421
2005-07-29;1826.0;4.999315537303217;3.9281266015241956
2005-07-29;2191.0;5.9986310746064335;4.113669755805249
2005-07-29;2556.0;6.997946611909651;4.302843709710058
2005-07-29;2922.0;8.0;4.497037459358744
2005-07-29;3287.0;8.999315537303216;4.695977647283334
2005-07-29;3652.0;9.998631074606434;4.9011124251863825
2005-07-29;4017.0;10.99794661190965;5.033697441685914
2005-07-29;4383.0;12.0;5.171573719519884
2005-07-29;4748.0;12.999315537303216;5.31433916459898
2005-07-29;5113.0;13.998631074606434;5.46296836078175
2005-07-29;5478.0;14.99794661190965;5.618144059286734
2005-07-29;5844.0;16.0;5.808405915001114
2005-07-29;6209.0;16.999315537303218;6.008344183324588
2005-07-29;6574.0;17.998631074606433;6.220257555771824
2005-07-29;6939.0;18.99794661190965;6.446278386897486
2005-07-29;7305.0;20.0;6.689866468852812
2005-07-29;7670.0;20.999315537303218;6.653798776356035
2005-07-29;8035.0;21.998631074606433;6.621020545878609
2005-07-29;8400.0;22.99794661190965;6.59110139433039
2005-07-29;8766.0;24.0;6.563682880837551
2005-07-29;9131.0;24.999315537303218;6.538464077575745
2005-07-29;9496.0;25.998631074606433;6.515190479463806
2005-07-29;9861.0;26.99794661190965;6.49364538482331
2005-07-29;10227.0;28.0;6.473643127704221
2005-07-29;10592.0;28.999315537303218;6.455023713833885
2005-07-29;10957.0;29.998631074606433;6.4376485319057375
2005-08-31;91.0;0.24914442162902123;3.0111857885526603
2005-08-31;182.0;0.49828884325804246;2.785516793750591
2005-08-31;364.0;0.9965776865160849;3.128918517988339
2005-08-31;365.0;0.999315537303217;3.129406864057205
2005-08-31;730.0;1.998631074606434;3.3106062858162755
2005-08-31;1095.0;2.9979466119096507;3.5367364857516126
2005-08-31;1461.0;4.0;3.767221436432222
2005-08-31;1826.0;4.999315537303217;4.001548720113979
2005-08-31;2191.0;5.9986310746064335;4.175152119625158
2005-08-31;2556.0;6.997946611909651;4.353102969698863
2005-08-31;2922.0;8.0;4.536362213322098
2005-08-31;3287.0;8.999315537303216;4.724448208878518
2005-08-31;3652.0;9.998631074606434;4.918596296691868
2005-08-31;4017.0;10.99794661190965;5.059480094100999
2005-08-31;4383.0;12.0;5.206113995563388
2005-08-31;4748.0;12.999315537303216;5.358107185966543
2005-08-31;5113.0;13.998631074606434;5.516542673838343
2005-08-31;5478.0;14.99794661190965;5.682205290770637
2005-08-31;5844.0;16.0;5.857275035361398
2005-08-31;6209.0;16.999315537303218;6.041208522761554
2005-08-31;6574.0;17.998631074606433;6.2359961608124514
2005-08-31;6939.0;18.99794661190965;6.443431349352391
2005-08-31;7305.0;20.0;6.666474015803514
2005-08-31;7670.0;20.999315537303218;6.631287998760871
2005-08-31;8035.0;21.998631074606433;6.599310782652323
2005-08-31;8400.0;22.99794661190965;6.5701225690683485
2005-08-31;8766.0;24.0;6.543373727503177
2005-08-31;9131.0;24.999315537303218;6.518770723014233
2005-08-31;9496.0;25.998631074606433;6.496065299960629
2005-08-31;9861.0;26.99794661190965;6.475046075497248
2005-08-31;10227.0;28.0;6.4555319389026256
2005-08-31;10592.0;28.999315537303218;6.437366819813239
2005-08-31;10957.0;29.998631074606433;6.420415505218591
2005-09-30;91.0;0.24914442162902123;2.7539176686266615
2005-09-30;182.0;0.49828884325804246;2.8929484021076166
2005-09-30;364.0;0.9965776865160849;3.0768449414269967
2005-09-30;365.0;0.999315537303217;3.0775592957157594
2005-09-30;730.0;1.998631074606434;3.3426620248369954
2005-09-30;1095.0;2.9979466119096507;3.562324094720637
2005-09-30;1461.0;4.0;3.786426493520101
2005-09-30;1826.0;4.999315537303217;4.014328552185664
2005-09-30;2191.0;5.9986310746064335;4.1843592064155555
2005-09-30;2556.0;6.997946611909651;4.35864981423042
2005-09-30;2922.0;8.0;4.538124272327093
2005-09-30;3287.0;8.999315537303216;4.72229466922931
2005-09-30;3652.0;9.998631074606434;4.912354148138531
2005-09-30;4017.0;10.99794661190965;5.055904045440562
2005-09-30;4383.0;12.0;5.205267212585785
2005-09-30;4748.0;12.999315537303216;5.3600703750805945
2005-09-30;5113.0;13.998631074606434;5.521435923397866
2005-09-30;5478.0;14.99794661190965;5.690184260375819
2005-09-30;5844.0;16.0;5.880672644366358
2005-09-30;6209.0;16.999315537303218;6.081098462247225
2005-09-30;6574.0;17.998631074606433;6.293790104057284
2005-09-30;6939.0;18.99794661190965;6.520920162847954
2005-09-30;7305.0;20.0;6.766017517293621
2005-09-30;7670.0;20.999315537303218;6.728744085196747
2005-09-30;8035.0;21.998631074606433;6.6948936342210885
2005-09-30;8400.0;22.99794661190965;6.6640193170025785
2005-09-30;8766.0;24.0;6.6357497753605
2005-09-30;9131.0;24.999315537303218;6.609771226892547
2005-09-30;9496.0;25.998631074606433;6.585820350344673
2005-09-30;9861.0;26.99794661190965;6.563672371459051
2005-09-30;10227.0;28.0;6.543135605361239
2005-09-30;10592.0;28.999315537303218;6.524042551381393
2005-09-30;10957.0;29.998631074606433;6.506250466703634
2005-10-31;91.0;0.24914442162902123;2.7885734036600263
2005-10-31;182.0;0.49828884325804246;2.8835337135474477
2005-10-31;364.0;0.9965776865160849;3.0657024106643513
2005-10-31;365.0;0.999315537303217;3.0663513468603965
2005-10-31;730.0;1.998631074606434;3.3071342955760974
2005-10-31;1095.0;2.9979466119096507;3.5414631799200347
2005-10-31;1461.0;4.0;3.7804789593124166
2005-10-31;1826.0;4.999315537303217;4.023601467014548
2005-10-31;2191.0;5.9986310746064335;4.1840996548561105
2005-10-31;2556.0;6.997946611909651;4.348721420342039
2005-10-31;2922.0;8.0;4.518257956860672
2005-10-31;3287.0;8.999315537303216;4.692184582398351
2005-10-31;3652.0;9.998631074606434;4.871573954266073
2005-10-31;4017.0;10.99794661190965;5.010786675586898
2005-10-31;4383.0;12.0;5.155530454900892
2005-10-31;4748.0;12.999315537303216;5.305424818793436
2005-10-31;5113.0;13.998631074606434;5.461530508139423
2005-10-31;5478.0;14.99794661190965;5.62460793921804
2005-10-31;5844.0;16.0;5.81744144953813
2005-10-31;6209.0;16.999315537303218;6.0202132306597544
2005-10-31;6574.0;17.998631074606433;6.235284105851813
2005-10-31;6939.0;18.99794661190965;6.46485899881144
2005-10-31;7305.0;20.0;6.712511377101893
2005-10-31;7670.0;20.999315537303218;6.675549759817057
2005-10-31;8035.0;21.998631074606433;6.6419593990725945
2005-10-31;8400.0;22.99794661190965;6.611299176768015
2005-10-31;8766.0;24.0;6.583201716786258
2005-10-31;9131.0;24.999315537303218;6.5573585938327295
2005-10-31;9496.0;25.998631074606433;6.533508965125878
2005-10-31;9861.0;26.99794661190965;6.5114307351558764
2005-10-31;10227.0;28.0;6.490933618607597
2005-10-31;10592.0;28.999315537303218;6.471853642126968
2005-10-31;10957.0;29.998631074606433;6.45404874839024
2005-11-30;91.0;0.24914442162902123;2.837006113275228
2005-11-30;182.0;0.49828884325804246;2.8843489958908606
2005-11-30;364.0;0.9965776865160849;2.9866492330704015
2005-11-30;365.0;0.999315537303217;2.98731878789924
2005-11-30;730.0;1.998631074606434;3.235664842219066
2005-11-30;1095.0;2.9979466119096507;3.4819164716343387
2005-11-30;1461.0;4.0;3.733090703595643
2005-11-30;1826.0;4.999315537303217;3.9886186762414955
2005-11-30;2191.0;5.9986310746064335;4.157185859729795
2005-11-30;2556.0;6.997946611909651;4.33011397294274
2005-11-30;2922.0;8.0;4.508260367428707
2005-11-30;3287.0;8.999315537303216;4.691102379249568
2005-11-30;3652.0;9.998631074606434;4.879800337173146
2005-11-30;4017.0;10.99794661190965;5.011140250723045
2005-11-30;4383.0;12.0;5.1478140364962455
2005-11-30;4748.0;12.999315537303216;5.289394428818217
2005-11-30;5113.0;13.998631074606434;5.436829877723648
2005-11-30;5478.0;14.99794661190965;5.590780767997128
2005-11-30;5844.0;16.0;5.784284530166373
2005-11-30;6209.0;16.999315537303218;5.987695139381111
2005-11-30;6574.0;17.998631074606433;6.203377984921832
2005-11-30;6939.0;18.99794661190965;6.43354099990332
2005-11-30;7305.0;20.0;6.681760536797654
2005-11-30;7670.0;20.999315537303218;6.645122576963414
2005-11-30;8035.0;21.998631074606433;6.611826259699516
2005-11-30;8400.0;22.99794661190965;6.581434353447313
2005-11-30;8766.0;24.0;6.553582717053863
2005-11-30;9131.0;24.999315537303218;6.527965639662026
2005-11-30;9496.0;25.998631074606433;6.504324573046305
2005-11-30;9861.0;26.99794661190965;6.482439374533988
2005-11-30;10227.0;28.0;6.462121431257661
2005-11-30;10592.0;28.999315537303218;6.443208210500173
2005-11-30;10957.0;29.998631074606433;6.425558902581341
2005-12-30;91.0;0.24914442162902123;2.923752070601127
2005-12-30;182.0;0.49828884325804246;2.945053914136668
2005-12-30;364.0;0.9965776865160849;3.061177903498479
2005-12-30;365.0;0.999315537303217;3.0617978469520857
2005-12-30;730.0;1.998631074606434;3.291805697221073
2005-12-30;1095.0;2.9979466119096507;3.510730059669376
2005-12-30;1461.0;4.0;3.7339500048418683
2005-12-30;1826.0;4.999315537303217;3.960871076623773
2005-12-30;2191.0;5.9986310746064335;4.13272055640852
2005-12-30;2556.0;6.997946611909651;4.308813198995298
2005-12-30;2922.0;8.0;4.490096431819635
2005-12-30;3287.0;8.999315537303216;4.676087220108505
2005-12-30;3652.0;9.998631074606434;4.86799616460829
2005-12-30;4017.0;10.99794661190965;4.999243038214507
2005-12-30;4383.0;12.0;5.135799070265823
2005-12-30;4748.0;12.999315537303216;5.2772381242152555
2005-12-30;5113.0;13.998631074606434;5.424506864235545
2005-12-30;5478.0;14.99794661190965;5.578263479045686
2005-12-30;5844.0;16.0;5.769697850238975
2005-12-30;6209.0;16.999315537303218;5.970869121645328
2005-12-30;6574.0;17.998631074606433;6.184092128577334
2005-12-30;6939.0;18.99794661190965;6.411516638212911
2005-12-30;7305.0;20.0;6.656631312862049
2005-12-30;7670.0;20.999315537303218;6.62054565630199
2005-12-30;8035.0;21.998631074606433;6.587764983416333
2005-12-30;8400.0;22.99794661190965;6.557857495443131
2005-12-30;8766.0;24.0;6.53046404289277
2005-12-30;9131.0;24.999315537303218;6.505281895357595
2005-12-30;9496.0;25.998631074606433;6.482056249670332
2005-12-30;9861.0;26.99794661190965;6.460569808231642
2005-12-30;10227.0;28.0;6.440636927647536
2005-12-30;10592.0;28.999315537303218;6.422096244796882
2005-12-30;10957.0;29.998631074606433;6.404809376362186
2006-01-30;91.0;0.24914442162902123;2.887873224951653
2006-01-30;182.0;0.49828884325804246;2.956030589466466
2006-01-30;364.0;0.9965776865160849;3.0838424528331085
2006-01-30;365.0;0.999315537303217;3.084480909974263
2006-01-30;730.0;1.998631074606434;3.321392242535026
2006-01-30;1095.0;2.9979466119096507;3.5339133640355236
2006-01-30;1461.0;4.0;3.75062771912269
2006-01-30;1826.0;4.999315537303217;3.970922364620999
2006-01-30;2191.0;5.9986310746064335;4.11778105251126
2006-01-30;2556.0;6.997946611909651;4.268276357898526
2006-01-30;2922.0;8.0;4.423093812681
2006-01-30;3287.0;8.999315537303216;4.5817101730870835
2006-01-30;3652.0;9.998631074606434;4.7450488315434525
2006-01-30;4017.0;10.99794661190965;4.8626560456175305
2006-01-30;4383.0;12.0;4.984732534100633
2006-01-30;4748.0;12.999315537303216;5.1108523180119825
2006-01-30;5113.0;13.998631074606434;5.24179565708498
2006-01-30;5478.0;14.99794661190965;5.3780670457187485
2006-01-30;5844.0;16.0;5.552748293046439
2006-01-30;6209.0;16.999315537303218;5.735545785899898
2006-01-30;6574.0;17.998631074606433;5.928364336908243
2006-01-30;6939.0;18.99794661190965;6.132883986414028
2006-01-30;7305.0;20.0;6.351876114238353
2006-01-30;7670.0;20.999315537303218;6.320695528740949
2006-01-30;8035.0;21.998631074606433;6.292357474810206
2006-01-30;8400.0;22.99794661190965;6.266490195956753
2006-01-30;8766.0;24.0;6.242784053741746
2006-01-30;9131.0;24.999315537303218;6.220979073658861
2006-01-30;9496.0;25.998631074606433;6.200855371823488
2006-01-30;9861.0;26.99794661190965;6.1822257138983705
2006-01-30;10227.0;28.0;6.164929672029129
2006-01-30;10592.0;28.999315537303218;6.1488289932479345
2006-01-30;10957.0;29.998631074606433;6.133803896091616
2006-02-28;91.0;0.24914442162902123;2.7156627451214974
2006-02-28;182.0;0.49828884325804246;2.855707278521426
2006-02-28;364.0;0.9965776865160849;3.1202000769566443
2006-02-28;365.0;0.999315537303217;3.1206844720681914
2006-02-28;730.0;1.998631074606434;3.300408859072146
2006-02-28;1095.0;2.9979466119096507;3.5069835822814976
2006-02-28;1461.0;4.0;3.7174631793305712
2006-02-28;1826.0;4.999315537303217;3.9313065702721417
2006-02-28;2191.0;5.9986310746064335;4.0506752635972365
2006-02-28;2556.0;6.997946611909651;4.17303959254931
2006-02-28;2922.0;8.0;4.298825513668114
2006-02-28;3287.0;8.999315537303216;4.427497614940545
2006-02-28;3652.0;9.998631074606434;4.559701955130802
2006-02-28;4017.0;10.99794661190965;4.72117181817282
2006-02-28;4383.0;12.0;4.888404047324468
2006-02-28;4748.0;12.999315537303216;5.061161742766296
2006-02-28;5113.0;13.998631074606434;5.240805920749159
2006-02-28;5478.0;14.99794661190965;5.428359550666273
2006-02-28;5844.0;16.0;5.5050453115995435
2006-02-28;6209.0;16.999315537303218;5.585533087058181
2006-02-28;6574.0;17.998631074606433;5.670250403731769
2006-02-28;6939.0;18.99794661190965;5.7594380841428094
2006-02-28;7305.0;20.0;5.853735781475589
2006-02-28;7670.0;20.999315537303218;5.832563210977382
2006-02-28;8035.0;21.998631074606433;5.81331909453251
2006-02-28;8400.0;22.99794661190965;5.795751435601204
2006-02-28;8766.0;24.0;5.779650310473783
2006-02-28;9131.0;24.999315537303218;5.764839439594716
2006-02-28;9496.0;25.998631074606433;5.751169707099968
2006-02-28;9861.0;26.99794661190965;5.738514122692262
2006-02-28;10227.0;28.0;5.726763864729989
2006-02-28;10592.0;28.999315537303218;5.715825143170683
2006-02-28;10957.0;29.998631074606433;5.705616690802251
2006-03-31;91.0;0.24914442162902123;2.7121138776359235
2006-03-31;182.0;0.49828884325804246;2.857141239046878
2006-03-31;364.0;0.9965776865160849;3.1163273826645446
2006-03-31;365.0;0.999315537303217;3.1169334267962867
2006-03-31;730.0;1.998631074606434;3.3418397381335563
2006-03-31;1095.0;2.9979466119096507;3.5025373700245055
2006-03-31;1461.0;4.0;3.666331457656047
2006-03-31;1826.0;4.999315537303217;3.832582210711255
2006-03-31;2191.0;5.9986310746064335;3.950692215933649
2006-03-31;2556.0;6.997946611909651;4.071439360921514
2006-03-31;2922.0;8.0;4.19532527294495
2006-03-31;3287.0;8.999315537303216;4.321867701429394
2006-03-31;3652.0;9.998631074606434;4.45171897987422
2006-03-31;4017.0;10.99794661190965;4.570326817919401
2006-03-31;4383.0;12.0;4.692885612439968
2006-03-31;4748.0;12.999315537303216;4.819025573725733
2006-03-31;5113.0;13.998631074606434;4.949538937453446
2006-03-31;5478.0;14.99794661190965;5.084928314909343
2006-03-31;5844.0;16.0;5.181394644425552
2006-03-31;6209.0;16.999315537303218;5.281624968576093
2006-03-31;6574.0;17.998631074606433;5.386272896384092
2006-03-31;6939.0;18.99794661190965;5.495762169999896
2006-03-31;7305.0;20.0;5.61097393091996
2006-03-31;7670.0;20.999315537303218;5.591606362791257
2006-03-31;8035.0;21.998631074606433;5.574002564779601
2006-03-31;8400.0;22.99794661190965;5.5579320949490585
2006-03-31;8766.0;24.0;5.543202979906159
2006-03-31;9131.0;24.999315537303218;5.529654009260931
2006-03-31;9496.0;25.998631074606433;5.517148810917227
2006-03-31;9861.0;26.99794661190965;5.50557124483857
2006-03-31;10227.0;28.0;5.494821785219095
2006-03-31;10592.0;28.999315537303218;5.484814652162684
2006-03-31;10957.0;29.998631074606433;5.475475517761241
2006-04-28;91.0;0.24914442162902123;2.720994819790597
2006-04-28;182.0;0.49828884325804246;2.854693396027427
2006-04-28;364.0;0.9965776865160849;3.09456287420157
2006-04-28;365.0;0.999315537303217;3.095176799723931
2006-04-28;730.0;1.998631074606434;3.322986845590581
2006-04-28;1095.0;2.9979466119096507;3.4911438174580756
2006-04-28;1461.0;4.0;3.662539447950075
2006-04-28;1826.0;4.999315537303217;3.8365318420116035
2006-04-28;2191.0;5.9986310746064335;3.939213796224106
2006-04-28;2556.0;6.997946611909651;4.044310602566492
2006-04-28;2922.0;8.0;4.1521670460116455
2006-04-28;3287.0;8.999315537303216;4.262294585264392
2006-04-28;3652.0;9.998631074606434;4.375205721291353
2006-04-28;4017.0;10.99794661190965;4.504470872575239
2006-04-28;4383.0;12.0;4.637886242343736
2006-04-28;4748.0;12.999315537303216;4.775125123031421
2006-04-28;5113.0;13.998631074606434;4.917106257300685
2006-04-28;5478.0;14.99794661190965;5.064437169859537
2006-04-28;5844.0;16.0;5.152717778009497
2006-04-28;6209.0;16.999315537303218;5.244499241301082
2006-04-28;6574.0;17.998631074606433;5.340338115651422
2006-04-28;6939.0;18.99794661190965;5.440574787679653
2006-04-28;7305.0;20.0;5.545966223222676
2006-04-28;7670.0;20.999315537303218;5.527315865008964
2006-04-28;8035.0;21.998631074606433;5.5103638537273625
2006-04-28;8400.0;22.99794661190965;5.4948883086792355
2006-04-28;8766.0;24.0;5.480704386391744
2006-04-28;9131.0;24.999315537303218;5.467656862196679
2006-04-28;9496.0;25.998631074606433;5.455614426190825
2006-04-28;9861.0;26.99794661190965;5.444465248498553
2006-04-28;10227.0;28.0;5.43411349609253
2006-04-28;10592.0;28.999315537303218;5.424476571192227
2006-04-28;10957.0;29.998631074606433;5.415482902664737
2006-05-31;91.0;0.24914442162902123;2.6552276411555713
2006-05-31;182.0;0.49828884325804246;2.794765518905354
2006-05-31;364.0;0.9965776865160849;3.00664690547712
2006-05-31;365.0;0.999315537303217;3.007290603166357
2006-05-31;730.0;1.998631074606434;3.246057975207073
2006-05-31;1095.0;2.9979466119096507;3.402118053338099
2006-05-31;1461.0;4.0;3.5611595858897394
2006-05-31;1826.0;4.999315537303217;3.722521916234056
2006-05-31;2191.0;5.9986310746064335;3.8455205145733418
2006-05-31;2556.0;6.997946611909651;3.971159585117512
2006-05-31;2922.0;8.0;4.099992231679717
2006-05-31;3287.0;8.999315537303216;4.231539178066068
2006-05-31;3652.0;9.998631074606434;4.366493128159621
2006-05-31;4017.0;10.99794661190965;4.446050180013561
2006-05-31;4383.0;12.0;4.52839442125561
2006-05-31;4748.0;12.999315537303216;4.613101094126115
2006-05-31;5113.0;13.998631074606434;4.700556345149964
2006-05-31;5478.0;14.99794661190965;4.790941853886754
2006-05-31;5844.0;16.0;4.879617485105592
2006-05-31;6209.0;16.999315537303218;4.97126276679114
2006-05-31;6574.0;17.998631074606433;5.066440247002535
2006-05-31;6939.0;18.99794661190965;5.1654896722771015
2006-05-31;7305.0;20.0;5.269137637162902
2006-05-31;7670.0;20.999315537303218;5.253804136647111
2006-05-31;8035.0;21.998631074606433;5.239882589173828
2006-05-31;8400.0;22.99794661190965;5.2271891466497244
2006-05-31;8766.0;24.0;5.215571163920596
2006-05-31;9131.0;24.999315537303218;5.204899059982981
2006-05-31;9496.0;25.998631074606433;5.1950645928559025
2006-05-31;9861.0;26.99794661190965;5.185975171429491
2006-05-31;10227.0;28.0;5.177552027207155
2006-05-31;10592.0;28.999315537303218;5.169725704140826
2006-05-31;10957.0;29.998631074606433;5.162437576297929
2006-06-30;91.0;0.24914442162902123;2.657672230570684
2006-06-30;182.0;0.49828884325804246;2.7560063886152193
2006-06-30;364.0;0.9965776865160849;2.9221866910583945
2006-06-30;365.0;0.999315537303217;2.922869071641565
2006-06-30;730.0;1.998631074606434;3.1758979274041366
2006-06-30;1095.0;2.9979466119096507;3.3490254555789134
2006-06-30;1461.0;4.0;3.5254530614964974
2006-06-30;1826.0;4.999315537303217;3.7045041472584472
2006-06-30;2191.0;5.9986310746064335;3.8163346094982398
2006-06-30;2556.0;6.997946611909651;3.9306990214198922
2006-06-30;2922.0;8.0;4.048012737858908
2006-06-30;3287.0;8.999315537303216;4.167775569351151
2006-06-30;3652.0;9.998631074606434;4.290569107871822
2006-06-30;4017.0;10.99794661190965;4.381913822210537
2006-06-30;4383.0;12.0;4.476236101585496
2006-06-30;4748.0;12.999315537303216;4.573132245521561
2006-06-30;5113.0;13.998631074606434;4.673101396890744
2006-06-30;5478.0;14.99794661190965;4.776407315801778
2006-06-30;5844.0;16.0;4.87212091828908
2006-06-30;6209.0;16.999315537303218;4.971100955050023
2006-06-30;6574.0;17.998631074606433;5.073981214119305
2006-06-30;6939.0;18.99794661190965;5.1811607122152825
2006-06-30;7305.0;20.0;5.293463666650178
2006-06-30;7670.0;20.999315537303218;5.276843952055721
2006-06-30;8035.0;21.998631074606433;5.261737397022692
2006-06-30;8400.0;22.99794661190965;5.247946348625576
2006-06-30;8766.0;24.0;5.235306141541951
2006-06-30;9131.0;24.999315537303218;5.223678491797812
2006-06-30;9496.0;25.998631074606433;5.212946416973208
2006-06-30;9861.0;26.99794661190965;5.203010286633947
2006-06-30;10227.0;28.0;5.193784720099459
2006-06-30;10592.0;28.999315537303218;5.185196126784342
2006-06-30;10957.0;29.998631074606433;5.177180739013876
2006-07-31;91.0;0.24914442162902123;2.8132140629423317
2006-07-31;182.0;0.49828884325804246;3.0208446338616635
2006-07-31;364.0;0.9965776865160849;3.0558245149896486
2006-07-31;365.0;0.999315537303217;3.0560329599886193
2006-07-31;730.0;1.998631074606434;3.1333077795938635
2006-07-31;1095.0;2.9979466119096507;3.265396582802804
2006-07-31;1461.0;4.0;3.399569474030195
2006-07-31;1826.0;4.999315537303217;3.535403578600893
2006-07-31;2191.0;5.9986310746064335;3.671714561576045
2006-07-31;2556.0;6.997946611909651;3.810629283995448
2006-07-31;2922.0;8.0;3.952879903189155
2006-07-31;3287.0;8.999315537303216;4.098022020050429
2006-07-31;3652.0;9.998631074606434;4.2468774372987905
2006-07-31;4017.0;10.99794661190965;4.352408838835298
2006-07-31;4383.0;12.0;4.46144155689141
2006-07-31;4748.0;12.999315537303216;4.57355651723188
2006-07-31;5113.0;13.998631074606434;4.6893791818902075
2006-07-31;5478.0;14.99794661190965;4.809270796492848
2006-07-31;5844.0;16.0;4.902432485275421
2006-07-31;6209.0;16.999315537303218;4.998970250150214
2006-07-31;6574.0;17.998631074606433;5.099482918374987
2006-07-31;6939.0;18.99794661190965;5.204340718670486
2006-07-31;7305.0;20.0;5.314337983594397
2006-07-31;7670.0;20.999315537303218;5.296721022145912
2006-07-31;8035.0;21.998631074606433;5.280708159941128
2006-07-31;8400.0;22.99794661190965;5.266089847261601
2006-07-31;8766.0;24.0;5.2526915104041505
2006-07-31;9131.0;24.999315537303218;5.240366546664732
2006-07-31;9496.0;25.998631074606433;5.2289909380438315
2006-07-31;9861.0;26.99794661190965;5.218459063460412
2006-07-31;10227.0;28.0;5.208680409472222
2006-07-31;10592.0;28.999315537303218;5.199576962359487
2006-07-31;10957.0;29.998631074606433;5.191081122401631
2006-08-31;91.0;0.24914442162902123;3.0053672640358564
2006-08-31;182.0;0.49828884325804246;3.0312764515516646
2006-08-31;364.0;0.9965776865160849;3.083094826583282
2006-08-31;365.0;0.999315537303217;3.0833795429296096
2006-08-31;730.0;1.998631074606434;3.188958863875735
2006-08-31;1095.0;2.9979466119096507;3.2958300247812655
2006-08-31;1461.0;4.0;3.4044473976895473
2006-08-31;1826.0;4.999315537303217;3.5143754659409776
2006-08-31;2191.0;5.9986310746064335;3.6320570563980192
2006-08-31;2556.0;6.997946611909651;3.751842992681209
2006-08-31;2922.0;8.0;3.874337320417731
2006-08-31;3287.0;8.999315537303216;3.999121393044147
2006-08-31;3652.0;9.998631074606434;4.126855467651969
2006-08-31;4017.0;10.99794661190965;4.2166504355740875
2006-08-31;4383.0;12.0;4.309240747565135
2006-08-31;4748.0;12.999315537303216;4.404229663486903
2006-08-31;5113.0;13.998631074606434;4.5020980716474535
2006-08-31;5478.0;14.99794661190965;4.6030929847428625
2006-08-31;5844.0;16.0;4.747015063945725
2006-08-31;6209.0;16.999315537303218;4.896114780274696
2006-08-31;6574.0;17.998631074606433;5.05162404719115
2006-08-31;6939.0;18.99794661190965;5.2144892149354805
2006-08-31;7305.0;20.0;5.386368022018528
2006-08-31;7670.0;20.999315537303218;5.365308466669871
2006-08-31;8035.0;21.998631074606433;5.346167068266694
2006-08-31;8400.0;22.99794661190965;5.328693176244315
2006-08-31;8766.0;24.0;5.312677988079173
2006-08-31;9131.0;24.999315537303218;5.29794616565924
2006-08-31;9496.0;25.998631074606433;5.284349389452547
2006-08-31;9861.0;26.99794661190965;5.271761347303805
2006-08-31;10227.0;28.0;5.260073798665776
2006-08-31;10592.0;28.999315537303218;5.249193454303458
2006-08-31;10957.0;29.998631074606433;5.239039480928387
2006-09-29;91.0;0.24914442162902123;2.6735560372978164
2006-09-29;182.0;0.49828884325804246;2.7128740864791108
2006-09-29;364.0;0.9965776865160849;2.8684819854142933
2006-09-29;365.0;0.999315537303217;2.8689037418136776
2006-09-29;730.0;1.998631074606434;3.025175088576315
2006-09-29;1095.0;2.9979466119096507;3.1494228953820924
2006-09-29;1461.0;4.0;3.2757598740923433
2006-09-29;1826.0;4.999315537303217;3.403656489089535
2006-09-29;2191.0;5.9986310746064335;3.4601974878511355
2006-09-29;2556.0;6.997946611909651;3.5180188345557806
2006-09-29;2922.0;8.0;3.577199599357428
2006-09-29;3287.0;8.999315537303216;3.6373825462162834
2006-09-29;3652.0;9.998631074606434;3.698764919970121
2006-09-29;4017.0;10.99794661190965;3.8770648527953755
2006-09-29;4383.0;12.0;4.060706571176298
2006-09-29;4748.0;12.999315537303216;4.249513756713252
2006-09-29;5113.0;13.998631074606434;4.444975884811253
2006-09-29;5478.0;14.99794661190965;4.648202700191972
2006-09-29;5844.0;16.0;4.654504249334468
2006-09-29;6209.0;16.999315537303218;4.662694503436904
2006-09-29;6574.0;17.998631074606433;4.672602219458
2006-09-29;6939.0;18.99794661190965;4.684050051713684
2006-09-29;7305.0;20.0;4.696969273556517
2006-09-29;7670.0;20.999315537303218;4.686150039784809
2006-09-29;8035.0;21.998631074606433;4.676315342926141
2006-09-29;8400.0;22.99794661190965;4.6673366439995645
2006-09-29;8766.0;24.0;4.659106846545336
2006-09-29;9131.0;24.999315537303218;4.651536004401735
2006-09-29;9496.0;25.998631074606433;4.644548020820749
2006-09-29;9861.0;26.99794661190965;4.638078081702379
2006-09-29;10227.0;28.0;4.632070639275865
2006-09-29;10592.0;28.999315537303218;4.626477813262242
2006-09-29;10957.0;29.998631074606433;4.621258112035398
2006-10-31;91.0;0.24914442162902123;2.709461740909001
2006-10-31;182.0;0.49828884325804246;2.7467286851490043
2006-10-31;364.0;0.9965776865160849;2.859038202360529
2006-10-31;365.0;0.999315537303217;2.8594577208100658
2006-10-31;730.0;1.998631074606434;3.0148919627304815
2006-10-31;1095.0;2.9979466119096507;3.1604488713415035
2006-10-31;1461.0;4.0;3.3084584043411303
2006-10-31;1826.0;4.999315537303217;3.4583767224894757
2006-10-31;2191.0;5.9986310746064335;3.5057796122047735
2006-10-31;2556.0;6.997946611909651;3.5545130571364103
2006-10-31;2922.0;8.0;3.6045462823451446
2006-10-31;3287.0;8.999315537303216;3.6555164012939567
2006-10-31;3652.0;9.998631074606434;3.707554026212412
2006-10-31;4017.0;10.99794661190965;3.88348795440816
2006-10-31;4383.0;12.0;4.064625086370444
2006-10-31;4748.0;12.999315537303216;4.250787978413162
2006-10-31;5113.0;13.998631074606434;4.443435775206117
2006-10-31;5478.0;14.99794661190965;4.643648218381702
2006-10-31;5844.0;16.0;4.64985553024313
2006-10-31;6209.0;16.999315537303218;4.657907927183524
2006-10-31;6574.0;17.998631074606433;4.667638063645518
2006-10-31;6939.0;18.99794661190965;4.678872508114185
2006-10-31;7305.0;20.0;4.6915440268697095
2006-10-31;7670.0;20.999315537303218;4.680983665744232
2006-10-31;8035.0;21.998631074606433;4.671384261829736
2006-10-31;8400.0;22.99794661190965;4.66262035748124
2006-10-31;8766.0;24.0;4.654587423104073
2006-10-31;9131.0;24.999315537303218;4.647197668000769
2006-10-31;9496.0;25.998631074606433;4.640376818732239
2006-10-31;9861.0;26.99794661190965;4.634061613959695
2006-10-31;10227.0;28.0;4.628197836511627
2006-10-31;10592.0;28.999315537303218;4.62273875290673
2006-10-31;10957.0;29.998631074606433;4.617643865192056
2006-11-30;91.0;0.24914442162902123;2.5424680893858325
2006-11-30;182.0;0.49828884325804246;2.661640196836987
2006-11-30;364.0;0.9965776865160849;2.7422854551726115
2006-11-30;365.0;0.999315537303217;2.7425960993405996
2006-11-30;730.0;1.998631074606434;2.857602174705698
2006-11-30;1095.0;2.9979466119096507;2.9468907357389718
2006-11-30;1461.0;4.0;3.0375550011478847
2006-11-30;1826.0;4.999315537303217;3.129171326265201
2006-11-30;2191.0;5.9986310746064335;3.1973227451531194
2006-11-30;2556.0;6.997946611909651;3.2665883677742924
2006-11-30;2922.0;8.0;3.3372029821554072
2006-11-30;3287.0;8.999315537303216;3.408828173481715
2006-11-30;3652.0;9.998631074606434;3.4817489364060705
2006-11-30;4017.0;10.99794661190965;3.5284502343330137
2006-11-30;4383.0;12.0;3.5763404145078725
2006-11-30;4748.0;12.999315537303216;3.625145375800587
2006-11-30;5113.0;13.998631074606434;3.6750380427182927
2006-11-30;5478.0;14.99794661190965;3.7260626050800827
2006-11-30;5844.0;16.0;3.7651200465492307
2006-11-30;6209.0;16.999315537303218;3.8050602596516825
2006-11-30;6574.0;17.998631074606433;3.8460330980259583
2006-11-30;6939.0;18.99794661190965;3.8880775320407013
2006-11-30;7305.0;20.0;3.931376474233561
2006-11-30;7670.0;20.999315537303218;3.952170025114765
2006-11-30;8035.0;21.998631074606433;3.973741000810427
2006-11-30;8400.0;22.99794661190965;3.99608357796839
2006-11-30;8766.0;24.0;4.0192788666492785
2006-11-30;9131.0;24.999315537303218;4.043176862650166
2006-11-30;9496.0;25.998631074606433;4.067872728114308
2006-11-30;9861.0;26.99794661190965;4.093387532680115
2006-11-30;10227.0;28.0;4.119836722462655
2006-11-30;10592.0;28.999315537303218;4.147074424515518
2006-11-30;10957.0;29.998631074606433;4.175228020349975
2006-12-29;91.0;0.24914442162902123;2.641919680905597
2006-12-29;182.0;0.49828884325804246;2.698344694973569
2006-12-29;364.0;0.9965776865160849;2.880190150891733
2006-12-29;365.0;0.999315537303217;2.880271598566897
2006-12-29;730.0;1.998631074606434;2.9104326759591848
2006-12-29;1095.0;2.9979466119096507;2.9779282715356237
2006-12-29;1461.0;4.0;3.04630930388039
2006-12-29;1826.0;4.999315537303217;3.1153158242678503
2006-12-29;2191.0;5.9986310746064335;3.1722274565441744
2006-12-29;2556.0;6.997946611909651;3.2299804025654133
2006-12-29;2922.0;8.0;3.288779715439105
2006-12-29;3287.0;8.999315537303216;3.348344467338271
2006-12-29;3652.0;9.998631074606434;3.40890584736655
2006-12-29;4017.0;10.99794661190965;3.4688837800947114
2006-12-29;4383.0;12.0;3.530159705334346
2006-12-29;4748.0;12.999315537303216;3.592459577413165
2006-12-29;5113.0;13.998631074606434;3.6560537638238078
2006-12-29;5478.0;14.99794661190965;3.7210437114922
2006-12-29;5844.0;16.0;3.768341759189897
2006-12-29;6209.0;16.999315537303218;3.816691435084807
2006-12-29;6574.0;17.998631074606433;3.866291981814207
2006-12-29;6939.0;18.99794661190965;3.917209460772897
2006-12-29;7305.0;20.0;3.969683510462163
2006-12-29;7670.0;20.999315537303218;3.9854694766044307
2006-12-29;8035.0;21.998631074606433;4.002047912484685
2006-12-29;8400.0;22.99794661190965;4.019391966616115
2006-12-29;8766.0;24.0;4.037550989345262
2006-12-29;9131.0;24.999315537303218;4.056381964181033
2006-12-29;9496.0;25.998631074606433;4.075950216858981
2006-12-29;9861.0;26.99794661190965;4.0962599184706905
2006-12-29;10227.0;28.0;4.117395262393098
2006-12-29;10592.0;28.999315537303218;4.1392220729451035
2006-12-29;10957.0;29.998631074606433;4.161835657561186
2007-01-31;91.0;0.24914442162902123;2.782478917691036
2007-01-31;182.0;0.49828884325804246;2.8491647468838637
2007-01-31;364.0;0.9965776865160849;2.9278484945402723
2007-01-31;365.0;0.999315537303217;2.928130299230025
2007-01-31;730.0;1.998631074606434;3.032549422329045
2007-01-31;1095.0;2.9979466119096507;3.0737933635988535
2007-01-31;1461.0;4.0;3.115780155714898
2007-01-31;1826.0;4.999315537303217;3.158214499102918
2007-01-31;2191.0;5.9986310746064335;3.210105453827472
2007-01-31;2556.0;6.997946611909651;3.262675053642017
2007-01-31;2922.0;8.0;3.316135843036805
2007-01-31;3287.0;8.999315537303216;3.370246056843018
2007-01-31;3652.0;9.998631074606434;3.4252210978573228
2007-01-31;4017.0;10.99794661190965;3.483681579933573
2007-01-31;4383.0;12.0;3.5433578362310536
2007-01-31;4748.0;12.999315537303216;3.603991493172809
2007-01-31;5113.0;13.998631074606434;3.6658495158157
2007-01-31;5478.0;14.99794661190965;3.7290329395185173
2007-01-31;5844.0;16.0;3.764935067720687
2007-01-31;6209.0;16.999315537303218;3.8016894201724716
2007-01-31;6574.0;17.998631074606433;3.839424925178503
2007-01-31;6939.0;18.99794661190965;3.878168533405524
2007-01-31;7305.0;20.0;3.918081586385491
2007-01-31;7670.0;20.999315537303218;3.9388518069409795
2007-01-31;8035.0;21.998631074606433;3.9603832723632104
2007-01-31;8400.0;22.99794661190965;3.982671179198749
2007-01-31;8766.0;24.0;4.005796825840902
2007-01-31;9131.0;24.999315537303218;4.029611846447034
2007-01-31;9496.0;25.998631074606433;4.054211153682896
2007-01-31;9861.0;26.99794661190965;4.07961595569708
2007-01-31;10227.0;28.0;4.105941013132641
2007-01-31;10592.0;28.999315537303218;4.13304160275314
2007-01-31;10957.0;29.998631074606433;4.161044114293366
2007-02-28;91.0;0.24914442162902123;2.9172337583167867
2007-02-28;182.0;0.49828884325804246;2.9097263239953963
2007-02-28;364.0;0.9965776865160849;2.9693807802787586
2007-02-28;365.0;0.999315537303217;2.969561678294008
2007-02-28;730.0;1.998631074606434;3.0365922772215503
2007-02-28;1095.0;2.9979466119096507;3.0791158634919435
2007-02-28;1461.0;4.0;3.122306470965852
2007-02-28;1826.0;4.999315537303217;3.165919947519158
2007-02-28;2191.0;5.9986310746064335;3.2170812952151184
2007-02-28;2556.0;6.997946611909651;3.2689103826314403
2007-02-28;2922.0;8.0;3.321616713575337
2007-02-28;3287.0;8.999315537303216;3.3749616584684894
2007-02-28;3652.0;9.998631074606434;3.429157170756314
2007-02-28;4017.0;10.99794661190965;3.4899049056533293
2007-02-28;4383.0;12.0;3.55190800927887
2007-02-28;4748.0;12.999315537303216;3.614905538576285
2007-02-28;5113.0;13.998631074606434;3.679180551238015
2007-02-28;5478.0;14.99794661190965;3.744843684556942
2007-02-28;5844.0;16.0;3.7780425600034695
2007-02-28;6209.0;16.999315537303218;3.812076242342699
2007-02-28;6574.0;17.998631074606433;3.8470557985832654
2007-02-28;6939.0;18.99794661190965;3.882998052637321
2007-02-28;7305.0;20.0;3.9200464446012218
2007-02-28;7670.0;20.999315537303218;3.94011988033518
2007-02-28;8035.0;21.998631074606433;3.960935340677696
2007-02-28;8400.0;22.99794661190965;3.9824868358032006
2007-02-28;8766.0;24.0;4.00485192650315
2007-02-28;9131.0;24.999315537303218;4.027885568031708
2007-02-28;9496.0;25.998631074606433;4.051678591761454
2007-02-28;9861.0;26.99794661190965;4.076250349987465
2007-02-28;10227.0;28.0;4.101710772017175
2007-02-28;10592.0;28.999315537303218;4.127918360894456
2007-02-28;10957.0;29.998631074606433;4.154994170360915
2007-03-30;91.0;0.24914442162902123;3.138846126243524
2007-03-30;182.0;0.49828884325804246;3.126735310635735
2007-03-30;364.0;0.9965776865160849;3.023593609300297
2007-03-30;365.0;0.999315537303217;3.023593742540376
2007-03-30;730.0;1.998631074606434;3.023643110407437
2007-03-30;1095.0;2.9979466119096507;3.080094099485886
2007-03-30;1461.0;4.0;3.137228013323057
2007-03-30;1826.0;4.999315537303217;3.1948594065898783
2007-03-30;2191.0;5.9986310746064335;3.2471213401839005
2007-03-30;2556.0;6.997946611909651;3.300123602169003
2007-03-30;2922.0;8.0;3.3540645729262186
2007-03-30;3287.0;8.999315537303216;3.408691039401379
2007-03-30;3652.0;9.998631074606434;3.4642160610452555
2007-03-30;4017.0;10.99794661190965;3.517790537388543
2007-03-30;4383.0;12.0;3.5725120667033483
2007-03-30;4748.0;12.999315537303216;3.628128778224804
2007-03-30;5113.0;13.998631074606434;3.6848750859554524
2007-03-30;5478.0;14.99794661190965;3.7428334850974743
2007-03-30;5844.0;16.0;3.7746579109818823
2007-03-30;6209.0;16.999315537303218;3.8072600329647655
2007-03-30;6574.0;17.998631074606433;3.8407466650725697
2007-03-30;6939.0;18.99794661190965;3.8751340430586145
2007-03-30;7305.0;20.0;3.9105586156034766
2007-03-30;7670.0;20.999315537303218;3.931415104448055
2007-03-30;8035.0;21.998631074606433;3.9529926288664807
2007-03-30;8400.0;22.99794661190965;3.9752901002321206
2007-03-30;8766.0;24.0;3.9983907125469287
2007-03-30;9131.0;24.999315537303218;4.022150547243886
2007-03-30;9496.0;25.998631074606433;4.046665250381509
2007-03-30;9861.0;26.99794661190965;4.071957383008562
2007-03-30;10227.0;28.0;4.09814147279004
2007-03-30;10592.0;28.999315537303218;4.125075803765732
2007-03-30;10957.0;29.998631074606433;4.1528858587440265
2007-04-30;91.0;0.24914442162902123;3.141573133254021
2007-04-30;182.0;0.49828884325804246;3.1344096738923355
2007-04-30;364.0;0.9965776865160849;3.0993567061375296
2007-04-30;365.0;0.999315537303217;3.0993816903954308
2007-04-30;730.0;1.998631074606434;3.1086426934058276
2007-04-30;1095.0;2.9979466119096507;3.1577405562429828
2007-04-30;1461.0;4.0;3.2074577979655627
2007-04-30;1826.0;4.999315537303217;3.2576180145852396
2007-04-30;2191.0;5.9986310746064335;3.3133770781393235
2007-04-30;2556.0;6.997946611909651;3.3698901830981898
2007-04-30;2922.0;8.0;3.4273927294326434
2007-04-30;3287.0;8.999315537303216;3.4856305296926404
2007-04-30;3652.0;9.998631074606434;3.5448416856508125
2007-04-30;4017.0;10.99794661190965;3.591278123879671
2007-04-30;4383.0;12.0;3.638775213320833
2007-04-30;4748.0;12.999315537303216;3.687091168103618
2007-04-30;5113.0;13.998631074606434;3.7364142484891616
2007-04-30;5478.0;14.99794661190965;3.786801702540421
2007-04-30;5844.0;16.0;3.8090021782393846
2007-04-30;6209.0;16.999315537303218;3.8318490194220622
2007-04-30;6574.0;17.998631074606433;3.8553969697234125
2007-04-30;6939.0;18.99794661190965;3.879637856202911
2007-04-30;7305.0;20.0;3.904652525892316
2007-04-30;7670.0;20.999315537303218;3.9243127799561073
2007-04-30;8035.0;21.998631074606433;3.9445946499553797
2007-04-30;8400.0;22.99794661190965;3.9655007852028357
2007-04-30;8766.0;24.0;3.987110419180584
2007-04-30;9131.0;24.999315537303218;4.009293106642553
2007-04-30;9496.0;25.998631074606433;4.032138079601211
2007-04-30;9861.0;26.99794661190965;4.055666708158201
2007-04-30;10227.0;28.0;4.079984223674438
2007-04-30;10592.0;28.999315537303218;4.104960003693914
2007-04-30;10957.0;29.998631074606433;4.1307082815734475
2007-05-31;91.0;0.24914442162902123;3.3964132879423925
2007-05-31;182.0;0.49828884325804246;3.4162696807306188
2007-05-31;364.0;0.9965776865160849;3.0434813066206794
2007-05-31;365.0;0.999315537303217;3.044321716789944
2007-05-31;730.0;1.998631074606434;3.3562268154935238
2007-05-31;1095.0;2.9979466119096507;3.3396824269138925
2007-05-31;1461.0;4.0;3.3238398344897835
2007-05-31;1826.0;4.999315537303217;3.308235918681346
2007-05-31;2191.0;5.9986310746064335;3.379817620152137
2007-05-31;2556.0;6.997946611909651;3.4520900639415597
2007-05-31;2922.0;8.0;3.5254891227306073
2007-05-31;3287.0;8.999315537303216;3.5997790562059873
2007-05-31;3652.0;9.998631074606434;3.67532214135462
2007-05-31;4017.0;10.99794661190965;3.682028668210635
2007-05-31;4383.0;12.0;3.6893887483286036
2007-05-31;4748.0;12.999315537303216;3.69723923838694
2007-05-31;5113.0;13.998631074606434;3.705535184670694
2007-05-31;5478.0;14.99794661190965;3.714224201341043
2007-05-31;5844.0;16.0;3.780914390635859
2007-05-31;6209.0;16.999315537303218;3.8487229534232448
2007-05-31;6574.0;17.998631074606433;3.9180133444041365
2007-05-31;6939.0;18.99794661190965;3.98896449952979
2007-05-31;7305.0;20.0;4.061981379028978
2007-05-31;7670.0;20.999315537303218;4.0608641814801505
2007-05-31;8035.0;21.998631074606433;4.060330478796992
2007-05-31;8400.0;22.99794661190965;4.060317725042473
2007-05-31;8766.0;24.0;4.060789100147311
2007-05-31;9131.0;24.999315537303218;4.061672377139214
2007-05-31;9496.0;25.998631074606433;4.062947033240749
2007-05-31;9861.0;26.99794661190965;4.064583513695541
2007-05-31;10227.0;28.0;4.066573239798554
2007-05-31;10592.0;28.999315537303218;4.068863171306236
2007-05-31;10957.0;29.998631074606433;4.071452475034709
2007-06-29;91.0;0.24914442162902123;3.381615722264496
2007-06-29;182.0;0.49828884325804246;3.425449668844167
2007-06-29;364.0;0.9965776865160849;3.379684799284716
2007-06-29;365.0;0.999315537303217;3.3794733526886
2007-06-29;730.0;1.998631074606434;3.3010219971190136
2007-06-29;1095.0;2.9979466119096507;3.324307281807082
2007-06-29;1461.0;4.0;3.3476574436626327
2007-06-29;1826.0;4.999315537303217;3.3711185997779447
2007-06-29;2191.0;5.9986310746064335;3.407300593495677
2007-06-29;2556.0;6.997946611909651;3.44387323630444
2007-06-29;2922.0;8.0;3.481007823094817
2007-06-29;3287.0;8.999315537303216;3.5185466624976236
2007-06-29;3652.0;9.998631074606434;3.5566412705715367
2007-06-29;4017.0;10.99794661190965;3.5881308313176152
2007-06-29;4383.0;12.0;3.6202709055207727
2007-06-29;4748.0;12.999315537303216;3.652895110475285
2007-06-29;5113.0;13.998631074606434;3.6861240590009725
2007-06-29;5478.0;14.99794661190965;3.7199876604609106
2007-06-29;5844.0;16.0;3.7488159108117536
2007-06-29;6209.0;16.999315537303218;3.778175407421913
2007-06-29;6574.0;17.998631074606433;3.808176904936289
2007-06-29;6939.0;18.99794661190965;3.8388478028144046
2007-06-29;7305.0;20.0;3.870315637505173
2007-06-29;7670.0;20.999315537303218;3.8931717931034893
2007-06-29;8035.0;21.998631074606433;3.916640430105911
2007-06-29;8400.0;22.99794661190965;3.940737458083521
2007-06-29;8766.0;24.0;3.9655621850578804
2007-06-29;9131.0;24.999315537303218;3.990979766911651
2007-06-29;9496.0;25.998631074606433;4.017098334179181
2007-06-29;9861.0;26.99794661190965;4.043950007770403
2007-06-29;10227.0;28.0;4.071659884227774
2007-06-29;10592.0;28.999315537303218;4.1000900580527855
2007-06-29;10957.0;29.998631074606433;4.129375201912433
2007-07-31;91.0;0.24914442162902123;3.461031434863174
2007-07-31;182.0;0.49828884325804246;3.457026404000605
2007-07-31;364.0;0.9965776865160849;3.4170249809782614
2007-07-31;365.0;0.999315537303217;3.416836314839977
2007-07-31;730.0;1.998631074606434;3.34682120149159
2007-07-31;1095.0;2.9979466119096507;3.426498997884009
2007-07-31;1461.0;4.0;3.5070704926642104
2007-07-31;1826.0;4.999315537303217;3.588421377147122
2007-07-31;2191.0;5.9986310746064335;3.597037448596785
2007-07-31;2556.0;6.997946611909651;3.6062048806168923
2007-07-31;2922.0;8.0;3.615801572705979
2007-07-31;3287.0;8.999315537303216;3.625686644130943
2007-07-31;3652.0;9.998631074606434;3.635843194087185
2007-07-31;4017.0;10.99794661190965;3.6860213314799495
2007-07-31;4383.0;12.0;3.7370215373049076
2007-07-31;4748.0;12.999315537303216;3.7886686846504647
2007-07-31;5113.0;13.998631074606434;3.8412135498977484
2007-07-31;5478.0;14.99794661190965;3.8947579120849563
2007-07-31;5844.0;16.0;3.88737711546594
2007-07-31;6209.0;16.999315537303218;3.880419740020624
2007-07-31;6574.0;17.998631074606433;3.8737963099442885
2007-07-31;6939.0;18.99794661190965;3.8674441281938865
2007-07-31;7305.0;20.0;3.8613016390222965
2007-07-31;7670.0;20.999315537303218;3.8817564440322583
2007-07-31;8035.0;21.998631074606433;3.902605520340807
2007-07-31;8400.0;22.99794661190965;3.923874202467692
2007-07-31;8766.0;24.0;3.945654911537666
2007-07-31;9131.0;24.999315537303218;3.9678421489747873
2007-07-31;9496.0;25.998631074606433;3.9905317156935016
2007-07-31;9861.0;26.99794661190965;4.0137542050994846
2007-07-31;10227.0;28.0;4.0376161945143485
2007-07-31;10592.0;28.999315537303218;4.062003744554699
2007-07-31;10957.0;29.998631074606433;4.087028839003137
2007-08-31;91.0;0.24914442162902123;3.4399804338126634
2007-08-31;182.0;0.49828884325804246;3.4254635542578855
2007-08-31;364.0;0.9965776865160849;3.4536033003348017
2007-08-31;365.0;0.999315537303217;3.4539327766092143
2007-08-31;730.0;1.998631074606434;3.5763433227513186
2007-08-31;1095.0;2.9979466119096507;3.6757706475686547
2007-08-31;1461.0;4.0;3.7770117705668627
2007-08-31;1826.0;4.999315537303217;3.8796193067661466
2007-08-31;2191.0;5.9986310746064335;3.9578680366490593
2007-08-31;2556.0;6.997946611909651;4.037685225542509
2007-08-31;2922.0;8.0;4.119365843078904
2007-08-31;3287.0;8.999315537303216;4.202543326892161
2007-08-31;3652.0;9.998631074606434;4.287584864400307
2007-08-31;4017.0;10.99794661190965;4.209827541872424
2007-08-31;4383.0;12.0;4.132995035885068
2007-08-31;4748.0;12.999315537303216;4.057112549302566
2007-08-31;5113.0;13.998631074606434;3.981717363832815
2007-08-31;5478.0;14.99794661190965;3.9066359177670984
2007-08-31;5844.0;16.0;3.9907540008184084
2007-08-31;6209.0;16.999315537303218;4.076036474410705
2007-08-31;6574.0;17.998631074606433;4.163029078901492
2007-08-31;6939.0;18.99794661190965;4.2520507646382155
2007-08-31;7305.0;20.0;4.343692987263981
2007-08-31;7670.0;20.999315537303218;4.294908174091638
2007-08-31;8035.0;21.998631074606433;4.246703593813783
2007-08-31;8400.0;22.99794661190965;4.198958148413245
2007-08-31;8766.0;24.0;4.151449225458581
2007-08-31;9131.0;24.999315537303218;4.104351099655834
2007-08-31;9496.0;25.998631074606433;4.057472053289968
2007-08-31;9861.0;26.99794661190965;4.010761604539681
2007-08-31;10227.0;28.0;3.9640491434362657
2007-08-31;10592.0;28.999315537303218;3.9175691171758675
2007-08-31;10957.0;29.998631074606433;3.8711637138495902
2007-09-28;91.0;0.24914442162902123;3.508465501882929
2007-09-28;182.0;0.49828884325804246;3.5726391587726227
2007-09-28;364.0;0.9965776865160849;3.635788851697599
2007-09-28;365.0;0.999315537303217;3.6356685838878633
2007-09-28;730.0;1.998631074606434;3.590982822953248
2007-09-28;1095.0;2.9979466119096507;3.7201932618662115
2007-09-28;1461.0;4.0;3.8512856120788586
2007-09-28;1826.0;4.999315537303217;3.984062910008901
2007-09-28;2191.0;5.9986310746064335;4.051366971822201
2007-09-28;2556.0;6.997946611909651;4.120260208206594
2007-09-28;2922.0;8.0;4.190904494214576
2007-09-28;3287.0;8.999315537303216;4.262922234978506
2007-09-28;3652.0;9.998631074606434;4.336592957799579
2007-09-28;4017.0;10.99794661190965;4.369379528737682
2007-09-28;4383.0;12.0;4.403421412456887
2007-09-28;4748.0;12.999315537303216;4.438449415992496
2007-09-28;5113.0;13.998631074606434;4.474548526632538
2007-09-28;5478.0;14.99794661190965;4.511718806140408
2007-09-28;5844.0;16.0;4.452782504654351
2007-09-28;6209.0;16.999315537303218;4.3947474022620225
2007-09-28;6574.0;17.998631074606433;4.337260212351479
2007-09-28;6939.0;18.99794661190965;4.280166996839774
2007-09-28;7305.0;20.0;4.223195495520393
2007-09-28;7670.0;20.999315537303218;4.232822483425602
2007-09-28;8035.0;21.998631074606433;4.242442778828792
2007-09-28;8400.0;22.99794661190965;4.252085084164348
2007-09-28;8766.0;24.0;4.261800327908216
2007-09-28;9131.0;24.999315537303218;4.271559920070689
2007-09-28;9496.0;25.998631074606433;4.281410660123597
2007-09-28;9861.0;26.99794661190965;4.291371919602005
2007-09-28;10227.0;28.0;4.301490412435993
2007-09-28;10592.0;28.999315537303218;4.31172625491576
2007-09-28;10957.0;29.998631074606433;4.32212518342916
2007-10-31;91.0;0.24914442162902123;3.511323496178796
2007-10-31;182.0;0.49828884325804246;3.467621551098861
2007-10-31;364.0;0.9965776865160849;3.4208796491088473
2007-10-31;365.0;0.999315537303217;3.4213249214202213
2007-10-31;730.0;1.998631074606434;3.5867663296068386
2007-10-31;1095.0;2.9979466119096507;3.695418690523544
2007-10-31;1461.0;4.0;3.806172113665407
2007-10-31;1826.0;4.999315537303217;3.9184979814102627
2007-10-31;2191.0;5.9986310746064335;4.002626099567541
2007-10-31;2556.0;6.997946611909651;4.088503141880673
2007-10-31;2922.0;8.0;4.17644719057777
2007-10-31;3287.0;8.999315537303216;4.266068491601871
2007-10-31;3652.0;9.998631074606434;4.357771826670254
2007-10-31;4017.0;10.99794661190965;4.396034959345174
2007-10-31;4383.0;12.0;4.4357945318598935
2007-10-31;4748.0;12.999315537303216;4.476740134041046
2007-10-31;5113.0;13.998631074606434;4.5189767441544015
2007-10-31;5478.0;14.99794661190965;4.562511013349124
2007-10-31;5844.0;16.0;4.52803713786496
2007-10-31;6209.0;16.999315537303218;4.494323643147324
2007-10-31;6574.0;17.998631074606433;4.461109958458165
2007-10-31;6939.0;18.99794661190965;4.428253501266655
2007-10-31;7305.0;20.0;4.395556849996529
2007-10-31;7670.0;20.999315537303218;4.383240433392355
2007-10-31;8035.0;21.998631074606433;4.370978823989535
2007-10-31;8400.0;22.99794661190965;4.358737876644825
2007-10-31;8766.0;24.0;4.34645613273692
2007-10-31;9131.0;24.999315537303218;4.334173843333877
2007-10-31;9496.0;25.998631074606433;4.321836188413974
2007-10-31;9861.0;26.99794661190965;4.309424044675536
2007-10-31;10227.0;28.0;4.296885190762767
2007-10-31;10592.0;28.999315537303218;4.284275860359998
2007-10-31;10957.0;29.998631074606433;4.271546502580259
2007-11-30;91.0;0.24914442162902123;3.497709137470043
2007-11-30;182.0;0.49828884325804246;3.525324546372278
2007-11-30;364.0;0.9965776865160849;3.5258498991938394
2007-11-30;365.0;0.999315537303217;3.52607751625178
2007-11-30;730.0;1.998631074606434;3.6106582263589537
2007-11-30;1095.0;2.9979466119096507;3.730061140585761
2007-11-30;1461.0;4.0;3.8515373961276023
2007-11-30;1826.0;4.999315537303217;3.974684577807741
2007-11-30;2191.0;5.9986310746064335;4.060451582329216
2007-11-30;2556.0;6.997946611909651;4.148056651399767
2007-11-30;2922.0;8.0;4.237818739580401
2007-11-30;3287.0;8.999315537303216;4.329338444732156
2007-11-30;3652.0;9.998631074606434;4.4230313138144295
2007-11-30;4017.0;10.99794661190965;4.457189187443489
2007-11-30;4383.0;12.0;4.492824652798144
2007-11-30;4748.0;12.999315537303216;4.529625728565678
2007-11-30;5113.0;13.998631074606434;4.567666754326782
2007-11-30;5478.0;14.99794661190965;4.606936998562738
2007-11-30;5844.0;16.0;4.595337331231808
2007-11-30;6209.0;16.999315537303218;4.584411306133984
2007-11-30;6574.0;17.998631074606433;4.574014097763834
2007-11-30;6939.0;18.99794661190965;4.564043479829505
2007-11-30;7305.0;20.0;4.554399681385468
2007-11-30;7670.0;20.999315537303218;4.521105723970553
2007-11-30;8035.0;21.998631074606433;4.488038567275177
2007-11-30;8400.0;22.99794661190965;4.455115734154513
2007-11-30;8766.0;24.0;4.42218146523119
2007-11-30;9131.0;24.999315537303218;4.389357165472596
2007-11-30;9496.0;25.998631074606433;4.356506243970726
2007-11-30;9861.0;26.99794661190965;4.323590186706983
2007-11-30;10227.0;28.0;4.29048329619639
2007-11-30;10592.0;28.999315537303218;4.2573498623242445
2007-11-30;10957.0;29.998631074606433;4.224072433630632
2007-12-31;91.0;0.24914442162902123;3.8462571835871096
2007-12-31;182.0;0.49828884325804246;3.9106610211884663
2007-12-31;364.0;0.9965776865160849;3.7840796105551293
2007-12-31;365.0;0.999315537303217;3.7839382415957745
2007-12-31;730.0;1.998631074606434;3.7313761263836787
2007-12-31;1095.0;2.9979466119096507;3.898422283790648
2007-12-31;1461.0;4.0;4.0681429819528825
2007-12-31;1826.0;4.999315537303217;4.240367590768801
2007-12-31;2191.0;5.9986310746064335;4.271348070532732
2007-12-31;2556.0;6.997946611909651;4.303861711020196
2007-12-31;2922.0;8.0;4.337688211814172
2007-12-31;3287.0;8.999315537303216;4.3724619260118835
2007-12-31;3652.0;9.998631074606434;4.408207316806578
2007-12-31;4017.0;10.99794661190965;4.424951605719496
2007-12-31;4383.0;12.0;4.442450894130756
2007-12-31;4748.0;12.999315537303216;4.460531064169082
2007-12-31;5113.0;13.998631074606434;4.4792123206830015
2007-12-31;5478.0;14.99794661190965;4.498473774601952
2007-12-31;5844.0;16.0;4.504896810945835
2007-12-31;6209.0;16.999315537303218;4.511711983573075
2007-12-31;6574.0;17.998631074606433;4.518911846652074
2007-12-31;6939.0;18.99794661190965;4.526471880808547
2007-12-31;7305.0;20.0;4.534402835162643
2007-12-31;7670.0;20.999315537303218;4.50336604092636
2007-12-31;8035.0;21.998631074606433;4.472501130214868
2007-12-31;8400.0;22.99794661190965;4.441734061181002
2007-12-31;8766.0;24.0;4.4109209235826174
2007-12-31;9131.0;24.999315537303218;4.380178320055883
2007-12-31;9496.0;25.998631074606433;4.34937926356449
2007-12-31;9861.0;26.99794661190965;4.318488715782376
2007-12-31;10227.0;28.0;4.287388940988368
2007-12-31;10592.0;28.999315537303218;4.256235659348762
2007-12-31;10957.0;29.998631074606433;4.224918394975186
2008-01-31;91.0;0.24914442162902123;3.6195458575413126
2008-01-31;182.0;0.49828884325804246;3.640278729682688
2008-01-31;364.0;0.9965776865160849;3.732356230573151
2008-01-31;365.0;0.999315537303217;3.7325242278305693
2008-01-31;730.0;1.998631074606434;3.7950071072911262
2008-01-31;1095.0;2.9979466119096507;3.8677810621898567
2008-01-31;1461.0;4.0;3.941812706615333
2008-01-31;1826.0;4.999315537303217;4.016799921650649
2008-01-31;2191.0;5.9986310746064335;4.095819126519928
2008-01-31;2556.0;6.997946611909651;4.1762629254738615
2008-01-31;2922.0;8.0;4.258502094399819
2008-01-31;3287.0;8.999315537303216;4.342212611097573
2008-01-31;3652.0;9.998631074606434;4.427791338032883
2008-01-31;4017.0;10.99794661190965;4.513812601628353
2008-01-31;4383.0;12.0;4.6022937824998555
2008-01-31;4748.0;12.999315537303216;4.692922085898021
2008-01-31;5113.0;13.998631074606434;4.786194852100323
2008-01-31;5478.0;14.99794661190965;4.882377802111915
2008-01-31;5844.0;16.0;4.882104281537036
2008-01-31;6209.0;16.999315537303218;4.882998733753796
2008-01-31;6574.0;17.998631074606433;4.884926740373707
2008-01-31;6939.0;18.99794661190965;4.887763680559232
2008-01-31;7305.0;20.0;4.891440581220974
2008-01-31;7670.0;20.999315537303218;4.807933160475009
2008-01-31;8035.0;21.998631074606433;4.725675088793846
2008-01-31;8400.0;22.99794661190965;4.644481106057685
2008-01-31;8766.0;24.0;4.563991890541508
2008-01-31;9131.0;24.999315537303218;4.484535918994115
2008-01-31;9496.0;25.998631074606433;4.405806288516612
2008-01-31;9861.0;26.99794661190965;4.327741857874834
2008-01-31;10227.0;28.0;4.2500784537145675
2008-01-31;10592.0;28.999315537303218;4.173237953139686
2008-01-31;10957.0;29.998631074606433;4.096974363685235
2008-02-29;91.0;0.24914442162902123;3.5364293784579632
2008-02-29;182.0;0.49828884325804246;3.5821418229367623
2008-02-29;364.0;0.9965776865160849;3.6396302059795222
2008-02-29;365.0;0.999315537303217;3.639770687399868
2008-02-29;730.0;1.998631074606434;3.691993192255727
2008-02-29;1095.0;2.9979466119096507;3.7408382077333435
2008-02-29;1461.0;4.0;3.7905119975185864
2008-02-29;1826.0;4.999315537303217;3.8407779253761376
2008-02-29;2191.0;5.9986310746064335;3.9171731679876975
2008-02-29;2556.0;6.997946611909651;3.994739125230695
2008-02-29;2922.0;8.0;4.073873734460842
2008-02-29;3287.0;8.999315537303216;4.154286443340527
2008-02-29;3652.0;9.998631074606434;4.236363874597826
2008-02-29;4017.0;10.99794661190965;4.3510761860581
2008-02-29;4383.0;12.0;4.468968005096308
2008-02-29;4748.0;12.999315537303216;4.58975188355899
2008-02-29;5113.0;13.998631074606434;4.714198913585177
2008-02-29;5478.0;14.99794661190965;4.842784130025923
2008-02-29;5844.0;16.0;4.8060130833485815
2008-02-29;6209.0;16.999315537303218;4.770679202281092
2008-02-29;6574.0;17.998631074606433;4.736417429821627
2008-02-29;6939.0;18.99794661190965;4.702994817468142
2008-02-29;7305.0;20.0;4.670150432223963
2008-02-29;7670.0;20.999315537303218;4.6531394759568245
2008-02-29;8035.0;21.998631074606433;4.6364865793552035
2008-02-29;8400.0;22.99794661190965;4.62011333439496
2008-02-29;8766.0;24.0;4.6039171591689465
2008-02-29;9131.0;24.999315537303218;4.587915478332549
2008-02-29;9496.0;25.998631074606433;4.572022716300195
2008-02-29;9861.0;26.99794661190965;4.556197086060743
2008-02-29;10227.0;28.0;4.540362276787979
2008-02-29;10592.0;28.999315537303218;4.524566932330076
2008-02-29;10957.0;29.998631074606433;4.508742068536908
2008-03-31;91.0;0.24914442162902123;3.5012332571534373
2008-03-31;182.0;0.49828884325804246;3.496816197158508
2008-03-31;364.0;0.9965776865160849;3.617979217599663
2008-03-31;365.0;0.999315537303217;3.618170821315525
2008-03-31;730.0;1.998631074606434;3.68939671722186
2008-03-31;1095.0;2.9979466119096507;3.738702266585614
2008-03-31;1461.0;4.0;3.7889004664201087
2008-03-31;1826.0;4.999315537303217;3.8397198047707137
2008-03-31;2191.0;5.9986310746064335;3.9014103437832848
2008-03-31;2556.0;6.997946611909651;3.96407683443758
2008-03-31;2922.0;8.0;4.028001783121593
2008-03-31;3287.0;8.999315537303216;4.092920057494087
2008-03-31;3652.0;9.998631074606434;4.159118197902512
2008-03-31;4017.0;10.99794661190965;4.223111329237694
2008-03-31;4383.0;12.0;4.288734149313944
2008-03-31;4748.0;12.999315537303216;4.355713164096153
2008-03-31;5113.0;13.998631074606434;4.424367840198529
2008-03-31;5478.0;14.99794661190965;4.494838259979961
2008-03-31;5844.0;16.0;4.5324237449920535
2008-03-31;6209.0;16.999315537303218;4.571184400427808
2008-03-31;6574.0;17.998631074606433;4.611261151613344
2008-03-31;6939.0;18.99794661190965;4.652689089338913
2008-03-31;7305.0;20.0;4.695656279802862
2008-03-31;7670.0;20.999315537303218;4.681484049700502
2008-03-31;8035.0;21.998631074606433;4.667957564980707
2008-03-31;8400.0;22.99794661190965;4.654974055071137
2008-03-31;8766.0;24.0;4.642427489779277
2008-03-31;9131.0;24.999315537303218;4.630284770657789
2008-03-31;9496.0;25.998631074606433;4.618463303169351
2008-03-31;9861.0;26.99794661190965;4.606909361424272
2008-03-31;10227.0;28.0;4.595554601403684
2008-03-31;10592.0;28.999315537303218;4.584402161193557
2008-03-31;10957.0;29.998631074606433;4.573394015376486
2008-04-30;91.0;0.24914442162902123;3.526967411769003
2008-04-30;182.0;0.49828884325804246;3.5222156271368417
2008-04-30;364.0;0.9965776865160849;3.545641461872196
2008-04-30;365.0;0.999315537303217;3.545918567908224
2008-04-30;730.0;1.998631074606434;3.648908508907578
2008-04-30;1095.0;2.9979466119096507;3.7255301992862755
2008-04-30;1461.0;4.0;3.8035540286025293
2008-04-30;1826.0;4.999315537303217;3.882598413595839
2008-04-30;2191.0;5.9986310746064335;3.937805682619655
2008-04-30;2556.0;6.997946611909651;3.9941124897307168
2008-04-30;2922.0;8.0;4.0516883959405
2008-04-30;3287.0;8.999315537303216;4.110241815537363
2008-04-30;3652.0;9.998631074606434;4.1699999012334565
2008-04-30;4017.0;10.99794661190965;4.233958465074328
2008-04-30;4383.0;12.0;4.299532240630133
2008-04-30;4748.0;12.999315537303216;4.366451658014703
2008-04-30;5113.0;13.998631074606434;4.435038084526344
2008-04-30;5478.0;14.99794661190965;4.50543323177508
2008-04-30;5844.0;16.0;4.542999845452167
2008-04-30;6209.0;16.999315537303218;4.581737475634928
2008-04-30;6574.0;17.998631074606433;4.621787727055238
2008-04-30;6939.0;18.99794661190965;4.663186383859985
2008-04-30;7305.0;20.0;4.706121913579486
2008-04-30;7670.0;20.999315537303218;4.69009829501934
2008-04-30;8035.0;21.998631074606433;4.674712478658427
2008-04-30;8400.0;22.99794661190965;4.659858201185085
2008-04-30;8766.0;24.0;4.645420956283974
2008-04-30;9131.0;24.999315537303218;4.63137612699962
2008-04-30;9496.0;25.998631074606433;4.617633245501529
2008-04-30;9861.0;26.99794661190965;4.604136593909369
2008-04-30;10227.0;28.0;4.590810100467579
2008-04-30;10592.0;28.999315537303218;4.577667405403041
2008-04-30;10957.0;29.998631074606433;4.564642987775724
2008-05-30;91.0;0.24914442162902123;3.490000343771058
2008-05-30;182.0;0.49828884325804246;3.5252489424119786
2008-05-30;364.0;0.9965776865160849;3.583395552639519
2008-05-30;365.0;0.999315537303217;3.583657089682135
2008-05-30;730.0;1.998631074606434;3.6808758351404958
2008-05-30;1095.0;2.9979466119096507;3.750076718499651
2008-05-30;1461.0;4.0;3.820552783240827
2008-05-30;1826.0;4.999315537303217;3.891945492434723
2008-05-30;2191.0;5.9986310746064335;3.957703698028592
2008-05-30;2556.0;6.997946611909651;4.024647974333129
2008-05-30;2922.0;8.0;4.093044969468274
2008-05-30;3287.0;8.999315537303216;4.1625924762022315
2008-05-30;3652.0;9.998631074606434;4.233591260715319
2008-05-30;4017.0;10.99794661190965;4.284850684771713
2008-05-30;4383.0;12.0;4.337566208027055
2008-05-30;4748.0;12.999315537303216;4.391463717947497
2008-05-30;5113.0;13.998631074606434;4.446763477993709
2008-05-30;5478.0;14.99794661190965;4.50354365922625
2008-05-30;5844.0;16.0;4.542005538421567
2008-05-30;6209.0;16.999315537303218;4.58158215463893
2008-05-30;6574.0;17.998631074606433;4.622427967006537
2008-05-30;6939.0;18.99794661190965;4.6645886457623575
2008-05-30;7305.0;20.0;4.7082619289923855
2008-05-30;7670.0;20.999315537303218;4.691021738631718
2008-05-30;8035.0;21.998631074606433;4.674383736823473
2008-05-30;8400.0;22.99794661190965;4.658242738794938
2008-05-30;8766.0;24.0;4.642480558963036
2008-05-30;9131.0;24.999315537303218;4.627082422335582
2008-05-30;9496.0;25.998631074606433;4.611953764674581
2008-05-30;9861.0;26.99794661190965;4.597039309352247
2008-05-30;10227.0;28.0;4.582258425738472
2008-05-30;10592.0;28.999315537303218;4.567635021447591
2008-05-30;10957.0;29.998631074606433;4.553098804828037
2008-06-30;91.0;0.24914442162902123;3.488961944779767
2008-06-30;182.0;0.49828884325804246;3.5277272100908172
2008-06-30;364.0;0.9965776865160849;3.580521338748463
2008-06-30;365.0;0.999315537303217;3.5807940653795223
2008-06-30;730.0;1.998631074606434;3.682172895713154
2008-06-30;1095.0;2.9979466119096507;3.7756839684540466
2008-06-30;1461.0;4.0;3.8708845808584913
2008-06-30;1826.0;4.999315537303217;3.967371420168453
2008-06-30;2191.0;5.9986310746064335;4.0234228404986805
2008-06-30;2556.0;6.997946611909651;4.0807235935764075
2008-06-30;2922.0;8.0;4.139410812098121
2008-06-30;3287.0;8.999315537303216;4.199166993554915
2008-06-30;3652.0;9.998631074606434;4.260214811220808
2008-06-30;4017.0;10.99794661190965;4.307531501732154
2008-06-30;4383.0;12.0;4.356184147785247
2008-06-30;4748.0;12.999315537303216;4.405915305928332
2008-06-30;5113.0;13.998631074606434;4.456923695877313
2008-06-30;5478.0;14.99794661190965;4.509276249373162
2008-06-30;5844.0;16.0;4.544176097656227
2008-06-30;6209.0;16.999315537303218;4.580083509573396
2008-06-30;6574.0;17.998631074606433;4.617133465155954
2008-06-30;6939.0;18.99794661190965;4.655361756700094
2008-06-30;7305.0;20.0;4.694941768989347
2008-06-30;7670.0;20.999315537303218;4.678450758790231
2008-06-30;8035.0;21.998631074606433;4.662504794315869
2008-06-30;8400.0;22.99794661190965;4.64700642969913
2008-06-30;8766.0;24.0;4.6318443351223815
2008-06-30;9131.0;24.999315537303218;4.617008330713945
2008-06-30;9496.0;25.998631074606433;4.602408855796547
2008-06-30;9861.0;26.99794661190965;4.587994539298235
2008-06-30;10227.0;28.0;4.573688527904385
2008-06-30;10592.0;28.999315537303218;4.559516740298419
2008-06-30;10957.0;29.998631074606433;4.545411825491308
2008-07-31;91.0;0.24914442162902123;3.5037672919479124
2008-07-31;182.0;0.49828884325804246;3.5949282428245857
2008-07-31;364.0;0.9965776865160849;3.6652918306651614
2008-07-31;365.0;0.999315537303217;3.6655200730364212
2008-07-31;730.0;1.998631074606434;3.7503913745286166
2008-07-31;1095.0;2.9979466119096507;3.8519327115400737
2008-07-31;1461.0;4.0;3.955278549299468
2008-07-31;1826.0;4.999315537303217;4.060046513736104
2008-07-31;2191.0;5.9986310746064335;4.097236935658066
2008-07-31;2556.0;6.997946611909651;4.135537595282135
2008-07-31;2922.0;8.0;4.174927192394384
2008-07-31;3287.0;8.999315537303216;4.215120222686264
2008-07-31;3652.0;9.998631074606434;4.256220823829193
2008-07-31;4017.0;10.99794661190965;4.303835557032754
2008-07-31;4383.0;12.0;4.35262887455905
2008-07-31;4748.0;12.999315537303216;4.4023786118319475
2008-07-31;5113.0;13.998631074606434;4.453303362377725
2008-07-31;5478.0;14.99794661190965;4.50548550201908
2008-07-31;5844.0;16.0;4.537439180934477
2008-07-31;6209.0;16.999315537303218;4.5702953609161545
2008-07-31;6574.0;17.998631074606433;4.604175084609086
2008-07-31;6939.0;18.99794661190965;4.639108133119274
2008-07-31;7305.0;20.0;4.675249148132887
2008-07-31;7670.0;20.999315537303218;4.660581389080276
2008-07-31;8035.0;21.998631074606433;4.646404585407438
2008-07-31;8400.0;22.99794661190965;4.632631095900441
2008-07-31;8766.0;24.0;4.619161326619259
2008-07-31;9131.0;24.999315537303218;4.605984868249058
2008-07-31;9496.0;25.998631074606433;4.593021654446416
2008-07-31;9861.0;26.99794661190965;4.580225332770693
2008-07-31;10227.0;28.0;4.567527187449927
2008-07-31;10592.0;28.999315537303218;4.55494911231038
2008-07-31;10957.0;29.998631074606433;4.542430896505434
2008-08-29;91.0;0.24914442162902123;3.5307353759536624
2008-08-29;182.0;0.49828884325804246;3.5715350080160597
2008-08-29;364.0;0.9965776865160849;3.653134272140855
2008-08-29;365.0;0.999315537303217;3.6534562258376146
2008-08-29;730.0;1.998631074606434;3.7731875996988906
2008-08-29;1095.0;2.9979466119096507;3.878138321683222
2008-08-29;1461.0;4.0;3.9850678986927734
2008-08-29;1826.0;4.999315537303217;4.0935300414141285
2008-08-29;2191.0;5.9986310746064335;4.1625282766414085
2008-08-29;2556.0;6.997946611909651;4.233076991911955
2008-08-29;2922.0;8.0;4.305385048582155
2008-08-29;3287.0;8.999315537303216;4.379093125554823
2008-08-29;3652.0;9.998631074606434;4.454505014676857
2008-08-29;4017.0;10.99794661190965;4.467451522941568
2008-08-29;4383.0;12.0;4.481411945133673
2008-08-29;4748.0;12.999315537303216;4.496151347423782
2008-08-29;5113.0;13.998631074606434;4.511631599914789
2008-08-29;5478.0;14.99794661190965;4.527792397141361
2008-08-29;5844.0;16.0;4.547917680634406
2008-08-29;6209.0;16.999315537303218;4.568635568139889
2008-08-29;6574.0;17.998631074606433;4.590009196114164
2008-08-29;6939.0;18.99794661190965;4.612043700462332
2008-08-29;7305.0;20.0;4.634823838766722
2008-08-29;7670.0;20.999315537303218;4.622254103478474
2008-08-29;8035.0;21.998631074606433;4.609996639600444
2008-08-29;8400.0;22.99794661190965;4.597987473021625
2008-08-29;8766.0;24.0;4.5861472774281875
2008-08-29;9131.0;24.999315537303218;4.574481104882455
2008-08-29;9496.0;25.998631074606433;4.562923474069325
2008-08-29;9861.0;26.99794661190965;4.551439976685545
2008-08-29;10227.0;28.0;4.539972701155892
2008-08-29;10592.0;28.999315537303218;4.528551217479415
2008-08-29;10957.0;29.998631074606433;4.517123548663715
2008-09-30;91.0;0.24914442162902123;3.606179501284026
2008-09-30;182.0;0.49828884325804246;3.8636552364012684
2008-09-30;364.0;0.9965776865160849;3.8153022666668726
2008-09-30;365.0;0.999315537303217;3.815130646980247
2008-09-30;730.0;1.998631074606434;3.7513148885274017
2008-09-30;1095.0;2.9979466119096507;3.8976198212909097
2008-09-30;1461.0;4.0;4.046141638542733
2008-09-30;1826.0;4.999315537303217;4.196728549976703
2008-09-30;2191.0;5.9986310746064335;4.251468306195805
2008-09-30;2556.0;6.997946611909651;4.307829676383856
2008-09-30;2922.0;8.0;4.365831603725989
2008-09-30;3287.0;8.999315537303216;4.425092072123693
2008-09-30;3652.0;9.998631074606434;4.485798012476128
2008-09-30;4017.0;10.99794661190965;4.567468742074143
2008-09-30;4383.0;12.0;4.651378982168386
2008-09-30;4748.0;12.999315537303216;4.737243040196004
2008-09-30;5113.0;13.998631074606434;4.825534136798493
2008-09-30;5478.0;14.99794661190965;4.916501886413593
2008-09-30;5844.0;16.0;4.911925076000845
2008-09-30;6209.0;16.999315537303218;4.908410653546613
2008-09-30;6574.0;17.998631074606433;4.905808696913283
2008-09-30;6939.0;18.99794661190965;4.903992164710536
2008-09-30;7305.0;20.0;4.902873462861979
2008-09-30;7670.0;20.999315537303218;4.848051513707019
2008-09-30;8035.0;21.998631074606433;4.793857713536065
2008-09-30;8400.0;22.99794661190965;4.740148603255001
2008-09-30;8766.0;24.0;4.686667712684756
2008-09-30;9131.0;24.999315537303218;4.633608197868666
2008-09-30;9496.0;25.998631074606433;4.580750501915709
2008-09-30;9861.0;26.99794661190965;4.528035913551709
2008-09-30;10227.0;28.0;4.475269910126056
2008-09-30;10592.0;28.999315537303218;4.422719879190851
2008-09-30;10957.0;29.998631074606433;4.370206761429163
2008-10-31;91.0;0.24914442162902123;3.7984205246621916
2008-10-31;182.0;0.49828884325804246;3.8784615869834873
2008-10-31;364.0;0.9965776865160849;4.01351204023046
2008-10-31;365.0;0.999315537303217;4.0136381364738405
2008-10-31;730.0;1.998631074606434;4.060597923912357
2008-10-31;1095.0;2.9979466119096507;4.130683313374606
2008-10-31;1461.0;4.0;4.201996835904298
2008-10-31;1826.0;4.999315537303217;4.274275605733124
2008-10-31;2191.0;5.9986310746064335;4.350998218127278
2008-10-31;2556.0;6.997946611909651;4.429164389031537
2008-10-31;2922.0;8.0;4.509142099997265
2008-10-31;3287.0;8.999315537303216;4.590621136803152
2008-10-31;3652.0;9.998631074606434;4.673993897093287
2008-10-31;4017.0;10.99794661190965;4.72219488730119
2008-10-31;4383.0;12.0;4.772039391631133
2008-10-31;4748.0;12.999315537303216;4.8232330759316655
2008-10-31;5113.0;13.998631074606434;4.875970881198377
2008-10-31;5478.0;14.99794661190965;4.930317588153366
2008-10-31;5844.0;16.0;4.9110766358308355
2008-10-31;6209.0;16.999315537303218;4.892611224484789
2008-10-31;6574.0;17.998631074606433;4.874721223664413
2008-10-31;6939.0;18.99794661190965;4.8572750591938
2008-10-31;7305.0;20.0;4.840128800147547
2008-10-31;7670.0;20.999315537303218;4.790036264032893
2008-10-31;8035.0;21.998631074606433;4.740262072607804
2008-10-31;8400.0;22.99794661190965;4.690702200378349
2008-10-31;8766.0;24.0;4.641138234919917
2008-10-31;9131.0;24.999315537303218;4.591778808847469
2008-10-31;9496.0;25.998631074606433;4.542432649418826
2008-10-31;9861.0;26.99794661190965;4.493059792250942
2008-10-31;10227.0;28.0;4.443486902835447
2008-10-31;10592.0;28.999315537303218;4.39398346754607
2008-10-31;10957.0;29.998631074606433;4.344387376189274
2008-11-28;91.0;0.24914442162902123;3.805611344365579
2008-11-28;182.0;0.49828884325804246;3.84178837662856
2008-11-28;364.0;0.9965776865160849;3.8945399411152586
2008-11-28;365.0;0.999315537303217;3.894888783126471
2008-11-28;730.0;1.998631074606434;4.024780040510612
2008-11-28;1095.0;2.9979466119096507;4.014202531260858
2008-11-28;1461.0;4.0;4.0039268548336615
2008-11-28;1826.0;4.999315537303217;3.9937282357962456
2008-11-28;2191.0;5.9986310746064335;4.125594332205296
2008-11-28;2556.0;6.997946611909651;4.259325330511232
2008-11-28;2922.0;8.0;4.395922074779768
2008-11-28;3287.0;8.999315537303216;4.535135475446328
2008-11-28;3652.0;9.998631074606434;4.677856551705806
2008-11-28;4017.0;10.99794661190965;4.7305432263604175
2008-11-28;4383.0;12.0;4.785407121201213
2008-11-28;4748.0;12.999315537303216;4.842055587970551
2008-11-28;5113.0;13.998631074606434;4.9006712788291384
2008-11-28;5478.0;14.99794661190965;4.961303396363426
2008-11-28;5844.0;16.0;4.939085563938717
2008-11-28;6209.0;16.999315537303218;4.917877605830023
2008-11-28;6574.0;17.998631074606433;4.897434964714198
2008-11-28;6939.0;18.99794661190965;4.877593361530663
2008-11-28;7305.0;20.0;4.858179565958709
2008-11-28;7670.0;20.999315537303218;4.807257267627807
2008-11-28;8035.0;21.998631074606433;4.756758460121158
2008-11-28;8400.0;22.99794661190965;4.706565517617345
2008-11-28;8766.0;24.0;4.656449136097285
2008-11-28;9131.0;24.999315537303218;4.606607304990962
2008-11-28;9496.0;25.998631074606433;4.556841040392401
2008-11-28;9861.0;26.99794661190965;4.507103315246197
2008-11-28;10227.0;28.0;4.45721525596714
2008-11-28;10592.0;28.999315537303218;4.407439846574945
2008-11-28;10957.0;29.998631074606433;4.357610881213425
2008-12-31;91.0;0.24914442162902123;3.760862942511179
2008-12-31;182.0;0.49828884325804246;3.826079622822722
2008-12-31;364.0;0.9965776865160849;3.8961795213444903
2008-12-31;365.0;0.999315537303217;3.8964017533237527
2008-12-31;730.0;1.998631074606434;3.9791308975150264
2008-12-31;1095.0;2.9979466119096507;4.0501332202968365
2008-12-31;1461.0;4.0;4.122475799430481
2008-12-31;1826.0;4.999315537303217;4.195824502271295
2008-12-31;2191.0;5.9986310746064335;4.255116482401156
2008-12-31;2556.0;6.997946611909651;4.315598230430218
2008-12-31;2922.0;8.0;4.377488108666383
2008-12-31;3287.0;8.999315537303216;4.440497528699772
2008-12-31;3652.0;9.998631074606434;4.504891418747747
2008-12-31;4017.0;10.99794661190965;4.586320828707002
2008-12-31;4383.0;12.0;4.66993506402158
2008-12-31;4748.0;12.999315537303216;4.755460554505531
2008-12-31;5113.0;13.998631074606434;4.843374704279535
2008-12-31;5478.0;14.99794661190965;4.933930730245706
2008-12-31;5844.0;16.0;4.932065587151335
2008-12-31;6209.0;16.999315537303218;4.931251804848347
2008-12-31;6574.0;17.998631074606433;4.931358039182254
2008-12-31;6939.0;18.99794661190965;4.932266989673462
2008-12-31;7305.0;20.0;4.933907210322053
2008-12-31;7670.0;20.999315537303218;4.873874022826574
2008-12-31;8035.0;21.998631074606433;4.81454546817679
2008-12-31;8400.0;22.99794661190965;4.755770595119668
2008-12-31;8766.0;24.0;4.697273810655722
2008-12-31;9131.0;24.999315537303218;4.639273825911916
2008-12-31;9496.0;25.998631074606433;4.581534864998327
2008-12-31;9861.0;26.99794661190965;4.523997965289062
2008-12-31;10227.0;28.0;4.466455328256158
2008-12-31;10592.0;28.999315537303218;4.409204757363172
2008-12-31;10957.0;29.998631074606433;4.352054746397349
2009-01-30;91.0;0.24914442162902123;3.770785979605259
2009-01-30;182.0;0.49828884325804246;3.76794110468183
2009-01-30;364.0;0.9965776865160849;3.8206289001154996
2009-01-30;365.0;0.999315537303217;3.8208388850066832
2009-01-30;730.0;1.998631074606434;3.8989781082125807
2009-01-30;1095.0;2.9979466119096507;3.95971317383208
2009-01-30;1461.0;4.0;4.021584637086528
2009-01-30;1826.0;4.999315537303217;4.084284432091634
2009-01-30;2191.0;5.9986310746064335;4.174414843798702
2009-01-30;2556.0;6.997946611909651;4.266092307301195
2009-01-30;2922.0;8.0;4.359807670003368
2009-01-30;3287.0;8.999315537303216;4.455241338271887
2009-01-30;3652.0;9.998631074606434;4.552884887593178
2009-01-30;4017.0;10.99794661190965;4.6154335959394555
2009-01-30;4383.0;12.0;4.68000290348598
2009-01-30;4748.0;12.999315537303216;4.746264031984548
2009-01-30;5113.0;13.998631074606434;4.8145083930039245
2009-01-30;5478.0;14.99794661190965;4.884858872191455
2009-01-30;5844.0;16.0;4.8866661377994
2009-01-30;6209.0;16.999315537303218;4.8894760648088065
2009-01-30;6574.0;17.998631074606433;4.893186347647616
2009-01-30;6939.0;18.99794661190965;4.897696608817337
2009-01-30;7305.0;20.0;4.902959374181326
2009-01-30;7670.0;20.999315537303218;4.848244987940231
2009-01-30;8035.0;21.998631074606433;4.794162515816436
2009-01-30;8400.0;22.99794661190965;4.7405679611538964
2009-01-30;8766.0;24.0;4.687204813118173
2009-01-30;9131.0;24.999315537303218;4.634264878887651
2009-01-30;9496.0;25.998631074606433;4.581528653075528
2009-01-30;9861.0;26.99794661190965;4.5289370397699535
2009-01-30;10227.0;28.0;4.476295604257219
2009-01-30;10592.0;28.999315537303218;4.423870468359059
2009-01-30;10957.0;29.998631074606433;4.371482715225983
2009-02-27;91.0;0.24914442162902123;3.6872879698228713
2009-02-27;182.0;0.49828884325804246;3.75532334130119
2009-02-27;364.0;0.9965776865160849;3.8031959776456383
2009-02-27;365.0;0.999315537303217;3.8032983110400487
2009-02-27;730.0;1.998631074606434;3.841367539355911
2009-02-27;1095.0;2.9979466119096507;3.9006556548728755
2009-02-27;1461.0;4.0;3.96091793307225
2009-02-27;1826.0;4.999315537303217;4.021922689351043
2009-02-27;2191.0;5.9986310746064335;4.069233174305764
2009-02-27;2556.0;6.997946611909651;4.11743622082974
2009-02-27;2922.0;8.0;4.166692839409181
2009-02-27;3287.0;8.999315537303216;4.216760458634838
2009-02-27;3652.0;9.998631074606434;4.267834698691275
2009-02-27;4017.0;10.99794661190965;4.355598548156303
2009-02-27;4383.0;12.0;4.445503196177247
2009-02-27;4748.0;12.999315537303216;4.537292666638337
2009-02-27;5113.0;13.998631074606434;4.631499113034421
2009-02-27;5478.0;14.99794661190965;4.728411803373178
2009-02-27;5844.0;16.0;4.709933307248315
2009-02-27;6209.0;16.999315537303218;4.6924380610375405
2009-02-27;6574.0;17.998631074606433;4.675706486122966
2009-02-27;6939.0;18.99794661190965;4.659586568875573
2009-02-27;7305.0;20.0;4.643925648984881
2009-02-27;7670.0;20.999315537303218;4.629902546502596
2009-02-27;8035.0;21.998631074606433;4.616189201002485
2009-02-27;8400.0;22.99794661190965;4.602718677295559
2009-02-27;8766.0;24.0;4.589404981088374
2009-02-27;9131.0;24.999315537303218;4.57625943104587
2009-02-27;9496.0;25.998631074606433;4.5632104489097935
2009-02-27;9861.0;26.99794661190965;4.550222039699636
2009-02-27;10227.0;28.0;4.537230399013703
2009-02-27;10592.0;28.999315537303218;4.524273053065664
2009-02-27;10957.0;29.998631074606433;4.5112923706361
2009-03-31;91.0;0.24914442162902123;3.5891859613145405
2009-03-31;182.0;0.49828884325804246;3.4938032014083626
2009-03-31;364.0;0.9965776865160849;3.5578514522799076
2009-03-31;365.0;0.999315537303217;3.558589172745963
2009-03-31;730.0;1.998631074606434;3.833024525335871
2009-03-31;1095.0;2.9979466119096507;3.8836526926411485
2009-03-31;1461.0;4.0;3.9358610032334207
2009-03-31;1826.0;4.999315537303217;3.988999611403088
2009-03-31;2191.0;5.9986310746064335;4.024284838114323
2009-03-31;2556.0;6.997946611909651;4.060358010295162
2009-03-31;2922.0;8.0;4.097282201316199
2009-03-31;3287.0;8.999315537303216;4.134838097008009
2009-03-31;3652.0;9.998631074606434;4.173147665031829
2009-03-31;4017.0;10.99794661190965;4.277569426830641
2009-03-31;4383.0;12.0;4.384491694248482
2009-03-31;4748.0;12.999315537303216;4.493677474450619
2009-03-31;5113.0;13.998631074606434;4.605815367038413
2009-03-31;5478.0;14.99794661190965;4.721311255802085
2009-03-31;5844.0;16.0;4.682055192578494
2009-03-31;6209.0;16.999315537303218;4.6439854089268096
2009-03-31;6574.0;17.998631074606433;4.60676237466473
2009-03-31;6939.0;18.99794661190965;4.570184562595969
2009-03-31;7305.0;20.0;4.534003196876091
2009-03-31;7670.0;20.999315537303218;4.535573120820691
2009-03-31;8035.0;21.998631074606433;4.537446605456319
2009-03-31;8400.0;22.99794661190965;4.539598549794666
2009-03-31;8766.0;24.0;4.542022081513819
2009-03-31;9131.0;24.999315537303218;4.544674076248656
2009-03-31;9496.0;25.998631074606433;4.547555091049094
2009-03-31;9861.0;26.99794661190965;4.550654794845288
2009-03-31;10227.0;28.0;4.553979946507236
2009-03-31;10592.0;28.999315537303218;4.557494439597121
2009-03-31;10957.0;29.998631074606433;4.561208813061479
2009-04-30;91.0;0.24914442162902123;3.3695105623069495
2009-04-30;182.0;0.49828884325804246;3.4189014449875614
2009-04-30;364.0;0.9965776865160849;3.458475645039748
2009-04-30;365.0;0.999315537303217;3.4585879528904018
2009-04-30;730.0;1.998631074606434;3.500297890419768
2009-04-30;1095.0;2.9979466119096507;3.55938708454
2009-04-30;1461.0;4.0;3.619391000632266
2009-04-30;1826.0;4.999315537303217;3.680065321821946
2009-04-30;2191.0;5.9986310746064335;3.7379945971986572
2009-04-30;2556.0;6.997946611909651;3.7968671951718935
2009-04-30;2922.0;8.0;3.8569172675413377
2009-04-30;3287.0;8.999315537303216;3.9178749106924426
2009-04-30;3652.0;9.998631074606434;3.979993668940862
2009-04-30;4017.0;10.99794661190965;4.0737648986123975
2009-04-30;4383.0;12.0;4.169825738341659
2009-04-30;4748.0;12.999315537303216;4.267888949799237
2009-04-30;5113.0;13.998631074606434;4.368513778481575
2009-04-30;5478.0;14.99794661190965;4.472003869437335
2009-04-30;5844.0;16.0;4.504268787803123
2009-04-30;6209.0;16.999315537303218;4.537854963238108
2009-04-30;6574.0;17.998631074606433;4.572843870716126
2009-04-30;6939.0;18.99794661190965;4.609227694026474
2009-04-30;7305.0;20.0;4.647145652098539
2009-04-30;7670.0;20.999315537303218;4.643453201993242
2009-04-30;8035.0;21.998631074606433;4.6405455912782445
2009-04-30;8400.0;22.99794661190965;4.638335074708899
2009-04-30;8766.0;24.0;4.636762906702097
2009-04-30;9131.0;24.999315537303218;4.635741507222346
2009-04-30;9496.0;25.998631074606433;4.635234700324808
2009-04-30;9861.0;26.99794661190965;4.635200599698552
2009-04-30;10227.0;28.0;4.635619239702571
2009-04-30;10592.0;28.999315537303218;4.6364305950306495
2009-04-30;10957.0;29.998631074606433;4.637625356265596
2009-05-29;91.0;0.24914442162902123;3.3598471475556355
2009-05-29;182.0;0.49828884325804246;3.379133642558954
2009-05-29;364.0;0.9965776865160849;3.4112218247539876
2009-05-29;365.0;0.999315537303217;3.4113802189968734
2009-05-29;730.0;1.998631074606434;3.470197531082464
2009-05-29;1095.0;2.9979466119096507;3.5370713362301354
2009-05-29;1461.0;4.0;3.6050192694300875
2009-05-29;1826.0;4.999315537303217;3.673751233404321
2009-05-29;2191.0;5.9986310746064335;3.744823283236687
2009-05-29;2556.0;6.997946611909651;3.8170628896779357
2009-05-29;2922.0;8.0;3.8907826188161465
2009-05-29;3287.0;8.999315537303216;3.9656733881933803
2009-05-29;3652.0;9.998631074606434;4.042067950921191
2009-05-29;4017.0;10.99794661190965;4.1079548340413385
2009-05-29;4383.0;12.0;4.175575338497373
2009-05-29;4748.0;12.999315537303216;4.244630687586959
2009-05-29;5113.0;13.998631074606434;4.315440358040323
2009-05-29;5478.0;14.99794661190965;4.388141360386966
2009-05-29;5844.0;16.0;4.422151867915303
2009-05-29;6209.0;16.999315537303218;4.457306098203584
2009-05-29;6574.0;17.998631074606433;4.493713851941239
2009-05-29;6939.0;18.99794661190965;4.531389423096255
2009-05-29;7305.0;20.0;4.570489738537709
2009-05-29;7670.0;20.999315537303218;4.577017135952244
2009-05-29;8035.0;21.998631074606433;4.5843223611041095
2009-05-29;8400.0;22.99794661190965;4.592353210944511
2009-05-29;8766.0;24.0;4.601110268619402
2009-05-29;9131.0;24.999315537303218;4.610479848089888
2009-05-29;9496.0;25.998631074606433;4.620480753059342
2009-05-29;9861.0;26.99794661190965;4.63109679715894
2009-05-29;10227.0;28.0;4.642363714978659
2009-05-29;10592.0;28.999315537303218;4.654183437308035
2009-05-29;10957.0;29.998631074606433;4.666602014091703
2009-06-30;91.0;0.24914442162902123;3.3632041052250674
2009-06-30;182.0;0.49828884325804246;3.4010384193987773
2009-06-30;364.0;0.9965776865160849;3.3957787123873064
2009-06-30;365.0;0.999315537303217;3.3960241689212634
2009-06-30;730.0;1.998631074606434;3.4871786022539597
2009-06-30;1095.0;2.9979466119096507;3.526562548725942
2009-06-30;1461.0;4.0;3.5667168199788213
2009-06-30;1826.0;4.999315537303217;3.6073620812020257
2009-06-30;2191.0;5.9986310746064335;3.697794811593713
2009-06-30;2556.0;6.997946611909651;3.789505922415448
2009-06-30;2922.0;8.0;3.883006829577784
2009-06-30;3287.0;8.999315537303216;3.977987212987477
2009-06-30;3652.0;9.998631074606434;4.074928961669078
2009-06-30;4017.0;10.99794661190965;4.141676922813309
2009-06-30;4383.0;12.0;4.210319979747101
2009-06-30;4748.0;12.999315537303216;4.280530880517164
2009-06-30;5113.0;13.998631074606434;4.352623294502123
2009-06-30;5478.0;14.99794661190965;4.426728967137206
2009-06-30;5844.0;16.0;4.452387888297493
2009-06-30;6209.0;16.999315537303218;4.479154423204834
2009-06-30;6574.0;17.998631074606433;4.507076907406105
2009-06-30;6939.0;18.99794661190965;4.536132679096694
2009-06-30;7305.0;20.0;4.566418617632784
2009-06-30;7670.0;20.999315537303218;4.572893711774317
2009-06-30;8035.0;21.998631074606433;4.580118695348823
2009-06-30;8400.0;22.99794661190965;4.588043663055785
2009-06-30;8766.0;24.0;4.596670011821158
2009-06-30;9131.0;24.999315537303218;4.605887485149518
2009-06-30;9496.0;25.998631074606433;4.615714959178097
2009-06-30;9861.0;26.99794661190965;4.626137054075885
2009-06-30;10227.0;28.0;4.637188937353565
2009-06-30;10592.0;28.999315537303218;4.648775165546737
2009-06-30;10957.0;29.998631074606433;4.660940803920943
2009-07-31;91.0;0.24914442162902123;3.3754271003894374
2009-07-31;182.0;0.49828884325804246;3.3496064179467218
2009-07-31;364.0;0.9965776865160849;3.3954407291655255
2009-07-31;365.0;0.999315537303217;3.395681726717892
2009-07-31;730.0;1.998631074606434;3.485179349892409
2009-07-31;1095.0;2.9979466119096507;3.566918110299455
2009-07-31;1461.0;4.0;3.6500534075795565
2009-07-31;1826.0;4.999315537303217;3.7342168224534067
2009-07-31;2191.0;5.9986310746064335;3.7969037445640508
2009-07-31;2556.0;6.997946611909651;3.8607701616551804
2009-07-31;2922.0;8.0;3.9260313008246728
2009-07-31;3287.0;8.999315537303216;3.9923733176726595
2009-07-31;3652.0;9.998631074606434;4.060065091768217
2009-07-31;4017.0;10.99794661190965;4.125851737913422
2009-07-31;4383.0;12.0;4.193327141059289
2009-07-31;4748.0;12.999315537303216;4.262203415295751
2009-07-31;5113.0;13.998631074606434;4.332804949637503
2009-07-31;5478.0;14.99794661190965;4.405272902673052
2009-07-31;5844.0;16.0;4.445142616858422
2009-07-31;6209.0;16.999315537303218;4.48623048587713
2009-07-31;6574.0;17.998631074606433;4.528689020211529
2009-07-31;6939.0;18.99794661190965;4.572558704474838
2009-07-31;7305.0;20.0;4.618041266485107
2009-07-31;7670.0;20.999315537303218;4.615458485625279
2009-07-31;8035.0;21.998631074606433;4.613608249454426
2009-07-31;8400.0;22.99794661190965;4.6124112547692775
2009-07-31;8766.0;24.0;4.611817321402545
2009-07-31;9131.0;24.999315537303218;4.611742031055988
2009-07-31;9496.0;25.998631074606433;4.612155903237047
2009-07-31;9861.0;26.99794661190965;4.613021600274569
2009-07-31;10227.0;28.0;4.614324765169986
2009-07-31;10592.0;28.999315537303218;4.6160056750852
2009-07-31;10957.0;29.998631074606433;4.618059835913435
2009-08-31;91.0;0.24914442162902123;3.3291409900241575
2009-08-31;182.0;0.49828884325804246;3.359769588975783
2009-08-31;364.0;0.9965776865160849;3.4163769783062787
2009-08-31;365.0;0.999315537303217;3.4166099606675937
2009-08-31;730.0;1.998631074606434;3.5031386547927257
2009-08-31;1095.0;2.9979466119096507;3.5753007880059418
2009-08-31;1461.0;4.0;3.64870506777466
2009-08-31;1826.0;4.999315537303217;3.72300529878109
2009-08-31;2191.0;5.9986310746064335;3.797257562554912
2009-08-31;2556.0;6.997946611909651;3.872779104373425
2009-08-31;2922.0;8.0;3.9498935207045394
2009-08-31;3287.0;8.999315537303216;4.0282777572612005
2009-08-31;3652.0;9.998631074606434;4.10828364442386
2009-08-31;4017.0;10.99794661190965;4.185199911074089
2009-08-31;4383.0;12.0;4.264166082136089
2009-08-31;4748.0;12.999315537303216;4.344870114696819
2009-08-31;5113.0;13.998631074606434;4.42771831410711
2009-08-31;5478.0;14.99794661190965;4.512906219768342
2009-08-31;5844.0;16.0;4.529237642890127
2009-08-31;6209.0;16.999315537303218;4.546649768038535
2009-08-31;6574.0;17.998631074606433;4.565126378867856
2009-08-31;6939.0;18.99794661190965;4.584608404789892
2009-08-31;7305.0;20.0;4.60513107971976
2009-08-31;7670.0;20.999315537303218;4.601975010071513
2009-08-31;8035.0;21.998631074606433;4.599443165681638
2009-08-31;8400.0;22.99794661190965;4.597464920487737
2009-08-31;8766.0;24.0;4.595992148897321
2009-08-31;9131.0;24.999315537303218;4.594955791271094
2009-08-31;9496.0;25.998631074606433;4.594325761931928
2009-08-31;9861.0;26.99794661190965;4.594068118141448
2009-08-31;10227.0;28.0;4.594165647399295
2009-08-31;10592.0;28.999315537303218;4.594571463520403
2009-08-31;10957.0;29.998631074606433;4.595276829333583
2009-09-30;91.0;0.24914442162902123;3.329270826072206
2009-09-30;182.0;0.49828884325804246;3.3316025570944965
2009-09-30;364.0;0.9965776865160849;3.3588689257327613
2009-09-30;365.0;0.999315537303217;3.3591464884193067
2009-09-30;730.0;1.998631074606434;3.4622115328139857
2009-09-30;1095.0;2.9979466119096507;3.551034118966001
2009-09-30;1461.0;4.0;3.641398230847326
2009-09-30;1826.0;4.999315537303217;3.7329016702239093
2009-09-30;2191.0;5.9986310746064335;3.801614943578868
2009-09-30;2556.0;6.997946611909651;3.87163630734646
2009-09-30;2922.0;8.0;3.943209732273867
2009-09-30;3287.0;8.999315537303216;4.015999059697828
2009-09-30;3652.0;9.998631074606434;4.090307921748937
2009-09-30;4017.0;10.99794661190965;4.165091340799365
2009-09-30;4383.0;12.0;4.24184220608903
2009-09-30;4748.0;12.999315537303216;4.320254071002139
2009-09-30;5113.0;13.998631074606434;4.400717319177017
2009-09-30;5478.0;14.99794661190965;4.483416532559148
2009-09-30;5844.0;16.0;4.507066396551274
2009-09-30;6209.0;16.999315537303218;4.531834216317154
2009-09-30;6574.0;17.998631074606433;4.557753544559673
2009-09-30;6939.0;18.99794661190965;4.584793003856391
2009-09-30;7305.0;20.0;4.6130360407414805
2009-09-30;7670.0;20.999315537303218;4.609582780053212
2009-09-30;8035.0;21.998631074606433;4.6067908384123335
2009-09-30;8400.0;22.99794661190965;4.604585087206736
2009-09-30;8766.0;24.0;4.602913983918966
2009-09-30;9131.0;24.999315537303218;4.601704712549237
2009-09-30;9496.0;25.998631074606433;4.600924891458558
2009-09-30;9861.0;26.99794661190965;4.600538366456619
2009-09-30;10227.0;28.0;4.6005263997821455
2009-09-30;10592.0;28.999315537303218;4.600839802026968
2009-09-30;10957.0;29.998631074606433;4.6014688298688045
2009-10-30;91.0;0.24914442162902123;3.3496726284675438
2009-10-30;182.0;0.49828884325804246;3.3643644521679485
2009-10-30;364.0;0.9965776865160849;3.3555061334181415
2009-10-30;365.0;0.999315537303217;3.356016863472555
2009-10-30;730.0;1.998631074606434;3.545741286744475
2009-10-30;1095.0;2.9979466119096507;3.613206556810411
2009-10-30;1461.0;4.0;3.6821494118481013
2009-10-30;1826.0;4.999315537303217;3.7520586522491683
2009-10-30;2191.0;5.9986310746064335;3.8254598617138535
2009-10-30;2556.0;6.997946611909651;3.9001351715007626
2009-10-30;2922.0;8.0;3.9763995840938593
2009-10-30;3287.0;8.999315537303216;4.053930311168008
2009-10-30;3652.0;9.998631074606434;4.133073495973427
2009-10-30;4017.0;10.99794661190965;4.200361797821062
2009-10-30;4383.0;12.0;4.26947829108324
2009-10-30;4748.0;12.999315537303216;4.340117620143791
2009-10-30;5113.0;13.998631074606434;4.412609950537405
2009-10-30;5478.0;14.99794661190965;4.487099995596311
2009-10-30;5844.0;16.0;4.5088065980916525
2009-10-30;6209.0;16.999315537303218;4.5315574164819905
2009-10-30;6574.0;17.998631074606433;4.55537896154381
2009-10-30;6939.0;18.99794661190965;4.580238197254638
2009-10-30;7305.0;20.0;4.606208272114776
2009-10-30;7670.0;20.999315537303218;4.602717019117719
2009-10-30;8035.0;21.998631074606433;4.599841640332825
2009-10-30;8400.0;22.99794661190965;4.597511308824198
2009-10-30;8766.0;24.0;4.595676491857881
2009-10-30;9131.0;24.999315537303218;4.594270231189701
2009-10-30;9496.0;25.998631074606433;4.59326095423378
2009-10-30;9861.0;26.99794661190965;4.592614397980266
2009-10-30;10227.0;28.0;4.592311696510931
2009-10-30;10592.0;28.999315537303218;4.592308221542263
2009-10-30;10957.0;29.998631074606433;4.592593506841136
2009-11-30;91.0;0.24914442162902123;3.3442037297605407
2009-11-30;182.0;0.49828884325804246;3.374144740423599
2009-11-30;364.0;0.9965776865160849;3.4426172952834726
2009-11-30;365.0;0.999315537303217;3.442948083313535
2009-11-30;730.0;1.998631074606434;3.565839647375002
2009-11-30;1095.0;2.9979466119096507;3.6429128561693336
2009-11-30;1461.0;4.0;3.721427912733799
2009-11-30;1826.0;4.999315537303217;3.8009687741389575
2009-11-30;2191.0;5.9986310746064335;3.8636555498472003
2009-11-30;2556.0;6.997946611909651;3.92752367136735
2009-11-30;2922.0;8.0;3.992794715325898
2009-11-30;3287.0;8.999315537303216;4.059158845304611
2009-11-30;3652.0;9.998631074606434;4.126888213599678
2009-11-30;4017.0;10.99794661190965;4.198370850739197
2009-11-30;4383.0;12.0;4.271691600288974
2009-11-30;4748.0;12.999315537303216;4.346560297025048
2009-11-30;5113.0;13.998631074606434;4.423348669005778
2009-11-30;5478.0;14.99794661190965;4.5022299579817515
2009-11-30;5844.0;16.0;4.510494537482246
2009-11-30;6209.0;16.999315537303218;4.519691924392166
2009-11-30;6574.0;17.998631074606433;4.529765839090549
2009-11-30;6939.0;18.99794661190965;4.540641212384711
2009-11-30;7305.0;20.0;4.552309396942644
2009-11-30;7670.0;20.999315537303218;4.554709650545474
2009-11-30;8035.0;21.998631074606433;4.557668923181835
2009-11-30;8400.0;22.99794661190965;4.561140420052934
2009-11-30;8766.0;24.0;4.565109865609851
2009-11-30;9131.0;24.999315537303218;4.569500097339607
2009-11-30;9496.0;25.998631074606433;4.574310789105285
2009-11-30;9861.0;26.99794661190965;4.57952296033699
2009-11-30;10227.0;28.0;4.585147913675369
2009-11-30;10592.0;28.999315537303218;4.5911221455746665
2009-11-30;10957.0;29.998631074606433;4.597464140546204
2009-12-31;91.0;0.24914442162902123;3.410662714273294
2009-12-31;182.0;0.49828884325804246;3.4280443905735147
2009-12-31;364.0;0.9965776865160849;3.450570342478013
2009-12-31;365.0;0.999315537303217;3.4508379070659734
2009-12-31;730.0;1.998631074606434;3.550233412140802
2009-12-31;1095.0;2.9979466119096507;3.640537212748507
2009-12-31;1461.0;4.0;3.7324258853905334
2009-12-31;1826.0;4.999315537303217;3.825502025543037
2009-12-31;2191.0;5.9986310746064335;3.896543582195622
2009-12-31;2556.0;6.997946611909651;3.9689634561898
2009-12-31;2922.0;8.0;4.043021579195405
2009-12-31;3287.0;8.999315537303216;4.118376478578734
2009-12-31;3652.0;9.998631074606434;4.195349320244146
2009-12-31;4017.0;10.99794661190965;4.255624777636902
2009-12-31;4383.0;12.0;4.317601765521362
2009-12-31;4748.0;12.999315537303216;4.380980218517316
2009-12-31;5113.0;13.998631074606434;4.4460377793789085
2009-12-31;5478.0;14.99794661190965;4.5128860502849255
2009-12-31;5844.0;16.0;4.527656286094994
2009-12-31;6209.0;16.999315537303218;4.543354437968894
2009-12-31;6574.0;17.998631074606433;4.559969438856748
2009-12-31;6939.0;18.99794661190965;4.577451112360675
2009-12-31;7305.0;20.0;4.595832020858159
2009-12-31;7670.0;20.999315537303218;4.59574802694076
2009-12-31;8035.0;21.998631074606433;4.596223466566562
2009-12-31;8400.0;22.99794661190965;4.597203586990006
2009-12-31;8766.0;24.0;4.598660294498358
2009-12-31;9131.0;24.999315537303218;4.600523504249754
2009-12-31;9496.0;25.998631074606433;4.602780108434157
2009-12-31;9861.0;26.99794661190965;4.605405526630468
2009-12-31;10227.0;28.0;4.6083981907002025
2009-12-31;10592.0;28.999315537303218;4.611704570959407
2009-12-31;10957.0;29.998631074606433;4.615330441224241
2010-01-29;91.0;0.24914442162902123;3.535540567144109
2010-01-29;182.0;0.49828884325804246;3.5526026090760854
2010-01-29;364.0;0.9965776865160849;3.600095285007849
2010-01-29;365.0;0.999315537303217;3.600261561226281
2010-01-29;730.0;1.998631074606434;3.6620639806397737
2010-01-29;1095.0;2.9979466119096507;3.7451539732993533
2010-01-29;1461.0;4.0;3.829634388668568
2010-01-29;1826.0;4.999315537303217;3.9151845197180624
2010-01-29;2191.0;5.9986310746064335;3.9777371625189906
2010-01-29;2556.0;6.997946611909651;4.041519583173803
2010-01-29;2922.0;8.0;4.106747548411782
2010-01-29;3287.0;8.999315537303216;4.173108605731635
2010-01-29;3652.0;9.998631074606434;4.24087509174258
2010-01-29;4017.0;10.99794661190965;4.292478727328586
2010-01-29;4383.0;12.0;4.345535008016843
2010-01-29;4748.0;12.999315537303216;4.399772146666603
2010-01-29;5113.0;13.998631074606434;4.455414372034627
2010-01-29;5478.0;14.99794661190965;4.512542566813438
2010-01-29;5844.0;16.0;4.524580790777644
2010-01-29;6209.0;16.999315537303218;4.537416180529008
2010-01-29;6574.0;17.998631074606433;4.5510329017030005
2010-01-29;6939.0;18.99794661190965;4.565383543225954
2010-01-29;7305.0;20.0;4.5804900300840945
2010-01-29;7670.0;20.999315537303218;4.580857393161719
2010-01-29;8035.0;21.998631074606433;4.581706918981165
2010-01-29;8400.0;22.99794661190965;4.582992659404295
2010-01-29;8766.0;24.0;4.584692659175582
2010-01-29;9131.0;24.999315537303218;4.586745126070535
2010-01-29;9496.0;25.998631074606433;4.589140827028837
2010-01-29;9861.0;26.99794661190965;4.591859377216623
2010-01-29;10227.0;28.0;4.59490146925845
2010-01-29;10592.0;28.999315537303218;4.598219038042406
2010-01-29;10957.0;29.998631074606433;4.601819044491728
2010-02-26;91.0;0.24914442162902123;3.591110741249527
2010-02-26;182.0;0.49828884325804246;3.6853138078750796
2010-02-26;364.0;0.9965776865160849;3.73882693045115
2010-02-26;365.0;0.999315537303217;3.7390159279089286
2010-02-26;730.0;1.998631074606434;3.8093143551132247
2010-02-26;1095.0;2.9979466119096507;3.882063479118747
2010-02-26;1461.0;4.0;3.956097691420357
2010-02-26;1826.0;4.999315537303217;4.031101039534746
2010-02-26;2191.0;5.9986310746064335;4.059039727851377
2010-02-26;2556.0;6.997946611909651;4.087774538594369
2010-02-26;2922.0;8.0;4.117292097667535
2010-02-26;3287.0;8.999315537303216;4.147377852580969
2010-02-26;3652.0;9.998631074606434;4.178106449157215
2010-02-26;4017.0;10.99794661190965;4.199742288681518
2010-02-26;4383.0;12.0;4.221996743014933
2010-02-26;4748.0;12.999315537303216;4.2447244688534225
2010-02-26;5113.0;13.998631074606434;4.267993500284684
2010-02-26;5478.0;14.99794661190965;4.291811486399233
2010-02-26;5844.0;16.0;4.352633508467396
2010-02-26;6209.0;16.999315537303218;4.414591602125384
2010-02-26;6574.0;17.998631074606433;4.478029726946309
2010-02-26;6939.0;18.99794661190965;4.543121742859757
2010-02-26;7305.0;20.0;4.610252000536508
2010-02-26;7670.0;20.999315537303218;4.60986610897296
2010-02-26;8035.0;21.998631074606433;4.610117700182026
2010-02-26;8400.0;22.99794661190965;4.610943634618692
2010-02-26;8766.0;24.0;4.612310494571248
2010-02-26;9131.0;24.999315537303218;4.614139378703319
2010-02-26;9496.0;25.998631074606433;4.616414077766429
2010-02-26;9861.0;26.99794661190965;4.619106133381301
2010-02-26;10227.0;28.0;4.622212512683466
2010-02-26;10592.0;28.999315537303218;4.625673545356079
2010-02-26;10957.0;29.998631074606433;4.629494616407914
2010-03-31;91.0;0.24914442162902123;3.552410994164214
2010-03-31;182.0;0.49828884325804246;3.6048964065318785
2010-03-31;364.0;0.9965776865160849;3.6956443996516284
2010-03-31;365.0;0.999315537303217;3.6959856785765854
2010-03-31;730.0;1.998631074606434;3.8229349968345927
2010-03-31;1095.0;2.9979466119096507;3.8881291397310447
2010-03-31;1461.0;4.0;3.954665138194602
2010-03-31;1826.0;4.999315537303217;4.022137206865906
2010-03-31;2191.0;5.9986310746064335;4.071470010883305
2010-03-31;2556.0;6.997946611909651;4.121797791405135
2010-03-31;2922.0;8.0;4.173270077100932
2010-03-31;3287.0;8.999315537303216;4.225623149628355
2010-03-31;3652.0;9.998631074606434;4.27905710729648
2010-03-31;4017.0;10.99794661190965;4.314236329729404
2010-03-31;4383.0;12.0;4.35044506938238
2010-03-31;4748.0;12.999315537303216;4.387466596098144
2010-03-31;5113.0;13.998631074606434;4.425429655029722
2010-03-31;5478.0;14.99794661190965;4.464365176599161
2010-03-31;5844.0;16.0;4.482717604937636
2010-03-31;6209.0;16.999315537303218;4.501721576680762
2010-03-31;6574.0;17.998631074606433;4.5214199147215695
2010-03-31;6939.0;18.99794661190965;4.541803365337249
2010-03-31;7305.0;20.0;4.562940869849164
2010-03-31;7670.0;20.999315537303218;4.564659166475593
2010-03-31;8035.0;21.998631074606433;4.566811261588444
2010-03-31;8400.0;22.99794661190965;4.5693601108999005
2010-03-31;8766.0;24.0;4.572293512441483
2010-03-31;9131.0;24.999315537303218;4.575551781626497
2010-03-31;9496.0;25.998631074606433;4.579133570302485
2010-03-31;9861.0;26.99794661190965;4.5830234827894945
2010-03-31;10227.0;28.0;4.587229112359847
2010-03-31;10592.0;28.999315537303218;4.591701460272768
2010-03-31;10957.0;29.998631074606433;4.596453634909148
2010-04-30;91.0;0.24914442162902123;3.5020500824353022
2010-04-30;182.0;0.49828884325804246;3.547897394263573
2010-04-30;364.0;0.9965776865160849;3.5922995934600235
2010-04-30;365.0;0.999315537303217;3.5926024239287813
2010-04-30;730.0;1.998631074606434;3.705184385101856
2010-04-30;1095.0;2.9979466119096507;3.7739290454375407
2010-04-30;1461.0;4.0;3.8439945054122626
2010-04-30;1826.0;4.999315537303217;3.914995931183607
2010-04-30;2191.0;5.9986310746064335;3.9711232088431636
2010-04-30;2556.0;6.997946611909651;4.02832045423438
2010-04-30;2922.0;8.0;4.086780828164205
2010-04-30;3287.0;8.999315537303216;4.146221207334477
2010-04-30;3652.0;9.998631074606434;4.206880068063468
2010-04-30;4017.0;10.99794661190965;4.256156375280229
2010-04-30;4383.0;12.0;4.306756734562334
2010-04-30;4748.0;12.999315537303216;4.35842838220426
2010-04-30;5113.0;13.998631074606434;4.411386416004537
2010-04-30;5478.0;14.99794661190965;4.4657076609349255
2010-04-30;5844.0;16.0;4.480364950734517
2010-04-30;6209.0;16.999315537303218;4.495781879202121
2010-04-30;6574.0;17.998631074606433;4.511963829383481
2010-04-30;6939.0;18.99794661190965;4.52887625917473
2010-04-30;7305.0;20.0;4.546558829614589
2010-04-30;7670.0;20.999315537303218;4.551235851645274
2010-04-30;8035.0;21.998631074606433;4.556424304735773
2010-04-30;8400.0;22.99794661190965;4.562089615853315
2010-04-30;8766.0;24.0;4.568232738801181
2010-04-30;9131.0;24.999315537303218;4.574776423066407
2010-04-30;9496.0;25.998631074606433;4.581733344235861
2010-04-30;9861.0;26.99794661190965;4.589092014057483
2010-04-30;10227.0;28.0;4.596875892635222
2010-04-30;10592.0;28.999315537303218;4.605017290440161
2010-04-30;10957.0;29.998631074606433;4.61354610981215
2010-05-31;91.0;0.24914442162902123;3.4468029350052913
2010-05-31;182.0;0.49828884325804246;3.519548913096662
2010-05-31;364.0;0.9965776865160849;3.613442878140793
2010-05-31;365.0;0.999315537303217;3.6136102633981926
2010-05-31;730.0;1.998631074606434;3.6758291046635305
2010-05-31;1095.0;2.9979466119096507;3.732084717002704
2010-05-31;1461.0;4.0;3.7893079134894814
2010-05-31;1826.0;4.999315537303217;3.8472275445528004
2010-05-31;2191.0;5.9986310746064335;3.916919903123506
2010-05-31;2556.0;6.997946611909651;3.987740828724773
2010-05-31;2922.0;8.0;4.060019244138258
2010-05-31;3287.0;8.999315537303216;4.133465574523076
2010-05-31;3652.0;9.998631074606434;4.208415332484283
2010-05-31;4017.0;10.99794661190965;4.248989610182674
2010-05-31;4383.0;12.0;4.290833650229153
2010-05-31;4748.0;12.999315537303216;4.333684571513752
2010-05-31;5113.0;13.998631074606434;4.377686579761453
2010-05-31;5478.0;14.99794661190965;4.4228734747810305
2010-05-31;5844.0;16.0;4.4403968899463075
2010-05-31;6209.0;16.999315537303218;4.458665454631117
2010-05-31;6574.0;17.998631074606433;4.4777052414852525
2010-05-31;6939.0;18.99794661190965;4.4974935141880445
2010-05-31;7305.0;20.0;4.518088353404526
2010-05-31;7670.0;20.999315537303218;4.52745219428492
2010-05-31;8035.0;21.998631074606433;4.537380368317745
2010-05-31;8400.0;22.99794661190965;4.547850199270753
2010-05-31;8766.0;24.0;4.558887966051373
2010-05-31;9131.0;24.999315537303218;4.570398956101607
2010-05-31;9496.0;25.998631074606433;4.58242076261326
2010-05-31;9861.0;26.99794661190965;4.594952533399965
2010-05-31;10227.0;28.0;4.60804447051506
2010-05-31;10592.0;28.999315537303218;4.621607813992301
2010-05-31;10957.0;29.998631074606433;4.635700046315971
2010-06-30;91.0;0.24914442162902123;3.4620068425203407
2010-06-30;182.0;0.49828884325804246;3.47958479121566
2010-06-30;364.0;0.9965776865160849;3.5395857569286027
2010-06-30;365.0;0.999315537303217;3.5399459926715116
2010-06-30;730.0;1.998631074606434;3.6738488989467744
2010-06-30;1095.0;2.9979466119096507;3.739738492658584
2010-06-30;1461.0;4.0;3.806958685481443
2010-06-30;1826.0;4.999315537303217;3.8750928732947054
2010-06-30;2191.0;5.9986310746064335;3.9386903545253205
2010-06-30;2556.0;6.997946611909651;4.003432365374149
2010-06-30;2922.0;8.0;4.069571465184874
2010-06-30;3287.0;8.999315537303216;4.136811083898206
2010-06-30;3652.0;9.998631074606434;4.205437980261428
2010-06-30;4017.0;10.99794661190965;4.246772968132406
2010-06-30;4383.0;12.0;4.2893537193885
2010-06-30;4748.0;12.999315537303216;4.3329242676070745
2010-06-30;5113.0;13.998631074606434;4.377637960924186
2010-06-30;5478.0;14.99794661190965;4.42353467039136
2010-06-30;5844.0;16.0;4.449565182880688
2010-06-30;6209.0;16.999315537303218;4.476424502070264
2010-06-30;6574.0;17.998631074606433;4.504192133036611
2010-06-30;6939.0;18.99794661190965;4.5328735442012436
2010-06-30;7305.0;20.0;4.5625806548381
2010-06-30;7670.0;20.999315537303218;4.566260649814802
2010-06-30;8035.0;21.998631074606433;4.570505646020662
2010-06-30;8400.0;22.99794661190965;4.575272716687562
2010-06-30;8766.0;24.0;4.580554725829189
2010-06-30;9131.0;24.999315537303218;4.586270498878586
2010-06-30;9496.0;25.998631074606433;4.592426473398548
2010-06-30;9861.0;26.99794661190965;4.5990066419129505
2010-06-30;10227.0;28.0;4.606029300492875
2010-06-30;10592.0;28.999315537303218;4.613425594146081
2010-06-30;10957.0;29.998631074606433;4.621221038495804
2010-07-29;91.0;0.24914442162902123;3.4550061623661175
2010-07-29;182.0;0.49828884325804246;3.4726184451319297
2010-07-29;364.0;0.9965776865160849;3.541528076940436
2010-07-29;365.0;0.999315537303217;3.541831409022689
2010-07-29;730.0;1.998631074606434;3.6545718215713396
2010-07-29;1095.0;2.9979466119096507;3.73314744565989
2010-07-29;1461.0;4.0;3.8131874329271565
2010-07-29;1826.0;4.999315537303217;3.894290131363509
2010-07-29;2191.0;5.9986310746064335;3.9585801038448665
2010-07-29;2556.0;6.997946611909651;4.0241060182574895
2010-07-29;2922.0;8.0;4.09110032473099
2010-07-29;3287.0;8.999315537303216;4.159249310700841
2010-07-29;3652.0;9.998631074606434;4.228837329858326
2010-07-29;4017.0;10.99794661190965;4.263916419993485
2010-07-29;4383.0;12.0;4.300167372613672
2010-07-29;4748.0;12.999315537303216;4.33733890985708
2010-07-29;5113.0;13.998631074606434;4.375540731431693
2010-07-29;5478.0;14.99794661190965;4.414788436665873
2010-07-29;5844.0;16.0;4.442147449096323
2010-07-29;6209.0;16.999315537303218;4.470308116808153
2010-07-29;6574.0;17.998631074606433;4.499362575301702
2010-07-29;6939.0;18.99794661190965;4.529324764808607
2010-07-29;7305.0;20.0;4.560317076934828
2010-07-29;7670.0;20.999315537303218;4.564017105222584
2010-07-29;8035.0;21.998631074606433;4.56826868007314
2010-07-29;8400.0;22.99794661190965;4.573030190372784
2010-07-29;8766.0;24.0;4.578295211057282
2010-07-29;9131.0;24.999315537303218;4.5839841527231195
2010-07-29;9496.0;25.998631074606433;4.590103792670552
2010-07-29;9861.0;26.99794661190965;4.596638688861132
2010-07-29;10227.0;28.0;4.603607187496062
2010-07-29;10592.0;28.999315537303218;4.610941591208917
2010-07-29;10957.0;29.998631074606433;4.618667276967958
2010-08-31;91.0;0.24914442162902123;3.4720586901194013
2010-08-31;182.0;0.49828884325804246;3.485605794813143
2010-08-31;364.0;0.9965776865160849;3.555739335853455
2010-08-31;365.0;0.999315537303217;3.5560966756852386
2010-08-31;730.0;1.998631074606434;3.6889329761697676
2010-08-31;1095.0;2.9979466119096507;3.760950382919792
2010-08-31;1461.0;4.0;3.8343967425364722
2010-08-31;1826.0;4.999315537303217;3.908846039980518
2010-08-31;2191.0;5.9986310746064335;3.9690690433938913
2010-08-31;2556.0;6.997946611909651;4.0304425612802675
2010-08-31;2922.0;8.0;4.0931803405128475
2010-08-31;3287.0;8.999315537303216;4.156984334200842
2010-08-31;3652.0;9.998631074606434;4.222116113266039
2010-08-31;4017.0;10.99794661190965;4.259105303061217
2010-08-31;4383.0;12.0;4.297250115294027
2010-08-31;4748.0;12.999315537303216;4.336306285483538
2010-08-31;5113.0;13.998631074606434;4.376401069364189
2010-08-31;5478.0;14.99794661190965;4.41756082544309
2010-08-31;5844.0;16.0;4.444267617493014
2010-08-31;6209.0;16.999315537303218;4.471766617142903
2010-08-31;6574.0;17.998631074606433;4.500146037292385
2010-08-31;6939.0;18.99794661190965;4.529417776858735
2010-08-31;7305.0;20.0;4.5597000649299835
2010-08-31;7670.0;20.999315537303218;4.563015394417658
2010-08-31;8035.0;21.998631074606433;4.566872454192206
2010-08-31;8400.0;22.99794661190965;4.571229233089813
2010-08-31;8766.0;24.0;4.576077532201506
2010-08-31;9131.0;24.999315537303218;4.581339958958064
2010-08-31;9496.0;25.998631074606433;4.587021410954528
2010-08-31;9861.0;26.99794661190965;4.593105873046621
2010-08-31;10227.0;28.0;4.599609568631591
2010-08-31;10592.0;28.999315537303218;4.606467151281257
2010-08-31;10957.0;29.998631074606433;4.613701750941357
2010-09-30;91.0;0.24914442162902123;3.4805443587096785
2010-09-30;182.0;0.49828884325804246;3.508249676441836
2010-09-30;364.0;0.9965776865160849;3.552791265080696
2010-09-30;365.0;0.999315537303217;3.5531047548083228
2010-09-30;730.0;1.998631074606434;3.6696291496050026
2010-09-30;1095.0;2.9979466119096507;3.7485146172653083
2010-09-30;1461.0;4.0;3.8288854372793057
2010-09-30;1826.0;4.999315537303217;3.9103328643175006
2010-09-30;2191.0;5.9986310746064335;3.970401127105827
2010-09-30;2556.0;6.997946611909651;4.031658425334883
2010-09-30;2922.0;8.0;4.094303936280719
2010-09-30;3287.0;8.999315537303216;4.158031577665389
2010-09-30;3652.0;9.998631074606434;4.223098022655902
2010-09-30;4017.0;10.99794661190965;4.259477787259502
2010-09-30;4383.0;12.0;4.297010575634719
2010-09-30;4748.0;12.999315537303216;4.33545155064603
2010-09-30;5113.0;13.998631074606434;4.374923196966263
2010-09-30;5478.0;14.99794661190965;4.4154491017515785
2010-09-30;5844.0;16.0;4.442875138395452
2010-09-30;6209.0;16.999315537303218;4.471099663110922
2010-09-30;6574.0;17.998631074606433;4.500215666685281
2010-09-30;6939.0;18.99794661190965;4.530237721081587
2010-09-30;7305.0;20.0;4.561288857538215
2010-09-30;7670.0;20.999315537303218;4.564451920626489
2010-09-30;8035.0;21.998631074606433;4.568159491075785
2010-09-30;8400.0;22.99794661190965;4.572368788103809
2010-09-30;8766.0;24.0;4.577070620807788
2010-09-30;9131.0;24.999315537303218;4.582187662742676
2010-09-30;9496.0;25.998631074606433;4.587723956913714
2010-09-30;9861.0;26.99794661190965;4.593663011392146
2010-09-30;10227.0;28.0;4.600020243609371
2010-09-30;10592.0;28.999315537303218;4.606730633086964
2010-09-30;10957.0;29.998631074606433;4.613816548134753
2010-10-29;91.0;0.24914442162902123;3.3906646421993862
2010-10-29;182.0;0.49828884325804246;3.435036708964139
2010-10-29;364.0;0.9965776865160849;3.5084762919728547
2010-10-29;365.0;0.999315537303217;3.5088245970416043
2010-10-29;730.0;1.998631074606434;3.6382700832674253
2010-10-29;1095.0;2.9979466119096507;3.7043690411221686
2010-10-29;1461.0;4.0;3.771778168250961
2010-10-29;1826.0;4.999315537303217;3.840088950673315
2010-10-29;2191.0;5.9986310746064335;3.916476581787842
2010-10-29;2556.0;6.997946611909651;3.9941764194561857
2010-10-29;2922.0;8.0;4.0735392979761365
2010-10-29;3287.0;8.999315537303216;4.154245395010769
2010-10-29;3652.0;9.998631074606434;4.236667722690113
2010-10-29;4017.0;10.99794661190965;4.2685897958248065
2010-10-29;4383.0;12.0;4.301732628879762
2010-10-29;4748.0;12.999315537303216;4.335828670892283
2010-10-29;5113.0;13.998631074606434;4.3709562680259495
2010-10-29;5478.0;14.99794661190965;4.407111444601375
2010-10-29;5844.0;16.0;4.437569490959037
2010-10-29;6209.0;16.999315537303218;4.468878890293149
2010-10-29;6574.0;17.998631074606433;4.501150503001328
2010-10-29;6939.0;18.99794661190965;4.534408130088363
2010-10-29;7305.0;20.0;4.568794338703097
2010-10-29;7670.0;20.999315537303218;4.571541629324605
2010-10-29;8035.0;21.998631074606433;4.574861274917841
2010-10-29;8400.0;22.99794661190965;4.5787065051003495
2010-10-29;8766.0;24.0;4.5830645125293
2010-10-29;9131.0;24.999315537303218;4.587855678151076
2010-10-29;9496.0;25.998631074606433;4.593081350037598
2010-10-29;9861.0;26.99794661190965;4.59872294734629
2010-10-29;10227.0;28.0;4.60479376221854
2010-10-29;10592.0;28.999315537303218;4.611227798965012
2010-10-29;10957.0;29.998631074606433;4.618045703347851
2010-11-30;91.0;0.24914442162902123;3.3754721920220647
2010-11-30;182.0;0.49828884325804246;3.421380403516168
2010-11-30;364.0;0.9965776865160849;3.519258886152507
2010-11-30;365.0;0.999315537303217;3.519557464227341
2010-11-30;730.0;1.998631074606434;3.6305178084695244
2010-11-30;1095.0;2.9979466119096507;3.702020930762706
2010-11-30;1461.0;4.0;3.7748622949600463
2010-11-30;1826.0;4.999315537303217;3.8486554862788402
2010-11-30;2191.0;5.9986310746064335;3.9138679127453058
2010-11-30;2556.0;6.997946611909651;3.9802674271009364
2010-11-30;2922.0;8.0;4.048108985461485
2010-11-30;3287.0;8.999315537303216;4.117086687590121
2010-11-30;3652.0;9.998631074606434;4.18749448420368
2010-11-30;4017.0;10.99794661190965;4.2306032952529105
2010-11-30;4383.0;12.0;4.275003927051846
2010-11-30;4748.0;12.999315537303216;4.320433304349591
2010-11-30;5113.0;13.998631074606434;4.367054207492327
2010-11-30;5478.0;14.99794661190965;4.414911093092488
2010-11-30;5844.0;16.0;4.441640582901196
2010-11-30;6209.0;16.999315537303218;4.4692275445054275
2010-11-30;6574.0;17.998631074606433;4.497753614290678
2010-11-30;6939.0;18.99794661190965;4.527224508654393
2010-11-30;7305.0;20.0;4.557755615288217
2010-11-30;7670.0;20.999315537303218;4.562340935376774
2010-11-30;8035.0;21.998631074606433;4.567517238294894
2010-11-30;8400.0;22.99794661190965;4.573242288035684
2010-11-30;8766.0;24.0;4.579513017508918
2010-11-30;9131.0;24.999315537303218;4.586242758756942
2010-11-30;9496.0;25.998631074606433;4.5934423543579905
2010-11-30;9861.0;26.99794661190965;4.601097073844884
2010-11-30;10227.0;28.0;4.609230268542008
2010-11-30;10592.0;28.999315537303218;4.617767340462531
2010-11-30;10957.0;29.998631074606433;4.626739207560271
2010-12-31;91.0;0.24914442162902123;3.42463004455057
2010-12-31;182.0;0.49828884325804246;3.425276884467022
2010-12-31;364.0;0.9965776865160849;3.5182591786247075
2010-12-31;365.0;0.999315537303217;3.5185696423139623
2010-12-31;730.0;1.998631074606434;3.633949017520055
2010-12-31;1095.0;2.9979466119096507;3.705871341777889
2010-12-31;1461.0;4.0;3.7791525741726506
2010-12-31;1826.0;4.999315537303217;3.8533978999245377
2010-12-31;2191.0;5.9986310746064335;3.9184310016022295
2010-12-31;2556.0;6.997946611909651;3.984654625998618
2010-12-31;2922.0;8.0;4.052320934125508
2010-12-31;3287.0;8.999315537303216;4.1211234862058355
2010-12-31;3652.0;9.998631074606434;4.191354734942054
2010-12-31;4017.0;10.99794661190965;4.229611045987092
2010-12-31;4383.0;12.0;4.269077544760624
2010-12-31;4748.0;12.999315537303216;4.3094987357230385
2010-12-31;5113.0;13.998631074606434;4.3510051025591245
2010-12-31;5478.0;14.99794661190965;4.393623300434113
2010-12-31;5844.0;16.0;4.425339266399564
2010-12-31;6209.0;16.999315537303218;4.4579336289154226
2010-12-31;6574.0;17.998631074606433;4.491524000702807
2010-12-31;6939.0;18.99794661190965;4.526137423007559
2010-12-31;7305.0;20.0;4.5619242685281725
2010-12-31;7670.0;20.999315537303218;4.566220168072843
2010-12-31;8035.0;21.998631074606433;4.571119451098249
2010-12-31;8400.0;22.99794661190965;4.576577740635512
2010-12-31;8766.0;24.0;4.58258975387047
2010-12-31;9131.0;24.999315537303218;4.589068055733114
2010-12-31;9496.0;25.998631074606433;4.596021725023336
2010-12-31;9861.0;26.99794661190965;4.603434830468167
2010-12-31;10227.0;28.0;4.611329200676928
2010-12-31;10592.0;28.999315537303218;4.6196301749719115
2010-12-31;10957.0;29.998631074606433;4.628367328184302
2011-01-31;91.0;0.24914442162902123;3.402734470085179
2011-01-31;182.0;0.49828884325804246;3.429103054908401
2011-01-31;364.0;0.9965776865160849;3.498326304628293
2011-01-31;365.0;0.999315537303217;3.4986506270251683
2011-01-31;730.0;1.998631074606434;3.619171694043466
2011-01-31;1095.0;2.9979466119096507;3.6937968603654614
2011-01-31;1461.0;4.0;3.7698345955290646
2011-01-31;1826.0;4.999315537303217;3.846876626106055
2011-01-31;2191.0;5.9986310746064335;3.9088741872223
2011-01-31;2556.0;6.997946611909651;3.9720404007280496
2011-01-31;2922.0;8.0;4.036597689507726
2011-01-31;3287.0;8.999315537303216;4.102241413050489
2011-01-31;3652.0;9.998631074606434;4.169241983907845
2011-01-31;4017.0;10.99794661190965;4.213690147710603
2011-01-31;4383.0;12.0;4.259424575725235
2011-01-31;4748.0;12.999315537303216;4.306185615464542
2011-01-31;5113.0;13.998631074606434;4.354147564187949
2011-01-31;5478.0;14.99794661190965;4.403361886864254
2011-01-31;5844.0;16.0;4.433892803566475
2011-01-31;6209.0;16.999315537303218;4.465328617134112
2011-01-31;6574.0;17.998631074606433;4.497775276115368
2011-01-31;6939.0;18.99794661190965;4.531251830730043
2011-01-31;7305.0;20.0;4.565898995685069
2011-01-31;7670.0;20.999315537303218;4.569913769636802
2011-01-31;8035.0;21.998631074606433;4.574543535424014
2011-01-31;8400.0;22.99794661190965;4.579741877604282
2011-01-31;8766.0;24.0;4.5855013805842
2011-01-31;9131.0;24.999315537303218;4.591733919336449
2011-01-31;9496.0;25.998631074606433;4.598446867199879
2011-01-31;9861.0;26.99794661190965;4.605623144213444
2011-01-31;10227.0;28.0;4.613283098589616
2011-01-31;10592.0;28.999315537303218;4.621352051032845
2011-01-31;10957.0;29.998631074606433;4.629858264544406
2011-02-28;91.0;0.24914442162902123;3.398482948383297
2011-02-28;182.0;0.49828884325804246;3.436127506791815
2011-02-28;364.0;0.9965776865160849;3.5145425034554654
2011-02-28;365.0;0.999315537303217;3.5148589043697775
2011-02-28;730.0;1.998631074606434;3.6324439168646805
2011-02-28;1095.0;2.9979466119096507;3.702440533795781
2011-02-28;1461.0;4.0;3.773771651854263
2011-02-28;1826.0;4.999315537303217;3.8460421302115355
2011-02-28;2191.0;5.9986310746064335;3.9066212539819123
2011-02-28;2556.0;6.997946611909651;3.968318641689872
2011-02-28;2922.0;8.0;4.031356699390742
2011-02-28;3287.0;8.999315537303216;4.0954403271403095
2011-02-28;3652.0;9.998631074606434;4.160833857181712
2011-02-28;4017.0;10.99794661190965;4.201972491632144
2011-02-28;4383.0;12.0;4.244318245959566
2011-02-28;4748.0;12.999315537303216;4.287620835089201
2011-02-28;5113.0;13.998631074606434;4.33203436056
2011-02-28;5478.0;14.99794661190965;4.3775994756162895
2011-02-28;5844.0;16.0;4.403765409759397
2011-02-28;6209.0;16.999315537303218;4.4307405127745225
2011-02-28;6574.0;17.998631074606433;4.458605987616937
2011-02-28;6939.0;18.99794661190965;4.487368517951529
2011-02-28;7305.0;20.0;4.517140700986588
2011-02-28;7670.0;20.999315537303218;4.527035537001067
2011-02-28;8035.0;21.998631074606433;4.537553394589322
2011-02-28;8400.0;22.99794661190965;4.548668318985838
2011-02-28;8766.0;24.0;4.560407397238264
2011-02-28;9131.0;24.999315537303218;4.57266781392256
2011-02-28;9496.0;25.998631074606433;4.585489379633745
2011-02-28;9861.0;26.99794661190965;4.59887076642056
2011-02-28;10227.0;28.0;4.612865832564794
2011-02-28;10592.0;28.999315537303218;4.627378985690922
2011-02-28;10957.0;29.998631074606433;4.642472281493193
2011-03-31;91.0;0.24914442162902123;3.3893062837693395
2011-03-31;182.0;0.49828884325804246;3.427637573313154
2011-03-31;364.0;0.9965776865160849;3.4975870603590753
2011-03-31;365.0;0.999315537303217;3.4978773138644836
2011-03-31;730.0;1.998631074606434;3.6057308392436482
2011-03-31;1095.0;2.9979466119096507;3.69584768474005
2011-03-31;1461.0;4.0;3.7875892714730464
2011-03-31;1826.0;4.999315537303217;3.8805448347934757
2011-03-31;2191.0;5.9986310746064335;3.9366673624658732
2011-03-31;2556.0;6.997946611909651;3.9939930172764093
2011-03-31;2922.0;8.0;4.052667014116285
2011-03-31;3287.0;8.999315537303216;4.112376348489399
2011-03-31;3652.0;9.998631074606434;4.1733447176984795
2011-03-31;4017.0;10.99794661190965;4.208636759298945
2011-03-31;4383.0;12.0;4.245030567993524
2011-03-31;4748.0;12.999315537303216;4.282288339780527
2011-03-31;5113.0;13.998631074606434;4.320527550110453
2011-03-31;5478.0;14.99794661190965;4.359769549267911
2011-03-31;5844.0;16.0;4.389113580103721
2011-03-31;6209.0;16.999315537303218;4.419251248192646
2011-03-31;6574.0;17.998631074606433;4.450289024455278
2011-03-31;6939.0;18.99794661190965;4.482249290047302
2011-03-31;7305.0;20.0;4.515267597368533
2011-03-31;7670.0;20.999315537303218;4.524990003344231
2011-03-31;8035.0;21.998631074606433;4.535327530806255
2011-03-31;8400.0;22.99794661190965;4.546254246144987
2011-03-31;8766.0;24.0;4.557796479703091
2011-03-31;9131.0;24.999315537303218;4.5698526800006745
2011-03-31;9496.0;25.998631074606433;4.582461750995681
2011-03-31;9861.0;26.99794661190965;4.595622098184471
2011-03-31;10227.0;28.0;4.60938645486344
2011-03-31;10592.0;28.999315537303218;4.6236604354836786
2011-03-31;10957.0;29.998631074606433;4.638504836818713
2011-04-29;91.0;0.24914442162902123;3.4015373125010084
2011-04-29;182.0;0.49828884325804246;3.433727407873923
2011-04-29;364.0;0.9965776865160849;3.4889625925348517
2011-04-29;365.0;0.999315537303217;3.489216716137178
2011-04-29;730.0;1.998631074606434;3.58363459099027
2011-04-29;1095.0;2.9979466119096507;3.663600987533311
2011-04-29;1461.0;4.0;3.744979027042561
2011-04-29;1826.0;4.999315537303217;3.827395938830924
2011-04-29;2191.0;5.9986310746064335;3.893375532811705
2011-04-29;2556.0;6.997946611909651;3.9605957196594987
2011-04-29;2922.0;8.0;4.029300538397806
2011-04-29;3287.0;8.999315537303216;4.0991721476602905
2011-04-29;3652.0;9.998631074606434;4.170504222932236
2011-04-29;4017.0;10.99794661190965;4.211137123301278
2011-04-29;4383.0;12.0;4.253031797193874
2011-04-29;4748.0;12.999315537303216;4.295925173401183
2011-04-29;5113.0;13.998631074606434;4.33996124563083
2011-04-29;5478.0;14.99794661190965;4.385173414151056
2011-04-29;5844.0;16.0;4.410744570300373
2011-04-29;6209.0;16.999315537303218;4.437139008156166
2011-04-29;6574.0;17.998631074606433;4.464432218107284
2011-04-29;6939.0;18.99794661190965;4.49262704545661
2011-04-29;7305.0;20.0;4.5218314415025995
2011-04-29;7670.0;20.999315537303218;4.530810325681589
2011-04-29;8035.0;21.998631074606433;4.540408183111722
2011-04-29;8400.0;22.99794661190965;4.550595962286996
2011-04-29;8766.0;24.0;4.56139534868838
2011-04-29;9131.0;24.999315537303218;4.572705937830279
2011-04-29;9496.0;25.998631074606433;4.584562373374235
2011-04-29;9861.0;26.99794661190965;4.596960782779358
2011-04-29;10227.0;28.0;4.609949581276673
2011-04-29;10592.0;28.999315537303218;4.6234364427088614
2011-04-29;10957.0;29.998631074606433;4.637477854856198
2011-05-31;91.0;0.24914442162902123;3.3987192846260132
2011-05-31;182.0;0.49828884325804246;3.4264292211438456
2011-05-31;364.0;0.9965776865160849;3.492995127341243
2011-05-31;365.0;0.999315537303217;3.4933627864895955
2011-05-31;730.0;1.998631074606434;3.6299956293655455
2011-05-31;1095.0;2.9979466119096507;3.698833846510685
2011-05-31;1461.0;4.0;3.7690437518498765
2011-05-31;1826.0;4.999315537303217;3.8401994485888657
2011-05-31;2191.0;5.9986310746064335;3.905658453254257
2011-05-31;2556.0;6.997946611909651;3.972297634797517
2011-05-31;2922.0;8.0;4.04037631021299
2011-05-31;3287.0;8.999315537303216;4.109589642228095
2011-05-31;3652.0;9.998631074606434;4.180233748602591
2011-05-31;4017.0;10.99794661190965;4.221252952948928
2011-05-31;4383.0;12.0;4.263526521941241
2011-05-31;4748.0;12.999315537303216;4.306794441114148
2011-05-31;5113.0;13.998631074606434;4.351205276523817
2011-05-31;5478.0;14.99794661190965;4.3967954918362695
2011-05-31;5844.0;16.0;4.419374979435697
2011-05-31;6209.0;16.999315537303218;4.442743006978156
2011-05-31;6574.0;17.998631074606433;4.466956765992891
2011-05-31;6939.0;18.99794661190965;4.492009567400634
2011-05-31;7305.0;20.0;4.5179905204494775
2011-05-31;7670.0;20.999315537303218;4.526970638461725
2011-05-31;8035.0;21.998631074606433;4.536545611801612
2011-05-31;8400.0;22.99794661190965;4.546688534433763
2011-05-31;8766.0;24.0;4.557422067420958
2011-05-31;9131.0;24.999315537303218;4.568648644886686
2011-05-31;9496.0;25.998631074606433;4.580403227436092
2011-05-31;9861.0;26.99794661190965;4.592682758047961
2011-05-31;10227.0;28.0;4.605535421141127
2011-05-31;10592.0;28.999315537303218;4.618870982109247
2011-05-31;10957.0;29.998631074606433;4.632745336646327
2011-06-30;91.0;0.24914442162902123;3.380425379480743
2011-06-30;182.0;0.49828884325804246;3.4100488742946116
2011-06-30;364.0;0.9965776865160849;3.478540482263189
2011-06-30;365.0;0.999315537303217;3.4788827962765945
2011-06-30;730.0;1.998631074606434;3.6060815972994265
2011-06-30;1095.0;2.9979466119096507;3.6842619700276913
2011-06-30;1461.0;4.0;3.763927285857127
2011-06-30;1826.0;4.999315537303217;3.844651983742864
2011-06-30;2191.0;5.9986310746064335;3.910515132478376
2011-06-30;2556.0;6.997946611909651;3.9776232312582316
2011-06-30;2922.0;8.0;4.046219358718073
2011-06-30;3287.0;8.999315537303216;4.11598587022064
2011-06-30;3652.0;9.998631074606434;4.187216042471387
2011-06-30;4017.0;10.99794661190965;4.22673749420639
2011-06-30;4383.0;12.0;4.267506077760608
2011-06-30;4748.0;12.999315537303216;4.309260480702237
2011-06-30;5113.0;13.998631074606434;4.352137555921098
2011-06-30;5478.0;14.99794661190965;4.396166898088993
2011-06-30;5844.0;16.0;4.419155799688612
2011-06-30;6209.0;16.999315537303218;4.442931796913596
2011-06-30;6574.0;17.998631074606433;4.467555224011321
2011-06-30;6939.0;18.99794661190965;4.4930212858528495
2011-06-30;7305.0;20.0;4.519421947330593
2011-06-30;7670.0;20.999315537303218;4.528330962739302
2011-06-30;8035.0;21.998631074606433;4.537833972512195
2011-06-30;8400.0;22.99794661190965;4.547903896327488
2011-06-30;8766.0;24.0;4.5585630133321065
2011-06-30;9131.0;24.999315537303218;4.569714027508054
2011-06-30;9496.0;25.998631074606433;4.581391520152178
2011-06-30;9861.0;26.99794661190965;4.593592271082048
2011-06-30;10227.0;28.0;4.606364053671963
2011-06-30;10592.0;28.999315537303218;4.619616950314187
2011-06-30;10957.0;29.998631074606433;4.633406429433662
2011-07-29;91.0;0.24914442162902123;3.3729607791507656
2011-07-29;182.0;0.49828884325804246;3.4174221599704224
2011-07-29;364.0;0.9965776865160849;3.4878408313202747
2011-07-29;365.0;0.999315537303217;3.488156618512117
2011-07-29;730.0;1.998631074606434;3.605498011305963
2011-07-29;1095.0;2.9979466119096507;3.684693920902582
2011-07-29;1461.0;4.0;3.7653622712240598
2011-07-29;1826.0;4.999315537303217;3.8470926528854754
2011-07-29;2191.0;5.9986310746064335;3.91017611453619
2011-07-29;2556.0;6.997946611909651;3.974471508734845
2011-07-29;2922.0;8.0;4.040199754375906
2011-07-29;3287.0;8.999315537303216;4.107047982601975
2011-07-29;3652.0;9.998631074606434;4.175290860795067
2011-07-29;4017.0;10.99794661190965;4.2162461002193785
2011-07-29;4383.0;12.0;4.258444656065441
2011-07-29;4748.0;12.999315537303216;4.301628559893
2011-07-29;5113.0;13.998631074606434;4.345946864482375
2011-07-29;5478.0;14.99794661190965;4.391436516144842
2011-07-29;5844.0;16.0;4.416178332275278
2011-07-29;6209.0;16.999315537303218;4.441727956157471
2011-07-29;6574.0;17.998631074606433;4.468156437187032
2011-07-29;6939.0;18.99794661190965;4.495464557015216
2011-07-29;7305.0;20.0;4.523755323032086
2011-07-29;7670.0;20.999315537303218;4.532327451478957
2011-07-29;8035.0;21.998631074606433;4.541503976362371
2011-07-29;8400.0;22.99794661190965;4.551255648217611
2011-07-29;8766.0;24.0;4.561602304799761
2011-07-29;9131.0;24.999315537303218;4.572446166716437
2011-07-29;9496.0;25.998631074606433;4.583819785682719
2011-07-29;9861.0;26.99794661190965;4.59571863317394
2011-07-29;10227.0;28.0;4.608188627743903
2011-07-29;10592.0;28.999315537303218;4.621140053073169
2011-07-29;10957.0;29.998631074606433;4.634626660350327
2011-08-30;91.0;0.24914442162902123;3.3893213692354207
2011-08-30;182.0;0.49828884325804246;3.406762234504618
2011-08-30;364.0;0.9965776865160849;3.5035834601287292
2011-08-30;365.0;0.999315537303217;3.5038511340257372
2011-08-30;730.0;1.998631074606434;3.60331318778524
2011-08-30;1095.0;2.9979466119096507;3.6848423373413652
2011-08-30;1461.0;4.0;3.7678291394658503
2011-08-30;1826.0;4.999315537303217;3.851889859989921
2011-08-30;2191.0;5.9986310746064335;3.914292619793369
2011-08-30;2556.0;6.997946611909651;3.9779085092025213
2011-08-30;2922.0;8.0;4.042950425606073
2011-08-30;3287.0;8.999315537303216;4.109105073401675
2011-08-30;3652.0;9.998631074606434;4.176641931627456
2011-08-30;4017.0;10.99794661190965;4.210430350159355
2011-08-30;4383.0;12.0;4.245342167593558
2011-08-30;4748.0;12.999315537303216;4.281132212118677
2011-08-30;5113.0;13.998631074606434;4.317903240557941
2011-08-30;5478.0;14.99794661190965;4.355667443820521
2011-08-30;5844.0;16.0;4.388974541511637
2011-08-30;6209.0;16.999315537303218;4.423133403117174
2011-08-30;6574.0;17.998631074606433;4.458275577984683
2011-08-30;6939.0;18.99794661190965;4.494437232153703
2011-08-30;7305.0;20.0;4.531780613314518
2011-08-30;7670.0;20.999315537303218;4.539840253474003
2011-08-30;8035.0;21.998631074606433;4.5485292404207955
2011-08-30;8400.0;22.99794661190965;4.557814214612299
2011-08-30;8766.0;24.0;4.567710931877289
2011-08-30;9131.0;24.999315537303218;4.578119805919512
2011-08-30;9496.0;25.998631074606433;4.589070182264443
2011-08-30;9861.0;26.99794661190965;4.600555235335024
2011-08-30;10227.0;28.0;4.612618151276582
2011-08-30;10592.0;28.999315537303218;4.62516873099541
2011-08-30;10957.0;29.998631074606433;4.638258339578982
2011-09-30;91.0;0.24914442162902123;3.3858561662918847
2011-09-30;182.0;0.49828884325804246;3.426341718302189
2011-09-30;364.0;0.9965776865160849;3.5029246738360698
2011-09-30;365.0;0.999315537303217;3.5032637996066818
2011-09-30;730.0;1.998631074606434;3.629292257983452
2011-09-30;1095.0;2.9979466119096507;3.7085325783993817
2011-09-30;1461.0;4.0;3.7892790896040474
2011-09-30;1826.0;4.999315537303217;3.8711063103736176
2011-09-30;2191.0;5.9986310746064335;3.930763720594843
2011-09-30;2556.0;6.997946611909651;3.991599615562924
2011-09-30;2922.0;8.0;4.053807899276407
2011-09-30;3287.0;8.999315537303216;4.117081945242695
2011-09-30;3652.0;9.998631074606434;4.181674333884899
2011-09-30;4017.0;10.99794661190965;4.216803034436989
2011-09-30;4383.0;12.0;4.253051346656345
2011-09-30;4748.0;12.999315537303216;4.290177555658858
2011-09-30;5113.0;13.998631074606434;4.328296040460922
2011-09-30;5478.0;14.99794661190965;4.367425965695837
2011-09-30;5844.0;16.0;4.3978366632325905
2011-09-30;6209.0;16.999315537303218;4.429062531613837
2011-09-30;6574.0;17.998631074606433;4.461216376133814
2011-09-30;6939.0;18.99794661190965;4.494323887555041
2011-09-30;7305.0;20.0;4.528527676453509
2011-09-30;7670.0;20.999315537303218;4.5365673580222365
2011-09-30;8035.0;21.998631074606433;4.545214904081574
2011-09-30;8400.0;22.99794661190965;4.554438800310878
2011-09-30;8766.0;24.0;4.564255557208141
2011-09-30;9131.0;24.999315537303218;4.574568176370208
2011-09-30;9496.0;25.998631074606433;4.5854061804040835
2011-09-30;9861.0;26.99794661190965;4.596763424858619
2011-09-30;10227.0;28.0;4.6086827848182965
2011-09-30;10592.0;28.999315537303218;4.621076009417835
2011-09-30;10957.0;29.998631074606433;4.6339938331416475
2011-10-31;91.0;0.24914442162902123;3.4327955744301253
2011-10-31;182.0;0.49828884325804246;3.4601942528620087
2011-10-31;364.0;0.9965776865160849;3.5453900708251105
2011-10-31;365.0;0.999315537303217;3.5457592616809253
2011-10-31;730.0;1.998631074606434;3.682997072569316
2011-10-31;1095.0;2.9979466119096507;3.748456818271917
2011-10-31;1461.0;4.0;3.8152531261893996
2011-10-31;1826.0;4.999315537303217;3.8829641427022388
2011-10-31;2191.0;5.9986310746064335;3.944965504114717
2011-10-31;2556.0;6.997946611909651;4.008090933341424
2011-10-31;2922.0;8.0;4.07258154172645
2011-10-31;3287.0;8.999315537303216;4.138144340948213
2011-10-31;3652.0;9.998631074606434;4.205055993988727
2011-10-31;4017.0;10.99794661190965;4.23644738323361
2011-10-31;4383.0;12.0;4.2689098472282305
2011-10-31;4748.0;12.999315537303216;4.302207350191245
2011-10-31;5113.0;13.998631074606434;4.336430250797574
2011-10-31;5478.0;14.99794661190965;4.371585205610717
2011-10-31;5844.0;16.0;4.405681801851635
2011-10-31;6209.0;16.999315537303218;4.4406178203791224
2011-10-31;6574.0;17.998631074606433;4.476532913776143
2011-10-31;6939.0;18.99794661190965;4.513468927798248
2011-10-31;7305.0;20.0;4.551595106100859
2011-10-31;7670.0;20.999315537303218;4.555201896708527
2011-10-31;8035.0;21.998631074606433;4.559383005814999
2011-10-31;8400.0;22.99794661190965;4.564094293227394
2011-10-31;8766.0;24.0;4.569327704392467
2011-10-31;9131.0;24.999315537303218;4.575001022142522
2011-10-31;9496.0;25.998631074606433;4.581120055375254
2011-10-31;9861.0;26.99794661190965;4.5876681776295
2011-10-31;10227.0;28.0;4.5946632462805725
2011-10-31;10592.0;28.999315537303218;4.602035755069966
2011-10-31;10957.0;29.998631074606433;4.609810911013912
2011-11-30;91.0;0.24914442162902123;3.437056272972396
2011-11-30;182.0;0.49828884325804246;3.4742936092993206
2011-11-30;364.0;0.9965776865160849;3.5568280080788983
2011-11-30;365.0;0.999315537303217;3.557308401094672
2011-11-30;730.0;1.998631074606434;3.735930028492862
2011-11-30;1095.0;2.9979466119096507;3.7987057212446773
2011-11-30;1461.0;4.0;3.862917519245612
2011-11-30;1826.0;4.999315537303217;3.928073461581727
2011-11-30;2191.0;5.9986310746064335;3.9910926042804773
2011-11-30;2556.0;6.997946611909651;4.055259621408935
2011-11-30;2922.0;8.0;4.1208246007920835
2011-11-30;3287.0;8.999315537303216;4.187493359903582
2011-11-30;3652.0;9.998631074606434;4.255550575675504
2011-11-30;4017.0;10.99794661190965;4.28759216846859
2011-11-30;4383.0;12.0;4.320736683863635
2011-11-30;4748.0;12.999315537303216;4.354744175085612
2011-11-30;5113.0;13.998631074606434;4.389708264113645
2011-11-30;5478.0;14.99794661190965;4.425637153602335
2011-11-30;5844.0;16.0;4.446071790382966
2011-11-30;6209.0;16.999315537303218;4.467195421020342
2011-11-30;6574.0;17.998631074606433;4.48906086037244
2011-11-30;6939.0;18.99794661190965;4.511662807662042
2011-11-30;7305.0;20.0;4.535081334090663
2011-11-30;7670.0;20.999315537303218;4.538730503179855
2011-11-30;8035.0;21.998631074606433;4.542856926017036
2011-11-30;8400.0;22.99794661190965;4.547425639201941
2011-11-30;8766.0;24.0;4.552433166599323
2011-11-30;9131.0;24.999315537303218;4.557809019815551
2011-11-30;9496.0;25.998631074606433;4.56356095187358
2011-11-30;9861.0;26.99794661190965;4.569676199315342
2011-11-30;10227.0;28.0;4.576172472713269
2011-11-30;10592.0;28.999315537303218;4.582989032465545
2011-11-30;10957.0;29.998631074606433;4.590149586343606
2011-12-30;91.0;0.24914442162902123;3.469917075004184
2011-12-30;182.0;0.49828884325804246;3.535943985456412
2011-12-30;364.0;0.9965776865160849;3.5944653152898156
2011-12-30;365.0;0.999315537303217;3.5948013991278227
2011-12-30;730.0;1.998631074606434;3.7197548979711836
2011-12-30;1095.0;2.9979466119096507;3.8089173779429775
2011-12-30;1461.0;4.0;3.899778370844542
2011-12-30;1826.0;4.999315537303217;3.99189946253955
2011-12-30;2191.0;5.9986310746064335;4.044796091227809
2011-12-30;2556.0;6.997946611909651;4.0988899440187465
2011-12-30;2922.0;8.0;4.1543010469688335
2011-12-30;3287.0;8.999315537303216;4.210722775111853
2011-12-30;3652.0;9.998631074606434;4.26836024327395
2011-12-30;4017.0;10.99794661190965;4.317512511642474
2011-12-30;4383.0;12.0;4.368004584865526
2011-12-30;4748.0;12.999315537303216;4.419583949935069
2011-12-30;5113.0;13.998631074606434;4.472466012022647
2011-12-30;5478.0;14.99794661190965;4.526728324574325
2011-12-30;5844.0;16.0;4.550835625232064
2011-12-30;6209.0;16.999315537303218;4.575811847814859
2011-12-30;6574.0;17.998631074606433;4.60172074985965
2011-12-30;6939.0;18.99794661190965;4.628557992940485
2011-12-30;7305.0;20.0;4.6564226180949575
2011-12-30;7670.0;20.999315537303218;4.665414545927238
2011-12-30;8035.0;21.998631074606433;4.675054601653228
2011-12-30;8400.0;22.99794661190965;4.68531285197471
2011-12-30;8766.0;24.0;4.696211317971022
2011-12-30;9131.0;24.999315537303218;4.707647792878933
2011-12-30;9496.0;25.998631074606433;4.7196579317021925
2011-12-30;9861.0;26.99794661190965;4.732238302472469
2011-12-30;10227.0;28.0;4.745439121876371
2011-12-30;10592.0;28.999315537303218;4.759166778209178
2011-12-30;10957.0;29.998631074606433;4.773480080969361
2012-01-31;91.0;0.24914442162902123;3.5182550848183967
2012-01-31;182.0;0.49828884325804246;3.54271317710911
2012-01-31;364.0;0.9965776865160849;3.618517800024968
2012-01-31;365.0;0.999315537303217;3.619040029659204
2012-01-31;730.0;1.998631074606434;3.8132915798567035
2012-01-31;1095.0;2.9979466119096507;3.8738733867893282
2012-01-31;1461.0;4.0;3.9359305409515155
2012-01-31;1826.0;4.999315537303217;3.998943104059527
2012-01-31;2191.0;5.9986310746064335;4.061117470466513
2012-01-31;2556.0;6.997946611909651;4.124438904311711
2012-01-31;2922.0;8.0;4.189154982855614
2012-01-31;3287.0;8.999315537303216;4.254975699832642
2012-01-31;3652.0;9.998631074606434;4.322182860064139
2012-01-31;4017.0;10.99794661190965;4.365298258811623
2012-01-31;4383.0;12.0;4.409708045117
2012-01-31;4748.0;12.999315537303216;4.455156518634418
2012-01-31;5113.0;13.998631074606434;4.501812356452861
2012-01-31;5478.0;14.99794661190965;4.549725265681159
2012-01-31;5844.0;16.0;4.566750108322548
2012-01-31;6209.0;16.999315537303218;4.58454299699198
2012-01-31;6574.0;17.998631074606433;4.603126687049808
2012-01-31;6939.0;18.99794661190965;4.622476682061993
2012-01-31;7305.0;20.0;4.6426489441576235
2012-01-31;7670.0;20.999315537303218;4.6520437782526125
2012-01-31;8035.0;21.998631074606433;4.662020138254364
2012-01-31;8400.0;22.99794661190965;4.672555456386385
2012-01-31;8766.0;24.0;4.683676817144722
2012-01-31;9131.0;24.999315537303218;4.695288931848984
2012-01-31;9496.0;25.998631074606433;4.7074305495869995
2012-01-31;9861.0;26.99794661190965;4.7201015933232116
2012-01-31;10227.0;28.0;4.7333539293522575
2012-01-31;10592.0;28.999315537303218;4.74709837547298
2012-01-31;10957.0;29.998631074606433;4.761394410605013
2012-02-29;91.0;0.24914442162902123;3.541474524030235
2012-02-29;182.0;0.49828884325804246;3.6039854556683397
2012-02-29;364.0;0.9965776865160849;3.715149654485786
2012-02-29;365.0;0.999315537303217;3.7156796905586154
2012-02-29;730.0;1.998631074606434;3.9129314936025894
2012-02-29;1095.0;2.9979466119096507;3.958247749178212
2012-02-29;1461.0;4.0;4.004844726239498
2012-02-29;1826.0;4.999315537303217;4.052221026045522
2012-02-29;2191.0;5.9986310746064335;4.116822503307427
2012-02-29;2556.0;6.997946611909651;4.182512789777015
2012-02-29;2922.0;8.0;4.249594248974176
2012-02-29;3287.0;8.999315537303216;4.3177948293158686
2012-02-29;3652.0;9.998631074606434;4.387424240185056
2012-02-29;4017.0;10.99794661190965;4.424189604552287
2012-02-29;4383.0;12.0;4.462159063171756
2012-02-29;4748.0;12.999315537303216;4.501085451780984
2012-02-29;5113.0;13.998631074606434;4.541095076197443
2012-02-29;5478.0;14.99794661190965;4.582214418086661
2012-02-29;5844.0;16.0;4.588675216407312
2012-02-29;6209.0;16.999315537303218;4.59577209621298
2012-02-29;6574.0;17.998631074606433;4.603471061381703
2012-02-29;6939.0;18.99794661190965;4.611722737263291
2012-02-29;7305.0;20.0;4.620524921275582
2012-02-29;7670.0;20.999315537303218;4.630703398683722
2012-02-29;8035.0;21.998631074606433;4.641363036334845
2012-02-29;8400.0;22.99794661190965;4.65249304971016
2012-02-29;8766.0;24.0;4.664129246978743
2012-02-29;9131.0;24.999315537303218;4.676186401746274
2012-02-29;9496.0;25.998631074606433;4.688708953266207
2012-02-29;9861.0;26.99794661190965;4.701702415250186
2012-02-29;10227.0;28.0;4.7152222055065085
2012-02-29;10592.0;28.999315537303218;4.729185265518399
2012-02-29;10957.0;29.998631074606433;4.74365316418075
2012-03-30;91.0;0.24914442162902123;3.4944321176315527
2012-03-30;182.0;0.49828884325804246;3.4684307453944188
2012-03-30;364.0;0.9965776865160849;3.5152113341845035
2012-03-30;365.0;0.999315537303217;3.515810021757537
2012-03-30;730.0;1.998631074606434;3.7384199888676806
2012-03-30;1095.0;2.9979466119096507;3.8128187662427315
2012-03-30;1461.0;4.0;3.8889725721517054
2012-03-30;1826.0;4.999315537303217;3.966291385601739
2012-03-30;2191.0;5.9986310746064335;4.04347615877394
2012-03-30;2556.0;6.997946611909651;4.122115850482233
2012-03-30;2922.0;8.0;4.20254055570104
2012-03-30;3287.0;8.999315537303216;4.284412656691217
2012-03-30;3652.0;9.998631074606434;4.368106731436017
2012-03-30;4017.0;10.99794661190965;4.406803542340976
2012-03-30;4383.0;12.0;4.446896301997594
2012-03-30;4748.0;12.999315537303216;4.488098522355721
2012-03-30;5113.0;13.998631074606434;4.530530704028379
2012-03-30;5478.0;14.99794661190965;4.574211292491115
2012-03-30;5844.0;16.0;4.605077408099811
2012-03-30;6209.0;16.999315537303218;4.636908706182208
2012-03-30;6574.0;17.998631074606433;4.66981370546633
2012-03-30;6939.0;18.99794661190965;4.703813224476661
2012-03-30;7305.0;20.0;4.739053196627285
2012-03-30;7670.0;20.999315537303218;4.735747314208361
2012-03-30;8035.0;21.998631074606433;4.733026153919639
2012-03-30;8400.0;22.99794661190965;4.730822823358305
2012-03-30;8766.0;24.0;4.729090607662867
2012-03-30;9131.0;24.999315537303218;4.727766241634157
2012-03-30;9496.0;25.998631074606433;4.726820023416467
2012-03-30;9861.0;26.99794661190965;4.726219687932054
2012-03-30;10227.0;28.0;4.725947608101211
2012-03-30;10592.0;28.999315537303218;4.7259616041744
2012-03-30;10957.0;29.998631074606433;4.726252021001409
2012-04-30;91.0;0.24914442162902123;3.434816510326801
2012-04-30;182.0;0.49828884325804246;3.44800673162465
2012-04-30;364.0;0.9965776865160849;3.54977883911657
2012-04-30;365.0;0.999315537303217;3.5501040361660685
2012-04-30;730.0;1.998631074606434;3.6709809007895444
2012-04-30;1095.0;2.9979466119096507;3.7714298001666258
2012-04-30;1461.0;4.0;3.8737416567728777
2012-04-30;1826.0;4.999315537303217;3.977471388674658
2012-04-30;2191.0;5.9986310746064335;4.045627671469831
2012-04-30;2556.0;6.997946611909651;4.115250540353621
2012-04-30;2922.0;8.0;4.186552500624052
2012-04-30;3287.0;8.999315537303216;4.259181832538483
2012-04-30;3652.0;9.998631074606434;4.333436493745113
2012-04-30;4017.0;10.99794661190965;4.383662135593336
2012-04-30;4383.0;12.0;4.435424542515487
2012-04-30;4748.0;12.999315537303216;4.488435672485491
2012-04-30;5113.0;13.998631074606434;4.542902797593618
2012-04-30;5478.0;14.99794661190965;4.598895738812803
2012-04-30;5844.0;16.0;4.60522383453934
2012-04-30;6209.0;16.999315537303218;4.612348251097131
2012-04-30;6574.0;17.998631074606433;4.620216377338249
2012-04-30;6939.0;18.99794661190965;4.628761829511574
2012-04-30;7305.0;20.0;4.6379728732478975
2012-04-30;7670.0;20.999315537303218;4.6465139649781495
2012-04-30;8035.0;21.998631074606433;4.655601845148194
2012-04-30;8400.0;22.99794661190965;4.665213706084059
2012-04-30;8766.0;24.0;4.675372762254959
2012-04-30;9131.0;24.999315537303218;4.685989519163747
2012-04-30;9496.0;25.998631074606433;4.697098244297937
2012-04-30;9861.0;26.99794661190965;4.708697465166156
2012-04-30;10227.0;28.0;4.720833608673414
2012-04-30;10592.0;28.999315537303218;4.733423173340379
2012-04-30;10957.0;29.998631074606433;4.746519623251477
2012-05-31;91.0;0.24914442162902123;3.349346951626311
2012-05-31;182.0;0.49828884325804246;3.39873876018017
2012-05-31;364.0;0.9965776865160849;3.581009507791494
2012-05-31;365.0;0.999315537303217;3.5813382050202014
2012-05-31;730.0;1.998631074606434;3.703535652169987
2012-05-31;1095.0;2.9979466119096507;3.795448285230685
2012-05-31;1461.0;4.0;3.889092323738419
2012-05-31;1826.0;4.999315537303217;3.9840306050383356
2012-05-31;2191.0;5.9986310746064335;4.0555444829525555
2012-05-31;2556.0;6.997946611909651;4.128516280777039
2012-05-31;2922.0;8.0;4.203204466798471
2012-05-31;3287.0;8.999315537303216;4.2792638362054936
2012-05-31;3652.0;9.998631074606434;4.357021485144719
2012-05-31;4017.0;10.99794661190965;4.394371424257337
2012-05-31;4383.0;12.0;4.433054804466607
2012-05-31;4748.0;12.999315537303216;4.472795358628456
2012-05-31;5113.0;13.998631074606434;4.5137085304002955
2012-05-31;5478.0;14.99794661190965;4.5558109479676645
2012-05-31;5844.0;16.0;4.571706241290441
2012-05-31;6209.0;16.999315537303218;4.588362040332616
2012-05-31;6574.0;17.998631074606433;4.605794014951625
2012-05-31;6939.0;18.99794661190965;4.623974001224607
2012-05-31;7305.0;20.0;4.64295105794128
2012-05-31;7670.0;20.999315537303218;4.651097705201068
2012-05-31;8035.0;21.998631074606433;4.659802867483265
2012-05-31;8400.0;22.99794661190965;4.669041225244452
2012-05-31;8766.0;24.0;4.678833141401917
2012-05-31;9131.0;24.999315537303218;4.689088602283675
2012-05-31;9496.0;25.998631074606433;4.699839496033076
2012-05-31;9861.0;26.99794661190965;4.7110828273793315
2012-05-31;10227.0;28.0;4.722862840010333
2012-05-31;10592.0;28.999315537303218;4.7350963083256925
2012-05-31;10957.0;29.998631074606433;4.74783466896298
2012-06-29;91.0;0.24914442162902123;3.428131649544743
2012-06-29;182.0;0.49828884325804246;3.443175710778541
2012-06-29;364.0;0.9965776865160849;3.580674576971431
2012-06-29;365.0;0.999315537303217;3.58108517206428
2012-06-29;730.0;1.998631074606434;3.733752276446123
2012-06-29;1095.0;2.9979466119096507;3.8427528805893507
2012-06-29;1461.0;4.0;3.9538876755543573
2012-06-29;1826.0;4.999315537303217;4.066649146635992
2012-06-29;2191.0;5.9986310746064335;4.13583042909631
2012-06-29;2556.0;6.997946611909651;4.206596749077551
2012-06-29;2922.0;8.0;4.279144662351775
2012-06-29;3287.0;8.999315537303216;4.353105927830425
2012-06-29;3652.0;9.998631074606434;4.428780942445809
2012-06-29;4017.0;10.99794661190965;4.46657562664321
2012-06-29;4383.0;12.0;4.50573916080188
2012-06-29;4748.0;12.999315537303216;4.545992241502894
2012-06-29;5113.0;13.998631074606434;4.587453100727346
2012-06-29;5478.0;14.99794661190965;4.6301400955959915
2012-06-29;5844.0;16.0;4.625297435148723
2012-06-29;6209.0;16.999315537303218;4.621108041899968
2012-06-29;6574.0;17.998631074606433;4.6174670801727435
2012-06-29;6939.0;18.99794661190965;4.614290378666541
2012-06-29;7305.0;20.0;4.611512795860873
2012-06-29;7670.0;20.999315537303218;4.620863463360525
2012-06-29;8035.0;21.998631074606433;4.6306335050466
2012-06-29;8400.0;22.99794661190965;4.64081443081692
2012-06-29;8766.0;24.0;4.651439477326957
2012-06-29;9131.0;24.999315537303218;4.662432348083501
2012-06-29;9496.0;25.998631074606433;4.673833557194529
2012-06-29;9861.0;26.99794661190965;4.685648256845387
2012-06-29;10227.0;28.0;4.697926383208362
2012-06-29;10592.0;28.999315537303218;4.710592847499351
2012-06-29;10957.0;29.998631074606433;4.723702770909566
2012-07-31;91.0;0.24914442162902123;3.448535896717084
2012-07-31;182.0;0.49828884325804246;3.4924143792461555
2012-07-31;364.0;0.9965776865160849;3.640278812463394
2012-07-31;365.0;0.999315537303217;3.6405537967925117
2012-07-31;730.0;1.998631074606434;3.742802314878113
2012-07-31;1095.0;2.9979466119096507;3.8491222045286433
2012-07-31;1461.0;4.0;3.957381319021591
2012-07-31;1826.0;4.999315537303217;4.067162117702994
2012-07-31;2191.0;5.9986310746064335;4.158484156188602
2012-07-31;2556.0;6.997946611909651;4.251690002702313
2012-07-31;2922.0;8.0;4.347174331981374
2012-07-31;3287.0;8.999315537303216;4.444550358349186
2012-07-31;3652.0;9.998631074606434;4.5442885762913
2012-07-31;4017.0;10.99794661190965;4.590895515099436
2012-07-31;4383.0;12.0;4.639275328046821
2012-07-31;4748.0;12.999315537303216;4.689091379660071
2012-07-31;5113.0;13.998631074606434;4.740502600822971
2012-07-31;5478.0;14.99794661190965;4.79354660582223
2012-07-31;5844.0;16.0;4.764881691327272
2012-07-31;6209.0;16.999315537303218;4.737068892791552
2012-07-31;6574.0;17.998631074606433;4.709854970073635
2012-07-31;6939.0;18.99794661190965;4.683086793184388
2012-07-31;7305.0;20.0;4.6565772449103315
2012-07-31;7670.0;20.999315537303218;4.6563095466105375
2012-07-31;8035.0;21.998631074606433;4.6562720278048975
2012-07-31;8400.0;22.99794661190965;4.656441383084164
2012-07-31;8766.0;24.0;4.656804650752089
2012-07-31;9131.0;24.999315537303218;4.657333713759404
2012-07-31;9496.0;25.998631074606433;4.6580218444646215
2012-07-31;9861.0;26.99794661190965;4.658858310279346
2012-07-31;10227.0;28.0;4.659841092244865
2012-07-31;10592.0;28.999315537303218;4.660949079406862
2012-07-31;10957.0;29.998631074606433;4.66218325511083
2012-08-31;91.0;0.24914442162902123;3.4813359344991395
2012-08-31;182.0;0.49828884325804246;3.606870986759094
2012-08-31;364.0;0.9965776865160849;3.8731296822859527
2012-08-31;365.0;0.999315537303217;3.8736979867629806
2012-08-31;730.0;1.998631074606434;4.085370598991012
2012-08-31;1095.0;2.9979466119096507;4.144540508331174
2012-08-31;1461.0;4.0;4.20531138723319
2012-08-31;1826.0;4.999315537303217;4.26711716729995
2012-08-31;2191.0;5.9986310746064335;4.341914519522394
2012-08-31;2556.0;6.997946611909651;4.41811407693633
2012-08-31;2922.0;8.0;4.4960707038544045
2012-08-31;3287.0;8.999315537303216;4.575478445532655
2012-08-31;3652.0;9.998631074606434;4.65671604232023
2012-08-31;4017.0;10.99794661190965;4.691489541975047
2012-08-31;4383.0;12.0;4.727635161328658
2012-08-31;4748.0;12.999315537303216;4.764877554878488
2012-08-31;5113.0;13.998631074606434;4.803317381499284
2012-08-31;5478.0;14.99794661190965;4.842964787810056
2012-08-31;5844.0;16.0;4.846745117911255
2012-08-31;6209.0;16.999315537303218;4.851220690626912
2012-08-31;6574.0;17.998631074606433;4.856335998566053
2012-08-31;6939.0;18.99794661190965;4.8620289199071465
2012-08-31;7305.0;20.0;4.868280338705411
2012-08-31;7670.0;20.999315537303218;4.838550168131972
2012-08-31;8035.0;21.998631074606433;4.8091065938906885
2012-08-31;8400.0;22.99794661190965;4.779856265365678
2012-08-31;8766.0;24.0;4.750646164042083
2012-08-31;9131.0;24.999315537303218;4.72156278562641
2012-08-31;9496.0;25.998631074606433;4.692473852765033
2012-08-31;9861.0;26.99794661190965;4.663332574225421
2012-08-31;10227.0;28.0;4.634017898295162
2012-08-31;10592.0;28.999315537303218;4.604660892355494
2012-08-31;10957.0;29.998631074606433;4.57514955517988
2012-09-28;91.0;0.24914442162902123;3.564455998288488
2012-09-28;182.0;0.49828884325804246;3.609806880679967
2012-09-28;364.0;0.9965776865160849;3.807216383530637
2012-09-28;365.0;0.999315537303217;3.807929029412027
2012-09-28;730.0;1.998631074606434;4.073349251582092
2012-09-28;1095.0;2.9979466119096507;4.194184823158098
2012-09-28;1461.0;4.0;4.317896451488901
2012-09-28;1826.0;4.999315537303217;4.44376059665561
2012-09-28;2191.0;5.9986310746064335;4.4841191746556985
2012-09-28;2556.0;6.997946611909651;4.525969471974722
2012-09-28;2922.0;8.0;4.569223707947767
2012-09-28;3287.0;8.999315537303216;4.613532738741677
2012-09-28;3652.0;9.998631074606434;4.658997694850675
2012-09-28;4017.0;10.99794661190965;4.697431994403689
2012-09-28;4383.0;12.0;4.737054703941057
2012-09-28;4748.0;12.999315537303216;4.7776403910127385
2012-09-28;5113.0;13.998631074606434;4.819342725930786
2012-09-28;5478.0;14.99794661190965;4.862208292534986
2012-09-28;5844.0;16.0;4.8575029291400895
2012-09-28;6209.0;16.999315537303218;4.85338754685769
2012-09-28;6574.0;17.998631074606433;4.849765618394386
2012-09-28;6939.0;18.99794661190965;4.846560338905048
2012-09-28;7305.0;20.0;4.843711224557956
2012-09-28;7670.0;20.999315537303218;4.815663652380819
2012-09-28;8035.0;21.998631074606433;4.787797328794419
2012-09-28;8400.0;22.99794661190965;4.760033307708134
2012-09-28;8766.0;24.0;4.732232310207118
2012-09-28;9131.0;24.999315537303218;4.704487131082957
2012-09-28;9496.0;25.998631074606433;4.676675721120005
2012-09-28;9861.0;26.99794661190965;4.648758336725933
2012-09-28;10227.0;28.0;4.6206217532385185
2012-09-28;10592.0;28.999315537303218;4.592398308767631
2012-09-28;10957.0;29.998631074606433;4.563982243759024
2012-10-31;91.0;0.24914442162902123;3.490396976819856
2012-10-31;182.0;0.49828884325804246;3.623212923374712
2012-10-31;364.0;0.9965776865160849;3.790831491738735
2012-10-31;365.0;0.999315537303217;3.791785924401081
2012-10-31;730.0;1.998631074606434;4.1473902890096115
2012-10-31;1095.0;2.9979466119096507;4.245517807124788
2012-10-31;1461.0;4.0;4.34643178161187
2012-10-31;1826.0;4.999315537303217;4.449238057404359
2012-10-31;2191.0;5.9986310746064335;4.538286103740097
2012-10-31;2556.0;6.997946611909651;4.6293880698402345
2012-10-31;2922.0;8.0;4.7229102083199415
2012-10-31;3287.0;8.999315537303216;4.818464169623682
2012-10-31;3652.0;9.998631074606434;4.91651466155254
2012-10-31;4017.0;10.99794661190965;4.914590678366593
2012-10-31;4383.0;12.0;4.91386972600818
2012-10-31;4748.0;12.999315537303216;4.914074101338639
2012-10-31;5113.0;13.998631074606434;4.915041545368326
2012-10-31;5478.0;14.99794661190965;4.916643743368154
2012-10-31;5844.0;16.0;4.889484678799483
2012-10-31;6209.0;16.999315537303218;4.862728590732335
2012-10-31;6574.0;17.998631074606433;4.836183881205658
2012-10-31;6939.0;18.99794661190965;4.809750474638941
2012-10-31;7305.0;20.0;4.7832773453353905
2012-10-31;7670.0;20.999315537303218;4.758941967111352
2012-10-31;8035.0;21.998631074606433;4.73451457847851
2012-10-31;8400.0;22.99794661190965;4.709952794471928
2012-10-31;8766.0;24.0;4.685150447446662
2012-10-31;9131.0;24.999315537303218;4.660220185872244
2012-10-31;9496.0;25.998631074606433;4.635064224314278
2012-10-31;9861.0;26.99794661190965;4.609660961340589
2012-10-31;10227.0;28.0;4.583915410106321
2012-10-31;10592.0;28.999315537303218;4.5579674214785815
2012-10-31;10957.0;29.998631074606433;4.531725478161253
2012-11-30;91.0;0.24914442162902123;3.5202229795207907
2012-11-30;182.0;0.49828884325804246;3.6676092699088696
2012-11-30;364.0;0.9965776865160849;3.9013481974337023
2012-11-30;365.0;0.999315537303217;3.902082871227508
2012-11-30;730.0;1.998631074606434;4.1758450604450825
2012-11-30;1095.0;2.9979466119096507;4.308854353849978
2012-11-30;1461.0;4.0;4.445069473925423
2012-11-30;1826.0;4.999315537303217;4.583748089796624
2012-11-30;2191.0;5.9986310746064335;4.657627926678631
2012-11-30;2556.0;6.997946611909651;4.733608336350192
2012-11-30;2922.0;8.0;4.81184327722608
2012-11-30;3287.0;8.999315537303216;4.891909043519305
2012-11-30;3652.0;9.998631074606434;4.9741321334818345
2012-11-30;4017.0;10.99794661190965;5.001516995511923
2012-11-30;4383.0;12.0;5.030373936195676
2012-11-30;4748.0;12.999315537303216;5.060402873876768
2012-11-30;5113.0;13.998631074606434;5.0916402212383804
2012-11-30;5478.0;14.99794661190965;5.1240583691609
2012-11-30;5844.0;16.0;5.058831699854882
2012-11-30;6209.0;16.999315537303218;4.994569178009911
2012-11-30;6574.0;17.998631074606433;4.930865364830694
2012-11-30;6939.0;18.99794661190965;4.867539010604993
2012-11-30;7305.0;20.0;4.804279380872134
2012-11-30;7670.0;20.999315537303218;4.77244252931579
2012-11-30;8035.0;21.998631074606433;4.740354925496448
2012-11-30;8400.0;22.99794661190965;4.707985076786314
2012-11-30;8766.0;24.0;4.675210765742377
2012-11-30;9131.0;24.999315537303218;4.642208047453056
2012-11-30;9496.0;25.998631074606433;4.608861681560428
2012-11-30;9861.0;26.99794661190965;4.575159754538349
2012-11-30;10227.0;28.0;4.54098922381303
2012-11-30;10592.0;28.999315537303218;4.506556316496102
2012-11-30;10957.0;29.998631074606433;4.471750805961117
2012-12-31;91.0;0.24914442162902123;3.796157884454998
2012-12-31;182.0;0.49828884325804246;3.7424165345843523
2012-12-31;364.0;0.9965776865160849;3.8161176376084818
2012-12-31;365.0;0.999315537303217;3.8170071452088727
2012-12-31;730.0;1.998631074606434;4.148422498613513
2012-12-31;1095.0;2.9979466119096507;4.249867971262966
2012-12-31;1461.0;4.0;4.354080844846431
2012-12-31;1826.0;4.999315537303217;4.460212241044981
2012-12-31;2191.0;5.9986310746064335;4.543610355720196
2012-12-31;2556.0;6.997946611909651;4.628986897755061
2012-12-31;2922.0;8.0;4.7166528717543565
2012-12-31;3287.0;8.999315537303216;4.806220955123308
2012-12-31;3652.0;9.998631074606434;4.898108972418291
2012-12-31;4017.0;10.99794661190965;4.948146440363432
2012-12-31;4383.0;12.0;5.000095120505144
2012-12-31;4748.0;12.999315537303216;5.05362587013336
2012-12-31;5113.0;13.998631074606434;5.108935792322744
2012-12-31;5478.0;14.99794661190965;5.166090410387025
2012-12-31;5844.0;16.0;5.126258586633536
2012-12-31;6209.0;16.999315537303218;5.087379570163608
2012-12-31;6574.0;17.998631074606433;5.049130257507173
2012-12-31;6939.0;18.99794661190965;5.011326508844549
2012-12-31;7305.0;20.0;4.973725932566175
2012-12-31;7670.0;20.999315537303218;4.920417913630004
2012-12-31;8035.0;21.998631074606433;4.867330297173789
2012-12-31;8400.0;22.99794661190965;4.814367987939594
2012-12-31;8766.0;24.0;4.761308562589783
2012-12-31;9131.0;24.999315537303218;4.708393976002556
2012-12-31;9496.0;25.998631074606433;4.655427732141604
2012-12-31;9861.0;26.99794661190965;4.602377438823102
2012-12-31;10227.0;28.0;4.549064125149993
2012-12-31;10592.0;28.999315537303218;4.495791482247191
2012-12-31;10957.0;29.998631074606433;4.442390984726785
2013-01-31;91.0;0.24914442162902123;4.039265237005615
2013-01-31;182.0;0.49828884325804246;4.148560073553005
2013-01-31;364.0;0.9965776865160849;4.234793005082715
2013-01-31;365.0;0.999315537303217;4.235165234803184
2013-01-31;730.0;1.998631074606434;4.374002404302524
2013-01-31;1095.0;2.9979466119096507;4.502992208341139
2013-01-31;1461.0;4.0;4.634753187363261
2013-01-31;1826.0;4.999315537303217;4.768806967710981
2013-01-31;2191.0;5.9986310746064335;4.826472405092219
2013-01-31;2556.0;6.997946611909651;4.885978804594915
2013-01-31;2922.0;8.0;4.947366702425016
2013-01-31;3287.0;8.999315537303216;5.010248903910042
2013-01-31;3652.0;9.998631074606434;5.074844210170548
2013-01-31;4017.0;10.99794661190965;5.16120338636048
2013-01-31;4383.0;12.0;5.250200795710702
2013-01-31;4748.0;12.999315537303216;5.341569591930284
2013-01-31;5113.0;13.998631074606434;5.435859142227861
2013-01-31;5478.0;14.99794661190965;5.53338662848013
2013-01-31;5844.0;16.0;5.386055514012744
2013-01-31;6209.0;16.999315537303218;5.242313436591561
2013-01-31;6574.0;17.998631074606433;5.1012868489846985
2013-01-31;6939.0;18.99794661190965;4.962629334984658
2013-01-31;7305.0;20.0;4.8257221467985945
2013-01-31;7670.0;20.999315537303218;4.782446942663698
2013-01-31;8035.0;21.998631074606433;4.738627122311567
2013-01-31;8400.0;22.99794661190965;4.69426516713114
2013-01-31;8766.0;24.0;4.649228087687951
2013-01-31;9131.0;24.999315537303218;4.603807306094132
2013-01-31;9496.0;25.998631074606433;4.557871959705473
2013-01-31;9861.0;26.99794661190965;4.511437248665873
2013-01-31;10227.0;28.0;4.464372823613427
2013-01-31;10592.0;28.999315537303218;4.416999702481794
2013-01-31;10957.0;29.998631074606433;4.369187535540053
2013-02-28;91.0;0.24914442162902123;4.093618722821904
2013-02-28;182.0;0.49828884325804246;4.127817894124353
2013-02-28;364.0;0.9965776865160849;4.244060257744559
2013-02-28;365.0;0.999315537303217;4.24468224944432
2013-02-28;730.0;1.998631074606434;4.4767966390667935
2013-02-28;1095.0;2.9979466119096507;4.560986470364714
2013-02-28;1461.0;4.0;4.647439394879016
2013-02-28;1826.0;4.999315537303217;4.735495721705685
2013-02-28;2191.0;5.9986310746064335;4.826779722055097
2013-02-28;2556.0;6.997946611909651;4.9201082057416246
2013-02-28;2922.0;8.0;5.015929206100456
2013-02-28;3287.0;8.999315537303216;5.113893084067689
2013-02-28;3652.0;9.998631074606434;5.214512397324245
2013-02-28;4017.0;10.99794661190965;5.244374811819497
2013-02-28;4383.0;12.0;5.27593643721227
2013-02-28;4748.0;12.999315537303216;5.308864871997798
2013-02-28;5113.0;13.998631074606434;5.3432018155126215
2013-02-28;5478.0;14.99794661190965;5.378920382954311
2013-02-28;5844.0;16.0;5.26725950417839
2013-02-28;6209.0;16.999315537303218;5.157570566328551
2013-02-28;6574.0;17.998631074606433;5.0492270587356725
2013-02-28;6939.0;18.99794661190965;4.941993247000753
2013-02-28;7305.0;20.0;4.835408385440387
2013-02-28;7670.0;20.999315537303218;4.791249814898091
2013-02-28;8035.0;21.998631074606433;4.746587279632775
2013-02-28;8400.0;22.99794661190965;4.701418151058667
2013-02-28;8766.0;24.0;4.655603797809138
2013-02-28;9131.0;24.999315537303218;4.609435354145153
2013-02-28;9496.0;25.998631074606433;4.562777656131045
2013-02-28;9861.0;26.99794661190965;4.515643691784121
2013-02-28;10227.0;28.0;4.467899820929788
2013-02-28;10592.0;28.999315537303218;4.41986869494424
2013-02-28;10957.0;29.998631074606433;4.371417234846464
2013-03-29;91.0;0.24914442162902123;4.033613213150793
2013-03-29;182.0;0.49828884325804246;4.170817863345651
2013-03-29;364.0;0.9965776865160849;4.282981241295689
2013-03-29;365.0;0.999315537303217;4.283498898219107
2013-03-29;730.0;1.998631074606434;4.476676812324398
2013-03-29;1095.0;2.9979466119096507;4.600614878273879
2013-03-29;1461.0;4.0;4.727462057649268
2013-03-29;1826.0;4.999315537303217;4.8566293594258125
2013-03-29;2191.0;5.9986310746064335;4.961062903837177
2013-03-29;2556.0;6.997946611909651;5.068151397177578
2013-03-29;2922.0;8.0;5.17837466968456
2013-03-29;3287.0;8.999315537303216;5.291325590218743
2013-03-29;3652.0;9.998631074606434;5.40761547651567
2013-03-29;4017.0;10.99794661190965;5.49655586289759
2013-03-29;4383.0;12.0;5.588901770191246
2013-03-29;4748.0;12.999315537303216;5.684297368276869
2013-03-29;5113.0;13.998631074606434;5.78329385705092
2013-03-29;5478.0;14.99794661190965;5.886218610785066
2013-03-29;5844.0;16.0;5.63148773662745
2013-03-29;6209.0;16.999315537303218;5.386159450948758
2013-03-29;6574.0;17.998631074606433;5.148677873464247
2013-03-29;6939.0;18.99794661190965;4.918417218271398
2013-03-29;7305.0;20.0;4.694301428807535
2013-03-29;7670.0;20.999315537303218;4.659588593772379
2013-03-29;8035.0;21.998631074606433;4.623655131969606
2013-03-29;8400.0;22.99794661190965;4.586590072362995
2013-03-29;8766.0;24.0;4.54833869603235
2013-03-29;9131.0;24.999315537303218;4.509238910205782
2013-03-29;9496.0;25.998631074606433;4.469217104953249
2013-03-29;9861.0;26.99794661190965;4.428331017612419
2013-03-29;10227.0;28.0;4.386492647481299
2013-03-29;10592.0;28.999315537303218;4.344041102241536
2013-03-29;10957.0;29.998631074606433;4.3008790883717785
2013-04-30;91.0;0.24914442162902123;4.089559185318574
2013-04-30;182.0;0.49828884325804246;4.21044940436052
2013-04-30;364.0;0.9965776865160849;4.2450585950384685
2013-04-30;365.0;0.999315537303217;4.245955714796712
2013-04-30;730.0;1.998631074606434;4.580916532858614
2013-04-30;1095.0;2.9979466119096507;4.676800666248981
2013-04-30;1461.0;4.0;4.775601201599633
2013-04-30;1826.0;4.999315537303217;4.876425766343839
2013-04-30;2191.0;5.9986310746064335;4.980433215790803
2013-04-30;2556.0;6.997946611909651;5.0869332887145235
2013-04-30;2922.0;8.0;5.196454504455494
2013-04-30;3287.0;8.999315537303216;5.308622433478516
2013-04-30;3652.0;9.998631074606434;5.424059741972886
2013-04-30;4017.0;10.99794661190965;5.389584283730953
2013-04-30;4383.0;12.0;5.3563989290827285
2013-04-30;4748.0;12.999315537303216;5.324219543972397
2013-04-30;5113.0;13.998631074606434;5.2926623577599585
2013-04-30;5478.0;14.99794661190965;5.261498402197762
2013-04-30;5844.0;16.0;5.171969916398211
2013-04-30;6209.0;16.999315537303218;5.0833040068356095
2013-04-30;6574.0;17.998631074606433;4.995064019979201
2013-04-30;6939.0;18.99794661190965;4.907117807552042
2013-04-30;7305.0;20.0;4.819126536676244
2013-04-30;7670.0;20.999315537303218;4.782725538000676
2013-04-30;8035.0;21.998631074606433;4.74564946669338
2013-04-30;8400.0;22.99794661190965;4.707915867047663
2013-04-30;8766.0;24.0;4.66941969977257
2013-04-30;9131.0;24.999315537303218;4.630426168508439
2013-04-30;9496.0;25.998631074606433;4.590827287922106
2013-04-30;9861.0;26.99794661190965;4.550641538176126
2013-04-30;10227.0;28.0;4.5097570518985775
2013-04-30;10592.0;28.999315537303218;4.468460320724121
2013-04-30;10957.0;29.998631074606433;4.426637599083882
2013-05-31;91.0;0.24914442162902123;4.06009134236386
2013-05-31;182.0;0.49828884325804246;4.213506847926309
2013-05-31;364.0;0.9965776865160849;4.3052849430591085
2013-05-31;365.0;0.999315537303217;4.306019243147774
2013-05-31;730.0;1.998631074606434;4.580184726408487
2013-05-31;1095.0;2.9979466119096507;4.724352574739821
2013-05-31;1461.0;4.0;4.872217155003433
2013-05-31;1826.0;4.999315537303217;5.023030478502388
2013-05-31;2191.0;5.9986310746064335;5.081694973080109
2013-05-31;2556.0;6.997946611909651;5.1425224769649835
2013-05-31;2922.0;8.0;5.205488211085374
2013-05-31;3287.0;8.999315537303216;5.2701585036988075
2013-05-31;3652.0;9.998631074606434;5.336744428064266
2013-05-31;4017.0;10.99794661190965;5.309217129780586
2013-05-31;4383.0;12.0;5.282512148076557
2013-05-31;4748.0;12.999315537303216;5.256449093581095
2013-05-31;5113.0;13.998631074606434;5.230746833273736
2013-05-31;5478.0;14.99794661190965;5.205242724298387
2013-05-31;5844.0;16.0;5.1278654000682655
2013-05-31;6209.0;16.999315537303218;5.051015678324977
2013-05-31;6574.0;17.998631074606433;4.974324554831089
2013-05-31;6939.0;18.99794661190965;4.897683511273976
2013-05-31;7305.0;20.0;4.820798644014634
2013-05-31;7670.0;20.999315537303218;4.784946678916269
2013-05-31;8035.0;21.998631074606433;4.748455253730133
2013-05-31;8400.0;22.99794661190965;4.71133754139752
2013-05-31;8766.0;24.0;4.673487272048282
2013-05-31;9131.0;24.999315537303218;4.635160884545431
2013-05-31;9496.0;25.998631074606433;4.5962499866435635
2013-05-31;9861.0;26.99794661190965;4.556770192336557
2013-05-31;10227.0;28.0;4.516609691434836
2013-05-31;10592.0;28.999315537303218;4.476046932168143
2013-05-31;10957.0;29.998631074606433;4.434968637146186
2013-06-28;91.0;0.24914442162902123;3.9350000645762786
2013-06-28;182.0;0.49828884325804246;3.97669183160777
2013-06-28;364.0;0.9965776865160849;4.191449520730735
2013-06-28;365.0;0.999315537303217;4.1924614639207824
2013-06-28;730.0;1.998631074606434;4.570276373110493
2013-06-28;1095.0;2.9979466119096507;4.681721768544356
2013-06-28;1461.0;4.0;4.796544829057936
2013-06-28;1826.0;4.999315537303217;4.913761759765656
2013-06-28;2191.0;5.9986310746064335;5.02522692219789
2013-06-28;2556.0;6.997946611909651;5.139504499389669
2013-06-28;2922.0;8.0;5.257151611854116
2013-06-28;3287.0;8.999315537303216;5.377769248220399
2013-06-28;3652.0;9.998631074606434;5.5020418381274805
2013-06-28;4017.0;10.99794661190965;5.572536267312556
2013-06-28;4383.0;12.0;5.646047290757261
2013-06-28;4748.0;12.999315537303216;5.722178024330726
2013-06-28;5113.0;13.998631074606434;5.801288185018927
2013-06-28;5478.0;14.99794661190965;5.883560653658626
2013-06-28;5844.0;16.0;5.6416273847082365
2013-06-28;6209.0;16.999315537303218;5.408068818497425
2013-06-28;6574.0;17.998631074606433;5.181456003681384
2013-06-28;6939.0;18.99794661190965;4.961238742952601
2013-06-28;7305.0;20.0;4.746428180961804
2013-06-28;7670.0;20.999315537303218;4.710568581596575
2013-06-28;8035.0;21.998631074606433;4.673485104112229
2013-06-28;8400.0;22.99794661190965;4.635265572101344
2013-06-28;8766.0;24.0;4.595851100620596
2013-06-28;9131.0;24.999315537303218;4.555586163161385
2013-06-28;9496.0;25.998631074606433;4.5143935185468775
2013-06-28;9861.0;26.99794661190965;4.472331111511529
2013-06-28;10227.0;28.0;4.429307743653266
2013-06-28;10592.0;28.999315537303218;4.385670641425143
2013-06-28;10957.0;29.998631074606433;4.341319518433107
2013-07-31;91.0;0.24914442162902123;3.7567190545271547
2013-07-31;182.0;0.49828884325804246;3.9185330912558998
2013-07-31;364.0;0.9965776865160849;4.137723579739455
2013-07-31;365.0;0.999315537303217;4.138747209214633
2013-07-31;730.0;1.998631074606434;4.52083290805132
2013-07-31;1095.0;2.9979466119096507;4.647497062142958
2013-07-31;1461.0;4.0;4.777834607946185
2013-07-31;1826.0;4.999315537303217;4.910862574125763
2013-07-31;2191.0;5.9986310746064335;5.012419664345091
2013-07-31;2556.0;6.997946611909651;5.11671960787059
2013-07-31;2922.0;8.0;5.224177447757361
2013-07-31;3287.0;8.999315537303216;5.3343633495079645
2013-07-31;3652.0;9.998631074606434;5.447854637525795
2013-07-31;4017.0;10.99794661190965;5.527460830411468
2013-07-31;4383.0;12.0;5.610214415100967
2013-07-31;4748.0;12.999315537303216;5.69574717409036
2013-07-31;5113.0;13.998631074606434;5.7845155019932815
2013-07-31;5478.0;14.99794661190965;5.876773851139805
2013-07-31;5844.0;16.0;5.636359649057021
2013-07-31;6209.0;16.999315537303218;5.404295632485279
2013-07-31;6574.0;17.998631074606433;5.17914934068302
2013-07-31;6939.0;18.99794661190965;4.96036282037482
2013-07-31;7305.0;20.0;4.746945666340419
2013-07-31;7670.0;20.999315537303218;4.711840085017727
2013-07-31;8035.0;21.998631074606433;4.67554914656183
2013-07-31;8400.0;22.99794661190965;4.638155651292575
2013-07-31;8766.0;24.0;4.599599498243756
2013-07-31;9131.0;24.999315537303218;4.560214463716505
2013-07-31;9496.0;25.998631074606433;4.519922972545198
2013-07-31;9861.0;26.99794661190965;4.478779514153586
2013-07-31;10227.0;28.0;4.436693019683702
2013-07-31;10592.0;28.999315537303218;4.39400077871237
2013-07-31;10957.0;29.998631074606433;4.350603108033568
2013-08-30;91.0;0.24914442162902123;3.661596865773251
2013-08-30;182.0;0.49828884325804246;3.8782895170720098
2013-08-30;364.0;0.9965776865160849;4.178530939812953
2013-08-30;365.0;0.999315537303217;4.179531029894812
2013-08-30;730.0;1.998631074606434;4.5528885434579225
2013-08-30;1095.0;2.9979466119096507;4.673607241488353
2013-08-30;1461.0;4.0;4.797865572035187
2013-08-30;1826.0;4.999315537303217;4.924693393535362
2013-08-30;2191.0;5.9986310746064335;5.024293825485193
2013-08-30;2556.0;6.997946611909651;5.126552083857661
2013-08-30;2922.0;8.0;5.231881310087005
2013-08-30;3287.0;8.999315537303216;5.339862082476188
2013-08-30;3652.0;9.998631074606434;5.451058901516936
2013-08-30;4017.0;10.99794661190965;5.532627795969858
2013-08-30;4383.0;12.0;5.617366593017725
2013-08-30;4748.0;12.999315537303216;5.7049169159263835
2013-08-30;5113.0;13.998631074606434;5.795758598801237
2013-08-30;5478.0;14.99794661190965;5.890164062081826
2013-08-30;5844.0;16.0;5.643275073733767
2013-08-30;6209.0;16.999315537303218;5.405154252635036
2013-08-30;6574.0;17.998631074606433;5.174323411357795
2013-08-30;6939.0;18.99794661190965;4.950203112857388
2013-08-30;7305.0;20.0;4.731770929345269
2013-08-30;7670.0;20.999315537303218;4.698317589385348
2013-08-30;8035.0;21.998631074606433;4.663632725481892
2013-08-30;8400.0;22.99794661190965;4.627805073086022
2013-08-30;8766.0;24.0;4.5907827358131925
2013-08-30;9131.0;24.999315537303218;4.552895885674735
2013-08-30;9496.0;25.998631074606433;4.5140734271981175
2013-08-30;9861.0;26.99794661190965;4.474371941495758
2013-08-30;10227.0;28.0;4.433705489535833
2013-08-30;10592.0;28.999315537303218;4.392405031421531
2013-08-30;10957.0;29.998631074606433;4.350375313372989
2013-09-30;91.0;0.24914442162902123;3.600292767590614
2013-09-30;182.0;0.49828884325804246;3.8519727941869673
2013-09-30;364.0;0.9965776865160849;4.123425176440808
2013-09-30;365.0;0.999315537303217;4.124523170781469
2013-09-30;730.0;1.998631074606434;4.534395154185233
2013-09-30;1095.0;2.9979466119096507;4.672080986430194
2013-09-30;1461.0;4.0;4.8137837647812765
2013-09-30;1826.0;4.999315537303217;4.958468793592408
2013-09-30;2191.0;5.9986310746064335;5.079367200708074
2013-09-30;2556.0;6.997946611909651;5.203537198328156
2013-09-30;2922.0;8.0;5.3315619195056785
2013-09-30;3287.0;8.999315537303216;5.463006950528615
2013-09-30;3652.0;9.998631074606434;5.598636898203124
2013-09-30;4017.0;10.99794661190965;5.653598332744281
2013-09-30;4383.0;12.0;5.711414499178469
2013-09-30;4748.0;12.999315537303216;5.771639089333713
2013-09-30;5113.0;13.998631074606434;5.834471774729866
2013-09-30;5478.0;14.99794661190965;5.899981630711371
2013-09-30;5844.0;16.0;5.642739702428434
2013-09-30;6209.0;16.999315537303218;5.394766570078913
2013-09-30;6574.0;17.998631074606433;5.154548939482417
2013-09-30;6939.0;18.99794661190965;4.921506437162693
2013-09-30;7305.0;20.0;4.694588344815953
2013-09-30;7670.0;20.999315537303218;4.664148641199506
2013-09-30;8035.0;21.998631074606433;4.632319809671892
2013-09-30;8400.0;22.99794661190965;4.599210962139666
2013-09-30;8766.0;24.0;4.564791265610757
2013-09-30;9131.0;24.999315537303218;4.52939556480656
2013-09-30;9496.0;25.998631074606433;4.4929686171900185
2013-09-30;9861.0;26.99794661190965;4.4555762681768085
2013-09-30;10227.0;28.0;4.417144644427706
2013-09-30;10592.0;28.999315537303218;4.378001919000152
2013-09-30;10957.0;29.998631074606433;4.33806264230896
2013-10-31;91.0;0.24914442162902123;3.6523355183301196
2013-10-31;182.0;0.49828884325804246;3.8233396379537794
2013-10-31;364.0;0.9965776865160849;4.173592887808283
2013-10-31;365.0;0.999315537303217;4.174716365476261
2013-10-31;730.0;1.998631074606434;4.594224395716995
2013-10-31;1095.0;2.9979466119096507;4.74526653027294
2013-10-31;1461.0;4.0;4.900698647959567
2013-10-31;1826.0;4.999315537303217;5.059474543611642
2013-10-31;2191.0;5.9986310746064335;5.1696814725318285
2013-10-31;2556.0;6.997946611909651;5.28311434732629
2013-10-31;2922.0;8.0;5.400207071656227
2013-10-31;3287.0;8.999315537303216;5.520493661141845
2013-10-31;3652.0;9.998631074606434;5.644625641578527
2013-10-31;4017.0;10.99794661190965;5.686640288647049
2013-10-31;4383.0;12.0;5.73114450507104
2013-10-31;4748.0;12.999315537303216;5.777707299121815
2013-10-31;5113.0;13.998631074606434;5.826425953643355
2013-10-31;5478.0;14.99794661190965;5.877302590359101
2013-10-31;5844.0;16.0;5.620001426780963
2013-10-31;6209.0;16.999315537303218;5.371782513237333
2013-10-31;6574.0;17.998631074606433;5.1311745233732164
2013-10-31;6939.0;18.99794661190965;4.897634116725813
2013-10-31;7305.0;20.0;4.670136271737446
2013-10-31;7670.0;20.999315537303218;4.641912108327051
2013-10-31;8035.0;21.998631074606433;4.612208888329294
2013-10-31;8400.0;22.99794661190965;4.581147527022256
2013-10-31;8766.0;24.0;4.548710651040855
2013-10-31;9131.0;24.999315537303218;4.515232846473083
2013-10-31;9496.0;25.998631074606433;4.480669194466191
2013-10-31;9861.0;26.99794661190965;4.445090568070054
2013-10-31;10227.0;28.0;4.40843110325102
2013-10-31;10592.0;28.999315537303218;4.371014020976749
2013-10-31;10957.0;29.998631074606433;4.332760533520563
2013-11-29;91.0;0.24914442162902123;3.653946549215073
2013-11-29;182.0;0.49828884325804246;3.8206925290130496
2013-11-29;364.0;0.9965776865160849;4.0858611620793495
2013-11-29;365.0;0.999315537303217;4.087172724087718
2013-11-29;730.0;1.998631074606434;4.576873775372903
2013-11-29;1095.0;2.9979466119096507;4.773814752506689
2013-11-29;1461.0;4.0;4.976461099678442
2013-11-29;1826.0;4.999315537303217;5.183708856135283
2013-11-29;2191.0;5.9986310746064335;5.280889517222231
2013-11-29;2556.0;6.997946611909651;5.381558472442127
2013-11-29;2922.0;8.0;5.485870862039688
2013-11-29;3287.0;8.999315537303216;5.593264936396425
2013-11-29;3652.0;9.998631074606434;5.704232768815132
2013-11-29;4017.0;10.99794661190965;5.754424747921849
2013-11-29;4383.0;12.0;5.807250442158995
2013-11-29;4748.0;12.999315537303216;5.8622929998813245
2013-11-29;5113.0;13.998631074606434;5.9197274370934805
2013-11-29;5478.0;14.99794661190965;5.979608742424292
2013-11-29;5844.0;16.0;5.688210218477852
2013-11-29;6209.0;16.999315537303218;5.408382513313681
2013-11-29;6574.0;17.998631074606433;5.1383737032116406
2013-11-29;6939.0;18.99794661190965;4.877489811665225
2013-11-29;7305.0;20.0;4.624504828791087
2013-11-29;7670.0;20.999315537303218;4.5997112127699635
2013-11-29;8035.0;21.998631074606433;4.573240048994265
2013-11-29;8400.0;22.99794661190965;4.545238156990705
2013-11-29;8766.0;24.0;4.515713844566127
2013-11-29;9131.0;24.999315537303218;4.48501032632882
2013-11-29;9496.0;25.998631074606433;4.453101856091468
2013-11-29;9861.0;26.99794661190965;4.420071435156792
2013-11-29;10227.0;28.0;4.385867724946446
2013-11-29;10592.0;28.999315537303218;4.350813329140668
2013-11-29;10957.0;29.998631074606433;4.314841116529489
2013-12-31;91.0;0.24914442162902123;3.573394383875159
2013-12-31;182.0;0.49828884325804246;3.667599232950391
2013-12-31;364.0;0.9965776865160849;3.9690740940623304
2013-12-31;365.0;0.999315537303217;3.970220651963019
2013-12-31;730.0;1.998631074606434;4.39793571616407
2013-12-31;1095.0;2.9979466119096507;4.576511995926014
2013-12-31;1461.0;4.0;4.759971518699735
2013-12-31;1826.0;4.999315537303217;4.947307923612909
2013-12-31;2191.0;5.9986310746064335;5.103282803396758
2013-12-31;2556.0;6.997946611909651;5.26368896095617
2013-12-31;2922.0;8.0;5.429399725517414
2013-12-31;3287.0;8.999315537303216;5.59998354408886
2013-12-31;3652.0;9.998631074606434;5.776584210360625
2013-12-31;4017.0;10.99794661190965;5.852011814420499
2013-12-31;4383.0;12.0;5.93145388820473
2013-12-31;4748.0;12.999315537303216;6.014382408437102
2013-12-31;5113.0;13.998631074606434;6.1011567090061725
2013-12-31;5478.0;14.99794661190965;6.191965423958989
2013-12-31;5844.0;16.0;5.852474591609291
2013-12-31;6209.0;16.999315537303218;5.529064091819613
2013-12-31;6574.0;17.998631074606433;5.219383783085396
2013-12-31;6939.0;18.99794661190965;4.922349510706958
2013-12-31;7305.0;20.0;4.636316750964342
2013-12-31;7670.0;20.999315537303218;4.616841288537166
2013-12-31;8035.0;21.998631074606433;4.595635186271485
2013-12-31;8400.0;22.99794661190965;4.572852885346235
2013-12-31;8766.0;24.0;4.548521599073041
2013-12-31;9131.0;24.999315537303218;4.522960362047157
2013-12-31;9496.0;25.998631074606433;4.4961593350997475
2013-12-31;9861.0;26.99794661190965;4.468202047662229
2013-12-31;10227.0;28.0;4.439050565992897
2013-12-31;10592.0;28.999315537303218;4.40899746903507
2013-12-31;10957.0;29.998631074606433;4.377987828700469
2014-01-31;91.0;0.24914442162902123;3.3645811540305828
2014-01-31;182.0;0.49828884325804246;3.5463269028879036
2014-01-31;364.0;0.9965776865160849;3.7902201810833955
2014-01-31;365.0;0.999315537303217;3.791053344235462
2014-01-31;730.0;1.998631074606434;4.10140348181125
2014-01-31;1095.0;2.9979466119096507;4.3274051475420405
2014-01-31;1461.0;4.0;4.558784838278918
2014-01-31;1826.0;4.999315537303217;4.794867093244726
2014-01-31;2191.0;5.9986310746064335;4.959980668562447
2014-01-31;2556.0;6.997946611909651;5.129956287368187
2014-01-31;2922.0;8.0;5.30567224516163
2014-01-31;3287.0;8.999315537303216;5.486655295477161
2014-01-31;3652.0;9.998631074606434;5.674125334807489
2014-01-31;4017.0;10.99794661190965;5.776668832001541
2014-01-31;4383.0;12.0;5.884170353893592
2014-01-31;4748.0;12.999315537303216;5.996135160403759
2014-01-31;5113.0;13.998631074606434;6.113215863187849
2014-01-31;5478.0;14.99794661190965;6.235838929477588
2014-01-31;5844.0;16.0;5.890350463014782
2014-01-31;6209.0;16.999315537303218;5.561888887198907
2014-01-31;6574.0;17.998631074606433;5.247941252151778
2014-01-31;6939.0;18.99794661190965;4.947298646286269
2014-01-31;7305.0;20.0;4.658210790923878
2014-01-31;7670.0;20.999315537303218;4.6381101247571666
2014-01-31;8035.0;21.998631074606433;4.616422440708412
2014-01-31;8400.0;22.99794661190965;4.59328430265995
2014-01-31;8766.0;24.0;4.568710029000478
2014-01-31;9131.0;24.999315537303218;4.543001439318051
2014-01-31;9496.0;25.998631074606433;4.516139887128889
2014-01-31;9861.0;26.99794661190965;4.488199326516784
2014-01-31;10227.0;28.0;4.459135789549085
2014-01-31;10592.0;28.999315537303218;4.4292296580583645
2014-01-31;10957.0;29.998631074606433;4.3984218201679415
2014-02-28;91.0;0.24914442162902123;3.2990838616693994
2014-02-28;182.0;0.49828884325804246;3.3960252539538804
2014-02-28;364.0;0.9965776865160849;3.579584356186078
2014-02-28;365.0;0.999315537303217;3.5803695147236914
2014-02-28;730.0;1.998631074606434;3.872509169023841
2014-02-28;1095.0;2.9979466119096507;4.112891921567163
2014-02-28;1461.0;4.0;4.358749160390696
2014-02-28;1826.0;4.999315537303217;4.609467083145291
2014-02-28;2191.0;5.9986310746064335;4.778415888205578
2014-02-28;2556.0;6.997946611909651;4.952262810145092
2014-02-28;2922.0;8.0;5.131895259972197
2014-02-28;3287.0;8.999315537303216;5.316823586877195
2014-02-28;3652.0;9.998631074606434;5.5082878122711065
2014-02-28;4017.0;10.99794661190965;5.644701450919953
2014-02-28;4383.0;12.0;5.787242096648271
2014-02-28;4748.0;12.999315537303216;5.935532025211354
2014-02-28;5113.0;13.998631074606434;6.090663955705344
2014-02-28;5478.0;14.99794661190965;6.253453781278506
2014-02-28;5844.0;16.0;5.912136218166197
2014-02-28;6209.0;16.999315537303218;5.587916228375933
2014-02-28;6574.0;17.998631074606433;5.278223684974659
2014-02-28;6939.0;18.99794661190965;4.9817893377235745
2014-02-28;7305.0;20.0;4.6968349435495105
2014-02-28;7670.0;20.999315537303218;4.675084994260015
2014-02-28;8035.0;21.998631074606433;4.651970207308831
2014-02-28;8400.0;22.99794661190965;4.627599012365513
2014-02-28;8766.0;24.0;4.601963620279914
2014-02-28;9131.0;24.999315537303218;4.575342967244711
2014-02-28;9496.0;25.998631074606433;4.547702885095672
2014-02-28;9861.0;26.99794661190965;4.519102702844724
2014-02-28;10227.0;28.0;4.489487433067141
2014-02-28;10592.0;28.999315537303218;4.459123030685386
2014-02-28;10957.0;29.998631074606433;4.4279423362357795
2014-03-31;91.0;0.24914442162902123;3.3085589858042885
2014-03-31;182.0;0.49828884325804246;3.3529688730286433
2014-03-31;364.0;0.9965776865160849;3.424638566273766
2014-03-31;365.0;0.999315537303217;3.4253440815103398
2014-03-31;730.0;1.998631074606434;3.687611195540108
2014-03-31;1095.0;2.9979466119096507;3.8658175168666986
2014-03-31;1461.0;4.0;4.04781382765107
2014-03-31;1826.0;4.999315537303217;4.232913955674222
2014-03-31;2191.0;5.9986310746064335;4.388994933640622
2014-03-31;2556.0;6.997946611909651;4.548902294036128
2014-03-31;2922.0;8.0;4.713497144985412
2014-03-31;3287.0;8.999315537303216;4.88232330354792
2014-03-31;3652.0;9.998631074606434;5.056450876068186
2014-03-31;4017.0;10.99794661190965;5.134868900762468
2014-03-31;4383.0;12.0;5.216848696232601
2014-03-31;4748.0;12.999315537303216;5.30188251856345
2014-03-31;5113.0;13.998631074606434;5.390335883936159
2014-03-31;5478.0;14.99794661190965;5.482387016323531
2014-03-31;5844.0;16.0;5.683003556779664
2014-03-31;6209.0;16.999315537303218;5.893302867624928
2014-03-31;6574.0;17.998631074606433;6.115761708887746
2014-03-31;6939.0;18.99794661190965;6.3526970529760085
2014-03-31;7305.0;20.0;6.607812768911536
2014-03-31;7670.0;20.999315537303218;6.312805228800844
2014-03-31;8035.0;21.998631074606433;6.033131644172451
2014-03-31;8400.0;22.99794661190965;5.767343328018137
2014-03-31;8766.0;24.0;5.513581009917234
2014-03-31;9131.0;24.999315537303218;5.272175869177498
2014-03-31;9496.0;25.998631074606433;5.041550038936893
2014-03-31;9861.0;26.99794661190965;4.820946414282989
2014-03-31;10227.0;28.0;4.609112519388647
2014-03-31;10592.0;28.999315537303218;4.4066745156357
2014-03-31;10957.0;29.998631074606433;4.2124683084727055
2014-04-30;91.0;0.24914442162902123;3.168094285930102
2014-04-30;182.0;0.49828884325804246;3.2256525826280567
2014-04-30;364.0;0.9965776865160849;3.3115833056366903
2014-04-30;365.0;0.999315537303217;3.3119789151120793
2014-04-30;730.0;1.998631074606434;3.4588754118550114
2014-04-30;1095.0;2.9979466119096507;3.657597356904363
2014-04-30;1461.0;4.0;3.860079633134994
2014-04-30;1826.0;4.999315537303217;4.065830396397563
2014-04-30;2191.0;5.9986310746064335;4.182098356697672
2014-04-30;2556.0;6.997946611909651;4.301330105179679
2014-04-30;2922.0;8.0;4.423940847953212
2014-04-30;3287.0;8.999315537303216;4.5494075413399
2014-04-30;3652.0;9.998631074606434;4.678360035129803
2014-04-30;4017.0;10.99794661190965;4.811838280234149
2014-04-30;4383.0;12.0;4.9499919971584205
2014-04-30;4748.0;12.999315537303216;5.092495823354226
2014-04-30;5113.0;13.998631074606434;5.240342737074966
2014-04-30;5478.0;14.99794661190965;5.394216806723917
2014-04-30;5844.0;16.0;5.57273925593913
2014-04-30;6209.0;16.999315537303218;5.75965651765038
2014-04-30;6574.0;17.998631074606433;5.95695430010057
2014-04-30;6939.0;18.99794661190965;6.1664020557653965
2014-04-30;7305.0;20.0;6.390905514281653
2014-04-30;7670.0;20.999315537303218;6.144488678028659
2014-04-30;8035.0;21.998631074606433;5.909292188853743
2014-04-30;8400.0;22.99794661190965;5.684246400751225
2014-04-30;8766.0;24.0;5.467926486935837
2014-04-30;9131.0;24.999315537303218;5.260739993298813
2014-04-30;9496.0;25.998631074606433;5.061489879712933
2014-04-30;9861.0;26.99794661190965;4.86965873771088
2014-04-30;10227.0;28.0;4.684291600480428
2014-04-30;10592.0;28.999315537303218;4.506050573902942
2014-04-30;10957.0;29.998631074606433;4.334045846381529
2014-05-30;91.0;0.24914442162902123;3.172588154725822
2014-05-30;182.0;0.49828884325804246;3.1906554224879686
2014-05-30;364.0;0.9965776865160849;3.2695672571158583
2014-05-30;365.0;0.999315537303217;3.2700535143777465
2014-05-30;730.0;1.998631074606434;3.4506022211232334
2014-05-30;1095.0;2.9979466119096507;3.6211411815968653
2014-05-30;1461.0;4.0;3.7949261092111053
2014-05-30;1826.0;4.999315537303217;3.971389888244836
2014-05-30;2191.0;5.9986310746064335;4.0743791831474585
2014-05-30;2556.0;6.997946611909651;4.17986315717136
2014-05-30;2922.0;8.0;4.288188966531115
2014-05-30;3287.0;8.999315537303216;4.39886854630549
2014-05-30;3652.0;9.998631074606434;4.512423060138682
2014-05-30;4017.0;10.99794661190965;4.629665208373646
2014-05-30;4383.0;12.0;4.750728815515837
2014-05-30;4748.0;12.999315537303216;4.875267833075347
2014-05-30;5113.0;13.998631074606434;5.0040738386594175
2014-05-30;5478.0;14.99794661190965;5.137649180166881
2014-05-30;5844.0;16.0;5.383400674384231
2014-05-30;6209.0;16.999315537303218;5.642174738863437
2014-05-30;6574.0;17.998631074606433;5.917492735396612
2014-05-30;6939.0;18.99794661190965;6.2129106458684635
2014-05-30;7305.0;20.0;6.534045358213536
2014-05-30;7670.0;20.999315537303218;6.272195379736134
2014-05-30;8035.0;21.998631074606433;6.0232337465911945
2014-05-30;8400.0;22.99794661190965;5.785889112428544
2014-05-30;8766.0;24.0;5.558547605131969
2014-05-30;9131.0;24.999315537303218;5.341508046830468
2014-05-30;9496.0;25.998631074606433;5.133425948566783
2014-05-30;9861.0;26.99794661190965;4.933673197446642
2014-05-30;10227.0;28.0;4.741185008802229
2014-05-30;10592.0;28.999315537303218;4.556564597751289
2014-05-30;10957.0;29.998631074606433;4.378831626309165
2014-06-30;91.0;0.24914442162902123;3.1640425361823405
2014-06-30;182.0;0.49828884325804246;3.180135503626496
2014-06-30;364.0;0.9965776865160849;3.245749440754067
2014-06-30;365.0;0.999315537303217;3.2461246524543963
2014-06-30;730.0;1.998631074606434;3.385396674370411
2014-06-30;1095.0;2.9979466119096507;3.5277701667187245
2014-06-30;1461.0;4.0;3.6726908701428584
2014-06-30;1826.0;4.999315537303217;3.819649483356957
2014-06-30;2191.0;5.9986310746064335;3.9569811192384563
2014-06-30;2556.0;6.997946611909651;4.097178218385733
2014-06-30;2922.0;8.0;4.2409719911383315
2014-06-30;3287.0;8.999315537303216;4.387915162214195
2014-06-30;3652.0;9.998631074606434;4.538856284412707
2014-06-30;4017.0;10.99794661190965;4.662454660639681
2014-06-30;4383.0;12.0;4.7903762610710166
2014-06-30;4748.0;12.999315537303216;4.922239941105655
2014-06-30;5113.0;13.998631074606434;5.058893823052357
2014-06-30;5478.0;14.99794661190965;5.200892251144973
2014-06-30;5844.0;16.0;5.362530955007583
2014-06-30;6209.0;16.999315537303218;5.531252880141602
2014-06-30;6574.0;17.998631074606433;5.708678967243697
2014-06-30;6939.0;18.99794661190965;5.896177744695752
2014-06-30;7305.0;20.0;6.096055402427525
2014-06-30;7670.0;20.999315537303218;5.907211235564613
2014-06-30;8035.0;21.998631074606433;5.725533187519605
2014-06-30;8400.0;22.99794661190965;5.550280539503016
2014-06-30;8766.0;24.0;5.380433872942003
2014-06-30;9131.0;24.999315537303218;5.216385334678186
2014-06-30;9496.0;25.998631074606433;5.05729396201966
2014-06-30;9861.0;26.99794661190965;4.902839509126888
2014-06-30;10227.0;28.0;4.7523483407033495
2014-06-30;10592.0;28.999315537303218;4.606440045352533
2014-06-30;10957.0;29.998631074606433;4.464494041662981
2014-07-31;91.0;0.24914442162902123;3.1356818478210653
2014-07-31;182.0;0.49828884325804246;3.1267142371776226
2014-07-31;364.0;0.9965776865160849;3.2008720768944845
2014-07-31;365.0;0.999315537303217;3.2012782166591647
2014-07-31;730.0;1.998631074606434;3.3520055673142313
2014-07-31;1095.0;2.9979466119096507;3.5151759463548427
2014-07-31;1461.0;4.0;3.6813067943025413
2014-07-31;1826.0;4.999315537303217;3.8498696117290176
2014-07-31;2191.0;5.9986310746064335;3.9743940940162537
2014-07-31;2556.0;6.997946611909651;4.101676366826412
2014-07-31;2922.0;8.0;4.232282584768021
2014-07-31;3287.0;8.999315537303216;4.365734143331057
2014-07-31;3652.0;9.998631074606434;4.502745293174915
2014-07-31;4017.0;10.99794661190965;4.634569606552241
2014-07-31;4383.0;12.0;4.7709021363993465
2014-07-31;4748.0;12.999315537303216;4.911397501608383
2014-07-31;5113.0;13.998631074606434;5.057006709048051
2014-07-31;5478.0;14.99794661190965;5.208371697360126
2014-07-31;5844.0;16.0;5.401836942596749
2014-07-31;6209.0;16.999315537303218;5.604481183177357
2014-07-31;6574.0;17.998631074606433;5.818555706597195
2014-07-31;6939.0;18.99794661190965;6.0461189763528544
2014-07-31;7305.0;20.0;6.290514608818865
2014-07-31;7670.0;20.999315537303218;6.070233495536037
2014-07-31;8035.0;21.998631074606433;5.859398110310532
2014-07-31;8400.0;22.99794661190965;5.657066014714784
2014-07-31;8766.0;24.0;5.461985127226088
2014-07-31;9131.0;24.999315537303218;5.274531595736831
2014-07-31;9496.0;25.998631074606433;5.093667297911275
2014-07-31;9861.0;26.99794661190965;4.918957983137817
2014-07-31;10227.0;28.0;4.749576342129158
2014-07-31;10592.0;28.999315537303218;4.586154155542976
2014-07-31;10957.0;29.998631074606433;4.427927463910697
2014-08-29;91.0;0.24914442162902123;3.1202150455091613
2014-08-29;182.0;0.49828884325804246;3.151730061236228
2014-08-29;364.0;0.9965776865160849;3.1695110252864325
2014-08-29;365.0;0.999315537303217;3.170022891346136
2014-08-29;730.0;1.998631074606434;3.3599956488813643
2014-08-29;1095.0;2.9979466119096507;3.535674740065975
2014-08-29;1461.0;4.0;3.7146716130249224
2014-08-29;1826.0;4.999315537303217;3.896404649913121
2014-08-29;2191.0;5.9986310746064335;4.019721857566982
2014-08-29;2556.0;6.997946611909651;4.1458942820995714
2014-08-29;2922.0;8.0;4.275447702672097
2014-08-29;3287.0;8.999315537303216;4.407885785719956
2014-08-29;3652.0;9.998631074606434;4.543906432159162
2014-08-29;4017.0;10.99794661190965;4.685577736600366
2014-08-29;4383.0;12.0;4.832172109812194
2014-08-29;4748.0;12.999315537303216;4.9833753468971675
2014-08-29;5113.0;13.998631074606434;5.1402690242895455
2014-08-29;5478.0;14.99794661190965;5.3036136498498365
2014-08-29;5844.0;16.0;5.469412801478768
2014-08-29;6209.0;16.999315537303218;5.642787788838133
2014-08-29;6574.0;17.998631074606433;5.825457274151424
2014-08-29;6939.0;18.99794661190965;6.018899630502017
2014-08-29;7305.0;20.0;6.225592612300868
2014-08-29;7670.0;20.999315537303218;6.013012698896714
2014-08-29;8035.0;21.998631074606433;5.809179917518303
2014-08-29;8400.0;22.99794661190965;5.613227458154935
2014-08-29;8766.0;24.0;5.42397852685037
2014-08-29;9131.0;24.999315537303218;5.241840265012931
2014-08-29;9496.0;25.998631074606433;5.0658347840627505
2014-08-29;9861.0;26.99794661190965;4.895569541686107
2014-08-29;10227.0;28.0;4.730262939137875
2014-08-29;10592.0;28.999315537303218;4.570561312384647
2014-08-29;10957.0;29.998631074606433;4.415740254630673
2014-09-30;91.0;0.24914442162902123;2.941030429050668
2014-09-30;182.0;0.49828884325804246;2.9740471148117416
2014-09-30;364.0;0.9965776865160849;2.9777408174837317
2014-09-30;365.0;0.999315537303217;2.9781623206846186
2014-09-30;730.0;1.998631074606434;3.13442395173682
2014-09-30;1095.0;2.9979466119096507;3.356992168979711
2014-09-30;1461.0;4.0;3.583640507649788
2014-09-30;1826.0;4.999315537303217;3.8138699486336414
2014-09-30;2191.0;5.9986310746064335;3.9546308067550218
2014-09-30;2556.0;6.997946611909651;4.09881413047819
2014-09-30;2922.0;8.0;4.247029695074311
2014-09-30;3287.0;8.999315537303216;4.398736809040171
2014-09-30;3652.0;9.998631074606434;4.554778252758251
2014-09-30;4017.0;10.99794661190965;4.669133265686409
2014-09-30;4383.0;12.0;4.787651777342705
2014-09-30;4748.0;12.999315537303216;4.909904435185775
2014-09-30;5113.0;13.998631074606434;5.036621626337245
2014-09-30;5478.0;14.99794661190965;5.168259634426153
2014-09-30;5844.0;16.0;5.296199852864003
2014-09-30;6209.0;16.999315537303218;5.429379717613747
2014-09-30;6574.0;17.998631074606433;5.568870159879324
2014-09-30;6939.0;18.99794661190965;5.715481629079422
2014-09-30;7305.0;20.0;5.870684727035225
2014-09-30;7670.0;20.999315537303218;5.9124084761636775
2014-09-30;8035.0;21.998631074606433;5.957524975812456
2014-09-30;8400.0;22.99794661190965;6.006076740849808
2014-09-30;8766.0;24.0;6.058364916121706
2014-09-30;9131.0;24.999315537303218;6.114122326262139
2014-09-30;9496.0;25.998631074606433;6.173756600530189
2014-09-30;9861.0;26.99794661190965;6.237524603451927
2014-09-30;10227.0;28.0;6.305999807607021
2014-09-30;10592.0;28.999315537303218;6.37906927975902
2014-09-30;10957.0;29.998631074606433;6.457463839731092
2014-10-31;91.0;0.24914442162902123;2.860883458351135
2014-10-31;182.0;0.49828884325804246;2.8952379717099324
2014-10-31;364.0;0.9965776865160849;2.9509757338682427
2014-10-31;365.0;0.999315537303217;2.951105647906438
2014-10-31;730.0;1.998631074606434;2.9992355361358136
2014-10-31;1095.0;2.9979466119096507;3.1232993149510335
2014-10-31;1461.0;4.0;3.249184756744672
2014-10-31;1826.0;4.999315537303217;3.376509693350682
2014-10-31;2191.0;5.9986310746064335;3.4839296153687416
2014-10-31;2556.0;6.997946611909651;3.593288018934504
2014-10-31;2922.0;8.0;3.7050708406779043
2014-10-31;3287.0;8.999315537303216;3.8188462129437273
2014-10-31;3652.0;9.998631074606434;3.9351732014323515
2014-10-31;4017.0;10.99794661190965;4.057244367885238
2014-10-31;4383.0;12.0;4.182905087051547
2014-10-31;4748.0;12.999315537303216;4.311795702902144
2014-10-31;5113.0;13.998631074606434;4.444712701168441
2014-10-31;5478.0;14.99794661190965;4.582147655943025
2014-10-31;5844.0;16.0;4.667678796485086
2014-10-31;6209.0;16.999315537303218;4.756204289139165
2014-10-31;6574.0;17.998631074606433;4.84822601999193
2014-10-31;6939.0;18.99794661190965;4.944029136917738
2014-10-31;7305.0;20.0;5.044278443262162
2014-10-31;7670.0;20.999315537303218;5.211490127552376
2014-10-31;8035.0;21.998631074606433;5.388155029662034
2014-10-31;8400.0;22.99794661190965;5.575891668862898
2014-10-31;8766.0;24.0;5.777339825681693
2014-10-31;9131.0;24.999315537303218;5.993791058820519
2014-10-31;9496.0;25.998631074606433;6.2291266359466135
2014-10-31;9861.0;26.99794661190965;6.487652488716034
2014-10-31;10227.0;28.0;6.776138549711841
2014-10-31;10592.0;28.999315537303218;7.100958455771544
2014-10-31;10957.0;29.998631074606433;7.474926611640642
2014-11-28;91.0;0.24914442162902123;2.821179362402593
2014-11-28;182.0;0.49828884325804246;2.815019275753364
2014-11-28;364.0;0.9965776865160849;2.8374414591915764
2014-11-28;365.0;0.999315537303217;2.8377630326982484
2014-11-28;730.0;1.998631074606434;2.956873672334326
2014-11-28;1095.0;2.9979466119096507;3.061612968863181
2014-11-28;1461.0;4.0;3.1680077239444326
2014-11-28;1826.0;4.999315537303217;3.275602781443454
2014-11-28;2191.0;5.9986310746064335;3.358877957014883
2014-11-28;2556.0;6.997946611909651;3.4435975802271868
2014-11-28;2922.0;8.0;3.5300800773273355
2014-11-28;3287.0;8.999315537303216;3.6179399073777097
2014-11-28;3652.0;9.998631074606434;3.70755768345159
2014-11-28;4017.0;10.99794661190965;3.8190787241785484
2014-11-28;4383.0;12.0;3.933534188488008
2014-11-28;4748.0;12.999315537303216;4.050579896654782
2014-11-28;5113.0;13.998631074606434;4.170900276504419
2014-11-28;5478.0;14.99794661190965;4.2948895247711505
2014-11-28;5844.0;16.0;4.418319768592371
2014-11-28;6209.0;16.999315537303218;4.545776140756619
2014-11-28;6574.0;17.998631074606433;4.678172075748721
2014-11-28;6939.0;18.99794661190965;4.816142197737694
2014-11-28;7305.0;20.0;4.960880211550478
2014-11-28;7670.0;20.999315537303218;5.147172937562017
2014-11-28;8035.0;21.998631074606433;5.3447134106218375
2014-11-28;8400.0;22.99794661190965;5.555553590515228
2014-11-28;8766.0;24.0;5.782998653962501
2014-11-28;9131.0;24.999315537303218;6.028982345390244
2014-11-28;9496.0;25.998631074606433;6.298593092186433
2014-11-28;9861.0;26.99794661190965;6.597786500268099
2014-11-28;10227.0;28.0;6.936002804656161
2014-11-28;10592.0;28.999315537303218;7.323312564621909
2014-11-28;10957.0;29.998631074606433;7.779462784033875
2014-12-31;91.0;0.24914442162902123;2.571236784792106
2014-12-31;182.0;0.49828884325804246;2.573249864098034
2014-12-31;364.0;0.9965776865160849;2.6271953783413466
2014-12-31;365.0;0.999315537303217;2.6275366192536342
2014-12-31;730.0;1.998631074606434;2.75380557941729
2014-12-31;1095.0;2.9979466119096507;2.9162554913638505
2014-12-31;1461.0;4.0;3.08125769079719
2014-12-31;1826.0;4.999315537303217;3.2482896867969346
2014-12-31;2191.0;5.9986310746064335;3.290883433387859
2014-12-31;2556.0;6.997946611909651;3.3347674872655997
2014-12-31;2922.0;8.0;3.379859993238421
2014-12-31;3287.0;8.999315537303216;3.4257998524488187
2014-12-31;3652.0;9.998631074606434;3.4726824630843423
2014-12-31;4017.0;10.99794661190965;3.6304723854059473
2014-12-31;4383.0;12.0;3.7925353335205525
2014-12-31;4748.0;12.999315537303216;3.9586128951278887
2014-12-31;5113.0;13.998631074606434;4.129887669319099
2014-12-31;5478.0;14.99794661190965;4.307172932855385
2014-12-31;5844.0;16.0;4.377320682445229
2014-12-31;6209.0;16.999315537303218;4.449940842804789
2014-12-31;6574.0;17.998631074606433;4.525369716733563
2014-12-31;6939.0;18.99794661190965;4.603758240109768
2014-12-31;7305.0;20.0;4.685565374903677
2014-12-31;7670.0;20.999315537303218;4.779191638912406
2014-12-31;8035.0;21.998631074606433;4.876917738961084
2014-12-31;8400.0;22.99794661190965;4.979173890664734
2014-12-31;8766.0;24.0;5.086815730077632
2014-12-31;9131.0;24.999315537303218;5.199759488542655
2014-12-31;9496.0;25.998631074606433;5.319071747648252
2014-12-31;9861.0;26.99794661190965;5.44562183963051
2014-12-31;10227.0;28.0;5.58090593402123
2014-12-31;10592.0;28.999315537303218;5.7253473304768265
2014-12-31;10957.0;29.998631074606433;5.880987615564348
2015-01-30;91.0;0.24914442162902123;2.4946541734922953
2015-01-30;182.0;0.49828884325804246;2.5407498390053997
2015-01-30;364.0;0.9965776865160849;2.5867131484317847
2015-01-30;365.0;0.999315537303217;2.586704093388237
2015-01-30;730.0;1.998631074606434;2.583356312053242
2015-01-30;1095.0;2.9979466119096507;2.7137340394511433
2015-01-30;1461.0;4.0;2.8457754069000973
2015-01-30;1826.0;4.999315537303217;2.9791252642137778
2015-01-30;2191.0;5.9986310746064335;3.0370350888337505
2015-01-30;2556.0;6.997946611909651;3.096070307275678
2015-01-30;2922.0;8.0;3.1563373272261552
2015-01-30;3287.0;8.999315537303216;3.2174868378970656
2015-01-30;3652.0;9.998631074606434;3.2797223478971738
2015-01-30;4017.0;10.99794661190965;3.4182280659169395
2015-01-30;4383.0;12.0;3.560217822076517
2015-01-30;4748.0;12.999315537303216;3.7053705092926714
2015-01-30;5113.0;13.998631074606434;3.8546181668473567
2015-01-30;5478.0;14.99794661190965;4.008548338049378
2015-01-30;5844.0;16.0;4.062079270392194
2015-01-30;6209.0;16.999315537303218;4.117438078078273
2015-01-30;6574.0;17.998631074606433;4.174824410288691
2015-01-30;6939.0;18.99794661190965;4.234291638619547
2015-01-30;7305.0;20.0;4.2961230616804125
2015-01-30;7670.0;20.999315537303218;4.441646994149928
2015-01-30;8035.0;21.998631074606433;4.593886063237629
2015-01-30;8400.0;22.99794661190965;4.753875418317288
2015-01-30;8766.0;24.0;4.92338256749667
2015-01-30;9131.0;24.999315537303218;5.10289900935359
2015-01-30;9496.0;25.998631074606433;5.294823105138846
2015-01-30;9861.0;26.99794661190965;5.501537639161858
2015-01-30;10227.0;28.0;5.726827339163587
2015-01-30;10592.0;28.999315537303218;5.973337758673836
2015-01-30;10957.0;29.998631074606433;6.247225539570245
2015-02-27;91.0;0.24914442162902123;2.502982140037478
2015-02-27;182.0;0.49828884325804246;2.5492949844527835
2015-02-27;364.0;0.9965776865160849;2.5328748171855433
2015-02-27;365.0;0.999315537303217;2.5331558852820235
2015-02-27;730.0;1.998631074606434;2.6370991238877206
2015-02-27;1095.0;2.9979466119096507;2.7351623490590615
2015-02-27;1461.0;4.0;2.8346287081565613
2015-02-27;1826.0;4.999315537303217;2.935070555066477
2015-02-27;2191.0;5.9986310746064335;2.9974395031684864
2015-02-27;2556.0;6.997946611909651;3.0608359370111415
2015-02-27;2922.0;8.0;3.125441450075117
2015-02-27;3287.0;8.999315537303216;3.190923429363157
2015-02-27;3652.0;9.998631074606434;3.2575240986839615
2015-02-27;4017.0;10.99794661190965;3.3811134645444385
2015-02-27;4383.0;12.0;3.507666080906202
2015-02-27;4748.0;12.999315537303216;3.636846204783817
2015-02-27;5113.0;13.998631074606434;3.769429975188743
2015-02-27;5478.0;14.99794661190965;3.9058747204397504
2015-02-27;5844.0;16.0;3.9673042440764306
2015-02-27;6209.0;16.999315537303218;4.030565886682558
2015-02-27;6574.0;17.998631074606433;4.095927275401934
2015-02-27;6939.0;18.99794661190965;4.163488739208532
2015-02-27;7305.0;20.0;4.233601657723285
2015-02-27;7670.0;20.999315537303218;4.388288759935954
2015-02-27;8035.0;21.998631074606433;4.550294708934599
2015-02-27;8400.0;22.99794661190965;4.720791767479371
2015-02-27;8766.0;24.0;4.901755584273304
2015-02-27;9131.0;24.999315537303218;5.0938404025064665
2015-02-27;9496.0;25.998631074606433;5.299777584427945
2015-02-27;9861.0;26.99794661190965;5.522360422633477
2015-02-27;10227.0;28.0;5.766005270928898
2015-02-27;10592.0;28.999315537303218;6.0340791366593205
2015-02-27;10957.0;29.998631074606433;6.334033470732847
2015-03-31;91.0;0.24914442162902123;2.564842854585609
2015-03-31;182.0;0.49828884325804246;2.611205767357196
2015-03-31;364.0;0.9965776865160849;2.646731647511448
2015-03-31;365.0;0.999315537303217;2.6470632420212414
2015-03-31;730.0;1.998631074606434;2.7697723947825326
2015-03-31;1095.0;2.9979466119096507;2.9175878496044305
2015-03-31;1461.0;4.0;3.067696448255486
2015-03-31;1826.0;4.999315537303217;3.2195876083485064
2015-03-31;2191.0;5.9986310746064335;3.22660453195871
2015-03-31;2556.0;6.997946611909651;3.2345674858237583
2015-03-31;2922.0;8.0;3.2431987194263323
2015-03-31;3287.0;8.999315537303216;3.2522720069363187
2015-03-31;3652.0;9.998631074606434;3.261717454740931
2015-03-31;4017.0;10.99794661190965;3.368510991506435
2015-03-31;4383.0;12.0;3.4774732678899856
2015-03-31;4748.0;12.999315537303216;3.5883242819524597
2015-03-31;5113.0;13.998631074606434;3.701708585513952
2015-03-31;5478.0;14.99794661190965;3.817980491006101
2015-03-31;5844.0;16.0;3.94173610572639
2015-03-31;6209.0;16.999315537303218;4.068995880202642
2015-03-31;6574.0;17.998631074606433;4.20063274215785
2015-03-31;6939.0;18.99794661190965;4.337232066024588
2015-03-31;7305.0;20.0;4.479903975190158
2015-03-31;7670.0;20.999315537303218;4.60831794864438
2015-03-31;8035.0;21.998631074606433;4.742718265861168
2015-03-31;8400.0;22.99794661190965;4.883924852262678
2015-03-31;8766.0;24.0;5.033392319705299
2015-03-31;9131.0;24.999315537303218;5.191381772768966
2015-03-31;9496.0;25.998631074606433;5.359821115187424
2015-03-31;9861.0;26.99794661190965;5.540534040955469
2015-03-31;10227.0;28.0;5.7364600115829445
2015-03-31;10592.0;28.999315537303218;5.9493381574987625
2015-03-31;10957.0;29.998631074606433;6.183700699382055
2015-04-30;91.0;0.24914442162902123;2.6213291787491153
2015-04-30;182.0;0.49828884325804246;2.640683985965697
2015-04-30;364.0;0.9965776865160849;2.712009018776998
2015-04-30;365.0;0.999315537303217;2.7125350941089366
2015-04-30;730.0;1.998631074606434;2.907346541865663
2015-04-30;1095.0;2.9979466119096507;3.0260743316686156
2015-04-30;1461.0;4.0;3.1468324784141632
2015-04-30;1826.0;4.999315537303217;3.269045821183547
2015-04-30;2191.0;5.9986310746064335;3.350159290633936
2015-04-30;2556.0;6.997946611909651;3.432783603428735
2015-04-30;2922.0;8.0;3.5171878771015574
2015-04-30;3287.0;8.999315537303216;3.602969781934151
2015-04-30;3652.0;9.998631074606434;3.6904852901668894
2015-04-30;4017.0;10.99794661190965;3.8235923354456025
2015-04-30;4383.0;12.0;3.9603454854952425
2015-04-30;4748.0;12.999315537303216;4.100421966844303
2015-04-30;5113.0;13.998631074606434;4.244729285274662
2015-04-30;5478.0;14.99794661190965;4.393844990663176
2015-04-30;5844.0;16.0;4.445621209348283
2015-04-30;6209.0;16.999315537303218;4.499428331037136
2015-04-30;6574.0;17.998631074606433;4.555454974971229
2015-04-30;6939.0;18.99794661190965;4.6137495325193845
2015-04-30;7305.0;20.0;4.674595080457555
2015-04-30;7670.0;20.999315537303218;4.763047192959302
2015-04-30;8035.0;21.998631074606433;4.855160239838763
2015-04-30;8400.0;22.99794661190965;4.951316763641023
2015-04-30;8766.0;24.0;5.0522865026845665
2015-04-30;9131.0;24.999315537303218;5.157955428959515
2015-04-30;9496.0;25.998631074606433;5.269266858180122
2015-04-30;9861.0;26.99794661190965;5.3869632468317885
2015-04-30;10227.0;28.0;5.512342907472179
2015-04-30;10592.0;28.999315537303218;5.645685009298185
2015-04-30;10957.0;29.998631074606433;5.788719106351303
2015-05-29;91.0;0.24914442162902123;2.57150520797864
2015-05-29;182.0;0.49828884325804246;2.579087062751772
2015-05-29;364.0;0.9965776865160849;2.6530852540632224
2015-05-29;365.0;0.999315537303217;2.6536807900504167
2015-05-29;730.0;1.998631074606434;2.8741785868422687
2015-05-29;1095.0;2.9979466119096507;3.0050424122257446
2015-05-29;1461.0;4.0;3.138176364676415
2015-05-29;1826.0;4.999315537303217;3.2729601960624466
2015-05-29;2191.0;5.9986310746064335;3.3591517284567773
2015-05-29;2556.0;6.997946611909651;3.446998620096675
2015-05-29;2922.0;8.0;3.5367847391099883
2015-05-29;3287.0;8.999315537303216;3.6280842264774904
2015-05-29;3652.0;9.998631074606434;3.7212818615226073
2015-05-29;4017.0;10.99794661190965;3.828142564976589
2015-05-29;4383.0;12.0;3.9378570954356817
2015-05-29;4748.0;12.999315537303216;4.050068367021198
2015-05-29;5113.0;13.998631074606434;4.165412166691018
2015-05-29;5478.0;14.99794661190965;4.284245003852316
2015-05-29;5844.0;16.0;4.360949439629547
2015-05-29;6209.0;16.999315537303218;4.440030228602221
2015-05-29;6574.0;17.998631074606433;4.521899919161321
2015-05-29;6939.0;18.99794661190965;4.606769290589052
2015-05-29;7305.0;20.0;4.695169495941953
2015-05-29;7670.0;20.999315537303218;4.782927702059836
2015-05-29;8035.0;21.998631074606433;4.874403252946591
2015-05-29;8400.0;22.99794661190965;4.969972406642831
2015-05-29;8766.0;24.0;5.0704003088036576
2015-05-29;9131.0;24.999315537303218;5.175567960914096
2015-05-29;9496.0;25.998631074606433;5.286416036856689
2015-05-29;9861.0;26.99794661190965;5.403684672308828
2015-05-29;10227.0;28.0;5.528671143621788
2015-05-29;10592.0;28.999315537303218;5.661652835580622
2015-05-29;10957.0;29.998631074606433;5.804359922255231
2015-06-30;91.0;0.24914442162902123;2.5165188298414867
2015-06-30;182.0;0.49828884325804246;2.549339784699927
2015-06-30;364.0;0.9965776865160849;2.575271682412197
2015-06-30;365.0;0.999315537303217;2.5755496619551232
2015-06-30;730.0;1.998631074606434;2.6783716476596053
2015-06-30;1095.0;2.9979466119096507;2.821409247275497
2015-06-30;1461.0;4.0;2.9665718759615434
2015-06-30;1826.0;4.999315537303217;3.1133726814750684
2015-06-30;2191.0;5.9986310746064335;3.2195434036790482
2015-06-30;2556.0;6.997946611909651;3.3276200424529723
2015-06-30;2922.0;8.0;3.4380360572694224
2015-06-30;3287.0;8.999315537303216;3.550333409569628
2015-06-30;3652.0;9.998631074606434;3.6650383194264835
2015-06-30;4017.0;10.99794661190965;3.7581611145906413
2015-06-30;4383.0;12.0;3.853868320860232
2015-06-30;4748.0;12.999315537303216;3.951767967610187
2015-06-30;5113.0;13.998631074606434;4.052353261651742
2015-06-30;5478.0;14.99794661190965;4.155871896862795
2015-06-30;5844.0;16.0;4.264116444447619
2015-06-30;6209.0;16.999315537303218;4.375639480408733
2015-06-30;6574.0;17.998631074606433;4.491164602151931
2015-06-30;6939.0;18.99794661190965;4.61115361939084
2015-06-30;7305.0;20.0;4.73653214094103
2015-06-30;7670.0;20.999315537303218;4.822297311522772
2015-06-30;8035.0;21.998631074606433;4.911926045087567
2015-06-30;8400.0;22.99794661190965;5.00577509510669
2015-06-30;8766.0;24.0;5.104594107810301
2015-06-30;9131.0;24.999315537303218;5.208248177400732
2015-06-30;9496.0;25.998631074606433;5.317666862515824
2015-06-30;9861.0;26.99794661190965;5.433579660678856
2015-06-30;10227.0;28.0;5.5572750293582995
2015-06-30;10592.0;28.999315537303218;5.689020118848531
2015-06-30;10957.0;29.998631074606433;5.830537529529067
2015-07-31;91.0;0.24914442162902123;2.531246528827357
2015-07-31;182.0;0.49828884325804246;2.5575264158679074
2015-07-31;364.0;0.9965776865160849;2.635350308353873
2015-07-31;365.0;0.999315537303217;2.635613626556843
2015-07-31;730.0;1.998631074606434;2.7330387711129056
2015-07-31;1095.0;2.9979466119096507;2.8709966368780426
2015-07-31;1461.0;4.0;3.0110081171487613
2015-07-31;1826.0;4.999315537303217;3.1525997283591733
2015-07-31;2191.0;5.9986310746064335;3.246809847303833
2015-07-31;2556.0;6.997946611909651;3.3427358958719733
2015-07-31;2922.0;8.0;3.440724651572591
2015-07-31;3287.0;8.999315537303216;3.5403383257227583
2015-07-31;3652.0;9.998631074606434;3.642016046238883
2015-07-31;4017.0;10.99794661190965;3.7388736538394696
2015-07-31;4383.0;12.0;3.8383149637122527
2015-07-31;4748.0;12.999315537303216;3.939966245278015
2015-07-31;5113.0;13.998631074606434;4.044360908837952
2015-07-31;5478.0;14.99794661190965;4.151776131896212
2015-07-31;5844.0;16.0;4.252903282807807
2015-07-31;6209.0;16.999315537303218;4.357038604189967
2015-07-31;6574.0;17.998631074606433;4.464829258171887
2015-07-31;6939.0;18.99794661190965;4.5766718379079085
2015-07-31;7305.0;20.0;4.693389157423944
2015-07-31;7670.0;20.999315537303218;4.783925251377519
2015-07-31;8035.0;21.998631074606433;4.878456487042082
2015-07-31;8400.0;22.99794661190965;4.977382639209416
2015-07-31;8766.0;24.0;5.08151541786952
2015-07-31;9131.0;24.999315537303218;5.190748717296789
2015-07-31;9496.0;25.998631074606433;5.3060915742300985
2015-07-31;9861.0;26.99794661190965;5.428353791438534
2015-07-31;10227.0;28.0;5.558943278701611
2015-07-31;10592.0;28.999315537303218;5.698214793462308
2015-07-31;10957.0;29.998631074606433;5.848072750615252
2015-08-31;91.0;0.24914442162902123;2.569273033711039
2015-08-31;182.0;0.49828884325804246;2.5792445719173123
2015-08-31;364.0;0.9965776865160849;2.641730441362314
2015-08-31;365.0;0.999315537303217;2.642079583582291
2015-08-31;730.0;1.998631074606434;2.7712834235490202
2015-08-31;1095.0;2.9979466119096507;2.9093027112723213
2015-08-31;1461.0;4.0;3.049461474182924
2015-08-31;1826.0;4.999315537303217;3.191248526104573
2015-08-31;2191.0;5.9986310746064335;3.280884071822898
2015-08-31;2556.0;6.997946611909651;3.372196990398457
2015-08-31;2922.0;8.0;3.4654950019249897
2015-08-31;3287.0;8.999315537303216;3.560344986677011
2015-08-31;3652.0;9.998631074606434;3.6571530465968616
2015-08-31;4017.0;10.99794661190965;3.7534507093870406
2015-08-31;4383.0;12.0;3.852294676875734
2015-08-31;4748.0;12.999315537303216;3.9533177806644115
2015-08-31;5113.0;13.998631074606434;4.057052000883421
2015-08-31;5478.0;14.99794661190965;4.16377383237041
2015-08-31;5844.0;16.0;4.250661093591357
2015-08-31;6209.0;16.999315537303218;4.34008431969275
2015-08-31;6574.0;17.998631074606433;4.43254944389051
2015-08-31;6939.0;18.99794661190965;4.5283381322789085
2015-08-31;7305.0;20.0;4.628089837454241
2015-08-31;7670.0;20.999315537303218;4.724945930319779
2015-08-31;8035.0;21.998631074606433;4.825945859710856
2015-08-31;8400.0;22.99794661190965;4.9315480165690095
2015-08-31;8766.0;24.0;5.042646662377148
2015-08-31;9131.0;24.999315537303218;5.159177687661165
2015-08-31;9496.0;25.998631074606433;5.2822560690167775
2015-08-31;9861.0;26.99794661190965;5.41280048471795
2015-08-31;10227.0;28.0;5.552379568383903
2015-08-31;10592.0;28.999315537303218;5.70147249730002
2015-08-31;10957.0;29.998631074606433;5.8622326992817
2015-09-30;91.0;0.24914442162902123;2.5677753181303182
2015-09-30;182.0;0.49828884325804246;2.5971933902491546
2015-09-30;364.0;0.9965776865160849;2.66094078089692
2015-09-30;365.0;0.999315537303217;2.661321244545256
2015-09-30;730.0;1.998631074606434;2.802137463043697
2015-09-30;1095.0;2.9979466119096507;2.928177973140067
2015-09-30;1461.0;4.0;3.0561982717658864
2015-09-30;1826.0;4.999315537303217;3.1856850553669602
2015-09-30;2191.0;5.9986310746064335;3.2789186847971497
2015-09-30;2556.0;6.997946611909651;3.373820518756099
2015-09-30;2922.0;8.0;3.4707458023315985
2015-09-30;3287.0;8.999315537303216;3.5692682598434056
2015-09-30;3652.0;9.998631074606434;3.669825532780857
2015-09-30;4017.0;10.99794661190965;3.774967962523057
2015-09-30;4383.0;12.0;3.8829258135049782
2015-09-30;4748.0;12.999315537303216;3.9933313715913243
2015-09-30;5113.0;13.998631074606434;4.106797239846793
2015-09-30;5478.0;14.99794661190965;4.223660982649502
2015-09-30;5844.0;16.0;4.314181648741799
2015-09-30;6209.0;16.999315537303218;4.407453043979603
2015-09-30;6574.0;17.998631074606433;4.504016071869232
2015-09-30;6939.0;18.99794661190965;4.604181090660209
2015-09-30;7305.0;20.0;4.708638834803969
2015-09-30;7670.0;20.999315537303218;4.790680689873983
2015-09-30;8035.0;21.998631074606433;4.876291711728076
2015-09-30;8400.0;22.99794661190965;4.965795012636587
2015-09-30;8766.0;24.0;5.059880936315597
2015-09-30;9131.0;24.999315537303218;5.1583947779047845
2015-09-30;9496.0;25.998631074606433;5.26218308483859
2015-09-30;9861.0;26.99794661190965;5.37189163888927
2015-09-30;10227.0;28.0;5.488678677213454
2015-09-30;10592.0;28.999315537303218;5.612721904564122
2015-09-30;10957.0;29.998631074606433;5.745544069011532
2015-10-30;91.0;0.24914442162902123;2.5959712564901296
2015-10-30;182.0;0.49828884325804246;2.6246857711791787
2015-10-30;364.0;0.9965776865160849;2.6557548146098537
2015-10-30;365.0;0.999315537303217;2.6561311399007748
2015-10-30;730.0;1.998631074606434;2.7954110431771984
2015-10-30;1095.0;2.9979466119096507;2.912959116609626
2015-10-30;1461.0;4.0;3.0323437368957595
2015-10-30;1826.0;4.999315537303217;3.1530636945301005
2015-10-30;2191.0;5.9986310746064335;3.251510046028505
2015-10-30;2556.0;6.997946611909651;3.3516443199907764
2015-10-30;2922.0;8.0;3.4538769279001347
2015-10-30;3287.0;8.999315537303216;3.5577832506031637
2015-10-30;3652.0;9.998631074606434;3.6638425402651498
2015-10-30;4017.0;10.99794661190965;3.7671618909364435
2015-10-30;4383.0;12.0;3.8732677552598016
2015-10-30;4748.0;12.999315537303216;3.9817860080274325
2015-10-30;5113.0;13.998631074606434;4.0933093976467605
2015-10-30;5478.0;14.99794661190965;4.208160155914764
2015-10-30;5844.0;16.0;4.302008214217601
2015-10-30;6209.0;16.999315537303218;4.39870282816901
2015-10-30;6574.0;17.998631074606433;4.498817389408494
2015-10-30;6939.0;18.99794661190965;4.602688362479634
2015-10-30;7305.0;20.0;4.7110477198526235
2015-10-30;7670.0;20.999315537303218;4.79352047050583
2015-10-30;8035.0;21.998631074606433;4.879606701410388
2015-10-30;8400.0;22.99794661190965;4.9696329483489565
2015-10-30;8766.0;24.0;5.064296538673507
2015-10-30;9131.0;24.999315537303218;5.163444304244269
2015-10-30;9496.0;25.998631074606433;5.267932934213526
2015-10-30;9861.0;26.99794661190965;5.378418290410769
2015-10-30;10227.0;28.0;5.496074746108914
2015-10-30;10592.0;28.999315537303218;5.621090380357252
2015-10-30;10957.0;29.998631074606433;5.755012684255645
2015-11-30;91.0;0.24914442162902123;2.5717204914275205
2015-11-30;182.0;0.49828884325804246;2.595402078555496
2015-11-30;364.0;0.9965776865160849;2.6395934213089665
2015-11-30;365.0;0.999315537303217;2.6400669808965604
2015-11-30;730.0;1.998631074606434;2.8153514631536147
2015-11-30;1095.0;2.9979466119096507;2.923943259673911
2015-11-30;1461.0;4.0;3.0343188003968624
2015-11-30;1826.0;4.999315537303217;3.1459430697983404
2015-11-30;2191.0;5.9986310746064335;3.2495392895988573
2015-11-30;2556.0;6.997946611909651;3.354865475203872
2015-11-30;2922.0;8.0;3.4623843426523138
2015-11-30;3287.0;8.999315537303216;3.5716720009981273
2015-11-30;3652.0;9.998631074606434;3.6832498957258597
2015-11-30;4017.0;10.99794661190965;3.7836512412118717
2015-11-30;4383.0;12.0;3.886795109743346
2015-11-30;4748.0;12.999315537303216;3.9923011556816546
2015-11-30;5113.0;13.998631074606434;4.100733712020133
2015-11-30;5478.0;14.99794661190965;4.212393804894821
2015-11-30;5844.0;16.0;4.306468119331974
2015-11-30;6209.0;16.999315537303218;4.403391032714099
2015-11-30;6574.0;17.998631074606433;4.503738961240233
2015-11-30;6939.0;18.99794661190965;4.607850963115223
2015-11-30;7305.0;20.0;4.716462357420936
2015-11-30;7670.0;20.999315537303218;4.797949439583227
2015-11-30;8035.0;21.998631074606433;4.883006835562909
2015-11-30;8400.0;22.99794661190965;4.9719528354857045
2015-11-30;8766.0;24.0;5.0654717410204775
2015-11-30;9131.0;24.999315537303218;5.163405706177748
2015-11-30;9496.0;25.998631074606433;5.266594368376731
2015-11-30;9861.0;26.99794661190965;5.375676791708783
2015-11-30;10227.0;28.0;5.491801690903864
2015-11-30;10592.0;28.999315537303218;5.615140153434917
2015-11-30;10957.0;29.998631074606433;5.747201352648812
2015-12-31;91.0;0.24914442162902123;2.5423085557734377
2015-12-31;182.0;0.49828884325804246;2.564210124010481
2015-12-31;364.0;0.9965776865160849;2.6498105579220894
2015-12-31;365.0;0.999315537303217;2.650146787513119
2015-12-31;730.0;1.998631074606434;2.774574150897835
2015-12-31;1095.0;2.9979466119096507;2.8849131412770346
2015-12-31;1461.0;4.0;2.9969346610657865
2015-12-31;1826.0;4.999315537303217;3.110166268289838
2015-12-31;2191.0;5.9986310746064335;3.204072440222361
2015-12-31;2556.0;6.997946611909651;3.2995400857187773
2015-12-31;2922.0;8.0;3.396956826113673
2015-12-31;3287.0;8.999315537303216;3.4959121971752882
2015-12-31;3652.0;9.998631074606434;3.596853919216536
2015-12-31;4017.0;10.99794661190965;3.68535666974501
2015-12-31;4383.0;12.0;3.7761718387659737
2015-12-31;4748.0;12.999315537303216;3.868932113621759
2015-12-31;5113.0;13.998631074606434;3.9640987994631782
2015-12-31;5478.0;14.99794661190965;4.061896073357052
2015-12-31;5844.0;16.0;4.18070895861915
2015-12-31;6209.0;16.999315537303218;4.3030722031891955
2015-12-31;6574.0;17.998631074606433;4.429823466663629
2015-12-31;6939.0;18.99794661190965;4.561522470630086
2015-12-31;7305.0;20.0;4.699241928406805
2015-12-31;7670.0;20.999315537303218;4.780639171565304
2015-12-31;8035.0;21.998631074606433;4.865700699245146
2015-12-31;8400.0;22.99794661190965;4.954739980392442
2015-12-31;8766.0;24.0;5.0484419755350896
2015-12-31;9131.0;24.999315537303218;5.146642129199397
2015-12-31;9496.0;25.998631074606433;5.2501850882159085
2015-12-31;9861.0;26.99794661190965;5.359714229123558
2015-12-31;10227.0;28.0;5.476389280791527
2015-12-31;10592.0;28.999315537303218;5.600384395245195
2015-12-31;10957.0;29.998631074606433;5.733227456949597
2016-01-29;91.0;0.24914442162902123;2.537826331227257
2016-01-29;182.0;0.49828884325804246;2.5442530541324118
2016-01-29;364.0;0.9965776865160849;2.588708432121828
2016-01-29;365.0;0.999315537303217;2.5888502274017844
2016-01-29;730.0;1.998631074606434;2.6412891824999285
2016-01-29;1095.0;2.9979466119096507;2.7384659532344147
2016-01-29;1461.0;4.0;2.836927947067336
2016-01-29;1826.0;4.999315537303217;2.936311946680137
2016-01-29;2191.0;5.9986310746064335;3.039095390419977
2016-01-29;2556.0;6.997946611909651;3.1434213484974327
2016-01-29;2922.0;8.0;3.2497688397956193
2016-01-29;3287.0;8.999315537303216;3.3577286316943677
2016-01-29;3652.0;9.998631074606434;3.467814315862583
2016-01-29;4017.0;10.99794661190965;3.5879395247571333
2016-01-29;4383.0;12.0;3.711257360565945
2016-01-29;4748.0;12.999315537303216;3.837394728518495
2016-01-29;5113.0;13.998631074606434;3.967092722049115
2016-01-29;5478.0;14.99794661190965;4.100786004975321
2016-01-29;5844.0;16.0;4.172382682213627
2016-01-29;6209.0;16.999315537303218;4.246238090567389
2016-01-29;6574.0;17.998631074606433;4.322703314140064
2016-01-29;6939.0;18.99794661190965;4.401938887081935
2016-01-29;7305.0;20.0;4.484406046044387
2016-01-29;7670.0;20.999315537303218;4.5602076101826095
2016-01-29;8035.0;21.998631074606433;4.639095845407204
2016-01-29;8400.0;22.99794661190965;4.7213285774918345
2016-01-29;8766.0;24.0;4.807490609534781
2016-01-29;9131.0;24.999315537303218;4.897384975572239
2016-01-29;9496.0;25.998631074606433;4.991715421258891
2016-01-29;9861.0;26.99794661190965;5.090984366708051
2016-01-29;10227.0;28.0;5.196132151746746
2016-01-29;10592.0;28.999315537303218;5.307189133378265
2016-01-29;10957.0;29.998631074606433;5.425353562874635
2016-02-29;91.0;0.24914442162902123;2.504197595223112
2016-02-29;182.0;0.49828884325804246;2.51425256937744
2016-02-29;364.0;0.9965776865160849;2.5429002851692872
2016-02-29;365.0;0.999315537303217;2.5430359567560235
2016-02-29;730.0;1.998631074606434;2.593198320506218
2016-02-29;1095.0;2.9979466119096507;2.6891080291618463
2016-02-29;1461.0;4.0;2.78626535532982
2016-02-29;1826.0;4.999315537303217;2.8843106452832945
2016-02-29;2191.0;5.9986310746064335;2.957531892266463
2016-02-29;2556.0;6.997946611909651;3.0318640840300004
2016-02-29;2922.0;8.0;3.107571404410492
2016-02-29;3287.0;8.999315537303216;3.1843001186219633
2016-02-29;3652.0;9.998631074606434;3.262359906201495
2016-02-29;4017.0;10.99794661190965;3.3642989242894883
2016-02-29;4383.0;12.0;3.468605501357347
2016-02-29;4748.0;12.999315537303216;3.5749303480086425
2016-02-29;5113.0;13.998631074606434;3.6838453881054223
2016-02-29;5478.0;14.99794661190965;3.7956497876273643
2016-02-29;5844.0;16.0;3.8968902523005777
2016-02-29;6209.0;16.999315537303218;4.000881761777908
2016-02-29;6574.0;17.998631074606433;4.1082485304722915
2016-02-29;6939.0;18.99794661190965;4.219360704858044
2016-02-29;7305.0;20.0;4.3349999398880845
2016-02-29;7670.0;20.999315537303218;4.427078875369905
2016-02-29;8035.0;21.998631074606433;4.522924819498675
2016-02-29;8400.0;22.99794661190965;4.622921812851777
2016-02-29;8766.0;24.0;4.727857856851725
2016-02-29;9131.0;24.999315537303218;4.837600943720943
2016-02-29;9496.0;25.998631074606433;4.953119550853535
2016-02-29;9861.0;26.99794661190965;5.075173362991903
2016-02-29;10227.0;28.0;5.205098964731758
2016-02-29;10592.0;28.999315537303218;5.343178301133089
2016-02-29;10957.0;29.998631074606433;5.491196980219559
2016-03-31;91.0;0.24914442162902123;2.215126583072252
2016-03-31;182.0;0.49828884325804246;2.2180591648038632
2016-03-31;364.0;0.9965776865160849;2.241441849029363
2016-03-31;365.0;0.999315537303217;2.2418711712191453
2016-03-31;730.0;1.998631074606434;2.4004560164698763
2016-03-31;1095.0;2.9979466119096507;2.481302494998716
2016-03-31;1461.0;4.0;2.5633411545720852
2016-03-31;1826.0;4.999315537303217;2.6461195135094373
2016-03-31;2191.0;5.9986310746064335;2.718178690632822
2016-03-31;2556.0;6.997946611909651;2.791218911185833
2016-03-31;2922.0;8.0;2.8655085110765866
2016-03-31;3287.0;8.999315537303216;2.9407042769144187
2016-03-31;3652.0;9.998631074606434;3.01710723423827
2016-03-31;4017.0;10.99794661190965;3.090430514667064
2016-03-31;4383.0;12.0;3.1653098243162647
2016-03-31;4748.0;12.999315537303216;3.2414198284676177
2016-03-31;5113.0;13.998631074606434;3.319099056674446
2016-03-31;5478.0;14.99794661190965;3.39848326278247
2016-03-31;5844.0;16.0;3.502688479655558
2016-03-31;6209.0;16.999315537303218;3.6093651309086816
2016-03-31;6574.0;17.998631074606433;3.719145442723182
2016-03-31;6939.0;18.99794661190965;3.8323990975407174
2016-03-31;7305.0;20.0;3.9498990398948663
2016-03-31;7670.0;20.999315537303218;4.065777343421506
2016-03-31;8035.0;21.998631074606433;4.186266510912229
2016-03-31;8400.0;22.99794661190965;4.311954611354718
2016-03-31;8766.0;24.0;4.4439426622914
2016-03-31;9131.0;24.999315537303218;4.582241212458804
2016-03-31;9496.0;25.998631074606433;4.728240213656587
2016-03-31;9861.0;26.99794661190965;4.883137253653658
2016-03-31;10227.0;28.0;5.048932326741706
2016-03-31;10592.0;28.999315537303218;5.226427617206886
2016-03-31;10957.0;29.998631074606433;5.418468761916362
2016-04-29;91.0;0.24914442162902123;2.2010453362706563
2016-04-29;182.0;0.49828884325804246;1.9718001972813668
2016-04-29;364.0;0.9965776865160849;1.9690350668460412
2016-04-29;365.0;0.999315537303217;1.9691567965339996
2016-04-29;730.0;1.998631074606434;2.0140356625530265
2016-04-29;1095.0;2.9979466119096507;2.10698270935219
2016-04-29;1461.0;4.0;2.2009579517658473
2016-04-29;1826.0;4.999315537303217;2.2955939379739387
2016-04-29;2191.0;5.9986310746064335;2.3880071354956955
2016-04-29;2556.0;6.997946611909651;2.481558179831733
2016-04-29;2922.0;8.0;2.5766385006243953
2016-04-29;3287.0;8.999315537303216;2.6728491595582993
2016-04-29;3652.0;9.998631074606434;2.7706068711235377
2016-04-29;4017.0;10.99794661190965;2.8777348146413084
2016-04-29;4383.0;12.0;2.987248859336833
2016-04-29;4748.0;12.999315537303216;3.0987587655106896
2016-04-29;5113.0;13.998631074606434;3.2128415808327926
2016-04-29;5478.0;14.99794661190965;3.3297906588203086
2016-04-29;5844.0;16.0;3.406312094905828
2016-04-29;6209.0;16.999315537303218;3.484677646642398
2016-04-29;6574.0;17.998631074606433;3.565260670366799
2016-04-29;6939.0;18.99794661190965;3.6482289415600944
2016-04-29;7305.0;20.0;3.7340436368730856
2016-04-29;7670.0;20.999315537303218;3.847395756159755
2016-04-29;8035.0;21.998631074606433;3.9650371264078554
2016-04-29;8400.0;22.99794661190965;4.087503741778176
2016-04-29;8766.0;24.0;4.215819028530432
2016-04-29;9131.0;24.999315537303218;4.349939676476122
2016-04-29;9496.0;25.998631074606433;4.491141442191471
2016-04-29;9861.0;26.99794661190965;4.640492415505393
2016-04-29;10227.0;28.0;4.7998011217969205
2016-04-29;10592.0;28.999315537303218;4.969690915506453
2016-04-29;10957.0;29.998631074606433;5.152683783890355
2016-05-31;91.0;0.24914442162902123;2.0314551639004996
2016-05-31;182.0;0.49828884325804246;1.833959250210568
2016-05-31;364.0;0.9965776865160849;1.9169283521952314
2016-05-31;365.0;0.999315537303217;1.9171838205009006
2016-05-31;730.0;1.998631074606434;2.0113679445575627
2016-05-31;1095.0;2.9979466119096507;2.125631985777088
2016-05-31;1461.0;4.0;2.241278815163894
2016-05-31;1826.0;4.999315537303217;2.357848804338736
2016-05-31;2191.0;5.9986310746064335;2.45254043267773
2016-05-31;2556.0;6.997946611909651;2.5485077979017223
2016-05-31;2922.0;8.0;2.6461307727944083
2016-05-31;3287.0;8.999315537303216;2.744988493847078
2016-05-31;3652.0;9.998631074606434;2.8455067409001833
2016-05-31;4017.0;10.99794661190965;2.9260023062165352
2016-05-31;4383.0;12.0;3.008286605126975
2016-05-31;4748.0;12.999315537303216;3.09199019008648
2016-05-31;5113.0;13.998631074606434;3.1774822926866175
2016-05-31;5478.0;14.99794661190965;3.264913332957109
2016-05-31;5844.0;16.0;3.3560309701113233
2016-05-31;6209.0;16.999315537303218;3.4492281314078
2016-05-31;6574.0;17.998631074606433;3.545004706038135
2016-05-31;6939.0;18.99794661190965;3.6436226022207974
2016-05-31;7305.0;20.0;3.745688956556248
2016-05-31;7670.0;20.999315537303218;3.8504134582229232
2016-05-31;8035.0;21.998631074606433;3.95898837507207
2016-05-31;8400.0;22.99794661190965;4.071864873307818
2016-05-31;8766.0;24.0;4.189934666593809
2016-05-31;9131.0;24.999315537303218;4.313089184695662
2016-05-31;9496.0;25.998631074606433;4.4424220178387985
2016-05-31;9861.0;26.99794661190965;4.578808335273288
2016-05-31;10227.0;28.0;4.723765323880924
2016-05-31;10592.0;28.999315537303218;4.877680352536329
2016-05-31;10957.0;29.998631074606433;5.042606192013088
2016-06-30;91.0;0.24914442162902123;1.8815606296940488
2016-06-30;182.0;0.49828884325804246;1.9972351229986938
2016-06-30;364.0;0.9965776865160849;2.184325239700213
2016-06-30;365.0;0.999315537303217;2.1842550209661082
2016-06-30;730.0;1.998631074606434;2.158348627454232
2016-06-30;1095.0;2.9979466119096507;2.272978064053799
2016-06-30;1461.0;4.0;2.388855854890326
2016-06-30;1826.0;4.999315537303217;2.5056407922015245
2016-06-30;2191.0;5.9986310746064335;2.574292030574754
2016-06-30;2556.0;6.997946611909651;2.6439387526490776
2016-06-30;2922.0;8.0;2.7147938221307344
2016-06-30;3287.0;8.999315537303216;2.7865022635239267
2016-06-30;3652.0;9.998631074606434;2.85933241377867
2016-06-30;4017.0;10.99794661190965;2.961934735036409
2016-06-30;4383.0;12.0;3.0667390380437975
2016-06-30;4748.0;12.999315537303216;3.1733825172809205
2016-06-30;5113.0;13.998631074606434;3.282418893570349
2016-06-30;5478.0;14.99794661190965;3.3941267292422195
2016-06-30;5844.0;16.0;3.454779999515445
2016-06-30;6209.0;16.999315537303218;3.5168957249828603
2016-06-30;6574.0;17.998631074606433;3.580733437719519
2016-06-30;6939.0;18.99794661190965;3.6463856240247505
2016-06-30;7305.0;20.0;3.714175695553945
2016-06-30;7670.0;20.999315537303218;3.8179626011571877
2016-06-30;8035.0;21.998631074606433;3.925411682820301
2016-06-30;8400.0;22.99794661190965;4.03696370770974
2016-06-30;8766.0;24.0;4.153485991823236
2016-06-30;9131.0;24.999315537303218;4.274864252157196
2016-06-30;9496.0;25.998631074606433;4.402153727931291
2016-06-30;9861.0;26.99794661190965;4.536189696288795
2016-06-30;10227.0;28.0;4.6784249035261904
2016-06-30;10592.0;28.999315537303218;4.829199966703124
2016-06-30;10957.0;29.998631074606433;4.990463349927077
2016-07-29;91.0;0.24914442162902123;2.168138457235028
2016-07-29;182.0;0.49828884325804246;2.2767062826839966
2016-07-29;364.0;0.9965776865160849;2.368448144948828
2016-07-29;365.0;0.999315537303217;2.3687290050387277
2016-07-29;730.0;1.998631074606434;2.4725109140309343
2016-07-29;1095.0;2.9979466119096507;2.511741863505268
2016-07-29;1461.0;4.0;2.5515804674999254
2016-07-29;1826.0;4.999315537303217;2.591753427398036
2016-07-29;2191.0;5.9986310746064335;2.6680704685506873
2016-07-29;2556.0;6.997946611909651;2.745216096454217
2016-07-29;2922.0;8.0;2.823549031991335
2016-07-29;3287.0;8.999315537303216;2.902754465262558
2016-07-29;3652.0;9.998631074606434;2.9831763359628782
2016-07-29;4017.0;10.99794661190965;3.0692147581209195
2016-07-29;4383.0;12.0;3.1570701140656077
2016-07-29;4748.0;12.999315537303216;3.2464018971021247
2016-07-29;5113.0;13.998631074606434;3.3376410917808963
2016-07-29;5478.0;14.99794661190965;3.4309829315090523
2016-07-29;5844.0;16.0;3.501992815944832
2016-07-29;6209.0;16.999315537303218;3.5746064724660576
2016-07-29;6574.0;17.998631074606433;3.649169492654436
2016-07-29;6939.0;18.99794661190965;3.725834603951883
2016-07-29;7305.0;20.0;3.8050195282183674
2016-07-29;7670.0;20.999315537303218;3.895610067603328
2016-07-29;8035.0;21.998631074606433;3.989299522534351
2016-07-29;8400.0;22.99794661190965;4.086422509319321
2016-07-29;8766.0;24.0;4.187677355542663
2016-07-29;9131.0;24.999315537303218;4.292886821620434
2016-07-29;9496.0;25.998631074606433;4.402882397485652
2016-07-29;9861.0;26.99794661190965;4.518276092176654
2016-07-29;10227.0;28.0;4.640179324413296
2016-07-29;10592.0;28.999315537303218;4.7686981126731975
2016-07-29;10957.0;29.998631074606433;4.905263707961516
2016-08-31;91.0;0.24914442162902123;2.270827183419142
2016-08-31;182.0;0.49828884325804246;2.305658299962934
2016-08-31;364.0;0.9965776865160849;2.4006951173621798
2016-08-31;365.0;0.999315537303217;2.401092515558312
2016-08-31;730.0;1.998631074606434;2.547992117306719
2016-08-31;1095.0;2.9979466119096507;2.638001075346663
2016-08-31;1461.0;4.0;2.7293545471585023
2016-08-31;1826.0;4.999315537303217;2.8215897317304783
2016-08-31;2191.0;5.9986310746064335;2.919520718272417
2016-08-31;2556.0;6.997946611909651;3.0188686290850475
2016-08-31;2922.0;8.0;3.1200747448912436
2016-08-31;3287.0;8.999315537303216;3.222736342744126
2016-08-31;3652.0;9.998631074606434;3.327327096790844
2016-08-31;4017.0;10.99794661190965;3.3436538295168905
2016-08-31;4383.0;12.0;3.3609507032502206
2016-08-31;4748.0;12.999315537303216;3.3789673899698336
2016-08-31;5113.0;13.998631074606434;3.3976751306135977
2016-08-31;5478.0;14.99794661190965;3.417013235207911
2016-08-31;5844.0;16.0;3.523485555393635
2016-08-31;6209.0;16.999315537303218;3.63229415070756
2016-08-31;6574.0;17.998631074606433;3.744105809325049
2016-08-31;6939.0;18.99794661190965;3.8593202950792493
2016-08-31;7305.0;20.0;3.978738114707059
2016-08-31;7670.0;20.999315537303218;4.057111773688327
2016-08-31;8035.0;21.998631074606433;4.1381911430667495
2016-08-31;8400.0;22.99794661190965;4.222229038145464
2016-08-31;8766.0;24.0;4.309792148953107
2016-08-31;9131.0;24.999315537303218;4.400669953885439
2016-08-31;9496.0;25.998631074606433;4.495528423187611
2016-08-31;9861.0;26.99794661190965;4.594825201380548
2016-08-31;10227.0;28.0;4.699431826352574
2016-08-31;10592.0;28.999315537303218;4.809321117171184
2016-08-31;10957.0;29.998631074606433;4.9255816704830035
2016-09-30;91.0;0.24914442162902123;2.2326919956119693
2016-09-30;182.0;0.49828884325804246;2.2558054804926524
2016-09-30;364.0;0.9965776865160849;2.3715164865851035
2016-09-30;365.0;0.999315537303217;2.3718853874597157
2016-09-30;730.0;1.998631074606434;2.508223977399826
2016-09-30;1095.0;2.9979466119096507;2.603312946014147
2016-09-30;1461.0;4.0;2.6997812217413264
2016-09-30;1826.0;4.999315537303217;2.7971683639702816
2016-09-30;2191.0;5.9986310746064335;2.892826813705751
2016-09-30;2556.0;6.997946611909651;2.9898797248598674
2016-09-30;2922.0;8.0;3.0887442745420657
2016-09-30;3287.0;8.999315537303216;3.1890169639598565
2016-09-30;3652.0;9.998631074606434;3.2911524070272202
2016-09-30;4017.0;10.99794661190965;3.35369328239854
2016-09-30;4383.0;12.0;3.4178331534039152
2016-09-30;4748.0;12.999315537303216;3.483228499565505
2016-09-30;5113.0;13.998631074606434;3.5501327562155627
2016-09-30;5478.0;14.99794661190965;3.6186293943804237
2016-09-30;5844.0;16.0;3.705096365523741
2016-09-30;6209.0;16.999315537303218;3.7935880185219872
2016-09-30;6574.0;17.998631074606433;3.884589555737028
2016-09-30;6939.0;18.99794661190965;3.9783589004873665
2016-09-30;7305.0;20.0;4.075482414328824
2016-09-30;7670.0;20.999315537303218;4.150500531674206
2016-09-30;8035.0;21.998631074606433;4.228183102476524
2016-09-30;8400.0;22.99794661190965;4.3087633281595705
2016-09-30;8766.0;24.0;4.3927782412427785
2016-09-30;9131.0;24.999315537303218;4.480011450580212
2016-09-30;9496.0;25.998631074606433;4.5710944933490705
2016-09-30;9861.0;26.99794661190965;4.666454938592501
2016-09-30;10227.0;28.0;4.766917564239526
2016-09-30;10592.0;28.999315537303218;4.8724342138638965
2016-09-30;10957.0;29.998631074606433;4.984030242641535
2016-10-31;91.0;0.24914442162902123;2.1400460699546264
2016-10-31;182.0;0.49828884325804246;2.191773380307449
2016-10-31;364.0;0.9965776865160849;2.267247557410757
2016-10-31;365.0;0.999315537303217;2.267541042011678
2016-10-31;730.0;1.998631074606434;2.3759361691406022
2016-10-31;1095.0;2.9979466119096507;2.4577531783708695
2016-10-31;1461.0;4.0;2.540672464200888
2016-10-31;1826.0;4.999315537303217;2.62429533654962
2016-10-31;2191.0;5.9986310746064335;2.72012836576796
2016-10-31;2556.0;6.997946611909651;2.8172324291158457
2016-10-31;2922.0;8.0;2.91604178802638
2016-10-31;3287.0;8.999315537303216;3.016162436222758
2016-10-31;3652.0;9.998631074606434;3.118049208314555
2016-10-31;4017.0;10.99794661190965;3.208957417346636
2016-10-31;4383.0;12.0;3.3020001003464916
2016-10-31;4748.0;12.999315537303216;3.396803768408141
2016-10-31;5113.0;13.998631074606434;3.4938292890892564
2016-10-31;5478.0;14.99794661190965;3.59329276770719
2016-10-31;5844.0;16.0;3.6932311579126242
2016-10-31;6209.0;16.999315537303218;3.7957451149751353
2016-10-31;6574.0;17.998631074606433;3.9014325825587504
2016-10-31;6939.0;18.99794661190965;4.010638243402087
2016-10-31;7305.0;20.0;4.124104470359802
2016-10-31;7670.0;20.999315537303218;4.180362084892275
2016-10-31;8035.0;21.998631074606433;4.238845093468724
2016-10-31;8400.0;22.99794661190965;4.299660779913417
2016-10-31;8766.0;24.0;4.363155833877697
2016-10-31;9131.0;24.999315537303218;4.429072406210932
2016-10-31;9496.0;25.998631074606433;4.497819179275342
2016-10-31;9861.0;26.99794661190965;4.569628831243766
2016-10-31;10227.0;28.0;4.6450248376944225
2016-10-31;10592.0;28.999315537303218;4.723829691367265
2016-10-31;10957.0;29.998631074606433;4.806669099837002
2016-11-30;91.0;0.24914442162902123;2.1234673172539433
2016-11-30;182.0;0.49828884325804246;2.2024011271439177
2016-11-30;364.0;0.9965776865160849;2.3047227235514294
2016-11-30;365.0;0.999315537303217;2.3050183923395418
2016-11-30;730.0;1.998631074606434;2.4142409086509
2016-11-30;1095.0;2.9979466119096507;2.484628765897079
2016-11-30;1461.0;4.0;2.5559867095140687
2016-11-30;1826.0;4.999315537303217;2.62794384090439
2016-11-30;2191.0;5.9986310746064335;2.7120240027656894
2016-11-30;2556.0;6.997946611909651;2.7971707550390468
2016-11-30;2922.0;8.0;2.8837518576227295
2016-11-30;3287.0;8.999315537303216;2.9714071733307756
2016-11-30;3652.0;9.998631074606434;3.0605176615828844
2016-11-30;4017.0;10.99794661190965;3.147864566007108
2016-11-30;4383.0;12.0;3.2371582563937684
2016-11-30;4748.0;12.999315537303216;3.3280436715751316
2016-11-30;5113.0;13.998631074606434;3.420958464381685
2016-11-30;5478.0;14.99794661190965;3.5161026868840484
2016-11-30;5844.0;16.0;3.599889884590435
2016-11-30;6209.0;16.999315537303218;3.685677116690833
2016-11-30;6574.0;17.998631074606433;3.7739144701483873
2016-11-30;6939.0;18.99794661190965;3.864830457396251
2016-11-30;7305.0;20.0;3.958973979670999
2016-11-30;7670.0;20.999315537303218;4.022567566873558
2016-11-30;8035.0;21.998631074606433;4.088398418462269
2016-11-30;8400.0;22.99794661190965;4.1566178745292115
2016-11-30;8766.0;24.0;4.227633874804115
2016-11-30;9131.0;24.999315537303218;4.301200190275889
2016-11-30;9496.0;25.998631074606433;4.377790773972334
2016-11-30;9861.0;26.99794661190965;4.457691404736908
2016-11-30;10227.0;28.0;4.54150684977066
2016-11-30;10592.0;28.999315537303218;4.62908535130333
2016-11-30;10957.0;29.998631074606433;4.721153536049449
2016-12-30;91.0;0.24914442162902123;2.2371363451397523
2016-12-30;182.0;0.49828884325804246;2.285727222744195
2016-12-30;364.0;0.9965776865160849;2.3807577545347622
2016-12-30;365.0;0.999315537303217;2.3811027401013707
2016-12-30;730.0;1.998631074606434;2.5086028677593353
2016-12-30;1095.0;2.9979466119096507;2.5647063361715405
2016-12-30;1461.0;4.0;2.621667083999246
2016-12-30;1826.0;4.999315537303217;2.6791304691088813
2016-12-30;2191.0;5.9986310746064335;2.7895173111072147
2016-12-30;2556.0;6.997946611909651;2.901313237700287
2016-12-30;2922.0;8.0;3.0150949936788907
2016-12-30;3287.0;8.999315537303216;3.130467207545662
2016-12-30;3652.0;9.998631074606434;3.2480018434993374
2016-12-30;4017.0;10.99794661190965;3.3276857947863503
2016-12-30;4383.0;12.0;3.409363302383017
2016-12-30;4748.0;12.999315537303216;3.4926575165781903
2016-12-30;5113.0;13.998631074606434;3.577939833882171
2016-12-30;5478.0;14.99794661190965;3.66536674586444
2016-12-30;5844.0;16.0;3.7460494943823086
2016-12-30;6209.0;16.999315537303218;3.828737837575469
2016-12-30;6574.0;17.998631074606433;3.9138614920689596
2016-12-30;6939.0;18.99794661190965;4.001635980689988
2016-12-30;7305.0;20.0;4.092588829188903
2016-12-30;7670.0;20.999315537303218;4.135044572168312
2016-12-30;8035.0;21.998631074606433;4.179189972456254
2016-12-30;8400.0;22.99794661190965;4.225068517478947
2016-12-30;8766.0;24.0;4.2729048242906575
2016-12-30;9131.0;24.999315537303218;4.322456247950113
2016-12-30;9496.0;25.998631074606433;4.373986523040019
2016-12-30;9861.0;26.99794661190965;4.427616902053155
2016-12-30;10227.0;28.0;4.4836782099446415
2016-12-30;10592.0;28.999315537303218;4.5419626061937945
2016-12-30;10957.0;29.998631074606433;4.602852482620934
2017-01-31;91.0;0.24914442162902123;2.253389780167484
2017-01-31;182.0;0.49828884325804246;2.329453626348608
2017-01-31;364.0;0.9965776865160849;2.470185057211195
2017-01-31;365.0;0.999315537303217;2.4705883815415275
2017-01-31;730.0;1.998631074606434;2.6197314620093115
2017-01-31;1095.0;2.9979466119096507;2.7194172925802285
2017-01-31;1461.0;4.0;2.820616163587486
2017-01-31;1826.0;4.999315537303217;2.922842740228049
2017-01-31;2191.0;5.9986310746064335;3.0100074422952705
2017-01-31;2556.0;6.997946611909651;3.0985196764377054
2017-01-31;2922.0;8.0;3.188728521363138
2017-01-31;3287.0;8.999315537303216;3.2802421734444254
2017-01-31;3652.0;9.998631074606434;3.373458391300921
2017-01-31;4017.0;10.99794661190965;3.418887195498299
2017-01-31;4383.0;12.0;3.4655969891880023
2017-01-31;4748.0;12.999315537303216;3.513284145414053
2017-01-31;5113.0;13.998631074606434;3.562095812515498
2017-01-31;5478.0;14.99794661190965;3.612057161520865
2017-01-31;5844.0;16.0;3.685953919421636
2017-01-31;6209.0;16.999315537303218;3.7614203605305763
2017-01-31;6574.0;17.998631074606433;3.8388454754602064
2017-01-31;6939.0;18.99794661190965;3.918418205924201
2017-01-31;7305.0;20.0;4.000597193260713
2017-01-31;7670.0;20.999315537303218;4.051152785891254
2017-01-31;8035.0;21.998631074606433;4.10337983912461
2017-01-31;8400.0;22.99794661190965;4.157370664271132
2017-01-31;8766.0;24.0;4.213415435753753
2017-01-31;9131.0;24.999315537303218;4.2712820073461
2017-01-31;9496.0;25.998631074606433;4.331300402240479
2017-01-31;9861.0;26.99794661190965;4.393642555887056
2017-01-31;10227.0;28.0;4.458716942132157
2017-01-31;10592.0;28.999315537303218;4.526330502510789
2017-01-31;10957.0;29.998631074606433;4.596955813813408
2017-02-28;91.0;0.24914442162902123;2.199506691499445
2017-02-28;182.0;0.49828884325804246;2.2131755115546934
2017-02-28;364.0;0.9965776865160849;2.3122581714687485
2017-02-28;365.0;0.999315537303217;2.312688661113871
2017-02-28;730.0;1.998631074606434;2.4717608131000324
2017-02-28;1095.0;2.9979466119096507;2.5902562725433453
2017-02-28;1461.0;4.0;2.710498750440782
2017-02-28;1826.0;4.999315537303217;2.831961136141392
2017-02-28;2191.0;5.9986310746064335;2.9253142866804582
2017-02-28;2556.0;6.997946611909651;3.020152636471951
2017-02-28;2922.0;8.0;3.116840440858648
2017-02-28;3287.0;8.999315537303216;3.2149557347672886
2017-02-28;3652.0;9.998631074606434;3.3149277675630806
2017-02-28;4017.0;10.99794661190965;3.4079308265481556
2017-02-28;4383.0;12.0;3.5032328138900226
2017-02-28;4748.0;12.999315537303216;3.6004583447924565
2017-02-28;5113.0;13.998631074606434;3.7000926954777302
2017-02-28;5478.0;14.99794661190965;3.8023722705758933
2017-02-28;5844.0;16.0;3.8902587630799568
2017-02-28;6209.0;16.999315537303218;3.980485362097519
2017-02-28;6574.0;17.998631074606433;4.073548430395757
2017-02-28;6939.0;18.99794661190965;4.169715743212166
2017-02-28;7305.0;20.0;4.269605242476149
2017-02-28;7670.0;20.999315537303218;4.28641996312169
2017-02-28;8035.0;21.998631074606433;4.304591509452038
2017-02-28;8400.0;22.99794661190965;4.324054893522122
2017-02-28;8766.0;24.0;4.344851362699531
2017-02-28;9131.0;24.999315537303218;4.366776756175117
2017-02-28;9496.0;25.998631074606433;4.389903693835873
2017-02-28;9861.0;26.99794661190965;4.4142292627470825
2017-02-28;10227.0;28.0;4.4398598683377255
2017-02-28;10592.0;28.999315537303218;4.466617655910565
2017-02-28;10957.0;29.998631074606433;4.494630585401471
2017-03-31;91.0;0.24914442162902123;2.194283583233857
2017-03-31;182.0;0.49828884325804246;2.2469651076727613
2017-03-31;364.0;0.9965776865160849;2.2925306518760564
2017-03-31;365.0;0.999315537303217;2.2929921649704976
2017-03-31;730.0;1.998631074606434;2.4635211012484337
2017-03-31;1095.0;2.9979466119096507;2.5528163212930943
2017-03-31;1461.0;4.0;2.643461047175699
2017-03-31;1826.0;4.999315537303217;2.734968458800635
2017-03-31;2191.0;5.9986310746064335;2.8372795944249463
2017-03-31;2556.0;6.997946611909651;2.9410421219436156
2017-03-31;2922.0;8.0;3.0467263472991224
2017-03-31;3287.0;8.999315537303216;3.153920184172243
2017-03-31;3652.0;9.998631074606434;3.263124956593222
2017-03-31;4017.0;10.99794661190965;3.348695602392193
2017-03-31;4383.0;12.0;3.4363856068123866
2017-03-31;4748.0;12.999315537303216;3.525817089651806
2017-03-31;5113.0;13.998631074606434;3.6174097144355155
2017-03-31;5478.0;14.99794661190965;3.7113529332408524
2017-03-31;5844.0;16.0;3.7891725038856405
2017-03-31;6209.0;16.999315537303218;3.8689727972150756
2017-03-31;6574.0;17.998631074606433;3.95115935766599
2017-03-31;6939.0;18.99794661190965;4.035930187943748
2017-03-31;7305.0;20.0;4.123786184390643
2017-03-31;7670.0;20.999315537303218;4.196343784755752
2017-03-31;8035.0;21.998631074606433;4.271538844204326
2017-03-31;8400.0;22.99794661190965;4.349588444012942
2017-03-31;8766.0;24.0;4.431006470407817
2017-03-31;9131.0;24.999315537303218;4.515570314403861
2017-03-31;9496.0;25.998631074606433;4.603884950346382
2017-03-31;9861.0;26.99794661190965;4.6963544009724245
2017-03-31;10227.0;28.0;4.793767701133467
2017-03-31;10592.0;28.999315537303218;4.896059625111082
2017-03-31;10957.0;29.998631074606433;5.004207530039695
2017-04-28;91.0;0.24914442162902123;2.196381728443392
2017-04-28;182.0;0.49828884325804246;2.2393618478039823
2017-04-28;364.0;0.9965776865160849;2.2768511988995885
2017-04-28;365.0;0.999315537303217;2.27725041042397
2017-04-28;730.0;1.998631074606434;2.4247304536867853
2017-04-28;1095.0;2.9979466119096507;2.5449012685206496
2017-04-28;1461.0;4.0;2.6668012996585055
2017-04-28;1826.0;4.999315537303217;2.7899136363157107
2017-04-28;2191.0;5.9986310746064335;2.8927065171826305
2017-04-28;2556.0;6.997946611909651;2.997107142334432
2017-04-28;2922.0;8.0;3.1035490085296713
2017-04-28;3287.0;8.999315537303216;3.2115940690232936
2017-04-28;3652.0;9.998631074606434;3.3217377599077835
2017-04-28;4017.0;10.99794661190965;3.447466350684003
2017-04-28;4383.0;12.0;3.5765097864036033
2017-04-28;4748.0;12.999315537303216;3.708487491066248
2017-04-28;5113.0;13.998631074606434;3.844183115802413
2017-04-28;5478.0;14.99794661190965;3.984062745143868
2017-04-28;5844.0;16.0;4.034849689685416
2017-04-28;6209.0;16.999315537303218;4.087438769078844
2017-04-28;6574.0;17.998631074606433;4.142005221911593
2017-04-28;6939.0;18.99794661190965;4.198585352097872
2017-04-28;7305.0;20.0;4.2574370183309895
2017-04-28;7670.0;20.999315537303218;4.3009115885792815
2017-04-28;8035.0;21.998631074606433;4.346170223082502
2017-04-28;8400.0;22.99794661190965;4.393264526672502
2017-04-28;8766.0;24.0;4.442433450615613
2017-04-28;9131.0;24.999315537303218;4.49343572333365
2017-04-28;9496.0;25.998631074606433;4.546552854227759
2017-04-28;9861.0;26.99794661190965;4.601921120630559
2017-04-28;10227.0;28.0;4.659895723553276
2017-04-28;10592.0;28.999315537303218;4.720275812616559
2017-04-28;10957.0;29.998631074606433;4.783474819558298
2017-05-31;91.0;0.24914442162902123;2.159130400958348
2017-05-31;182.0;0.49828884325804246;2.194941059025954
2017-05-31;364.0;0.9965776865160849;2.2908610613356033
2017-05-31;365.0;0.999315537303217;2.291190334392068
2017-05-31;730.0;1.998631074606434;2.412825784847339
2017-05-31;1095.0;2.9979466119096507;2.5433549914132048
2017-05-31;1461.0;4.0;2.675718696612872
2017-05-31;1826.0;4.999315537303217;2.8094131785414866
2017-05-31;2191.0;5.9986310746064335;2.923272638037089
2017-05-31;2556.0;6.997946611909651;3.0389588954701674
2017-05-31;2922.0;8.0;3.1569796550821705
2017-05-31;3287.0;8.999315537303216;3.2768755081152845
2017-05-31;3652.0;9.998631074606434;3.3992239179831962
2017-05-31;4017.0;10.99794661190965;3.4852923939339364
2017-05-31;4383.0;12.0;3.5736673911303862
2017-05-31;4748.0;12.999315537303216;3.6639482070777385
2017-05-31;5113.0;13.998631074606434;3.7565530588056895
2017-05-31;5478.0;14.99794661190965;3.851671401874257
2017-05-31;5844.0;16.0;3.9489854674445324
2017-05-31;6209.0;16.999315537303218;4.048974611891598
2017-05-31;6574.0;17.998631074606433;4.152226883536869
2017-05-31;6939.0;18.99794661190965;4.259083835502153
2017-05-31;7305.0;20.0;4.370282826132232
2017-05-31;7670.0;20.999315537303218;4.418398960454573
2017-05-31;8035.0;21.998631074606433;4.468647326085962
2017-05-31;8400.0;22.99794661190965;4.521095673673847
2017-05-31;8766.0;24.0;4.576027012487782
2017-05-31;9131.0;24.999315537303218;4.6331851202910945
2017-05-31;9496.0;25.998631074606433;4.692908916876259
2017-05-31;9861.0;26.99794661190965;4.755378290124268
2017-05-31;10227.0;28.0;4.8210290041539094
2017-05-31;10592.0;28.999315537303218;4.889669061344404
2017-05-31;10957.0;29.998631074606433;4.96181609547226
2017-06-30;91.0;0.24914442162902123;2.279794409193636
2017-06-30;182.0;0.49828884325804246;2.3269844064594403
2017-06-30;364.0;0.9965776865160849;2.3904098786080676
2017-06-30;365.0;0.999315537303217;2.3906466269205007
2017-06-30;730.0;1.998631074606434;2.478130933482081
2017-06-30;1095.0;2.9979466119096507;2.5853793399307046
2017-06-30;1461.0;4.0;2.694074645079292
2017-06-30;1826.0;4.999315537303217;2.80378857330732
2017-06-30;2191.0;5.9986310746064335;2.9163121285505023
2017-06-30;2556.0;6.997946611909651;3.0305306554752276
2017-06-30;2922.0;8.0;3.1469765048396825
2017-06-30;3287.0;8.999315537303216;3.2652137622976474
2017-06-30;3652.0;9.998631074606434;3.3858189305925546
2017-06-30;4017.0;10.99794661190965;3.5029992921404407
2017-06-30;4383.0;12.0;3.623302622110902
2017-06-30;4748.0;12.999315537303216;3.7463360484070174
2017-06-30;5113.0;13.998631074606434;3.872799325288989
2017-06-30;5478.0;14.99794661190965;4.003092372962702
2017-06-30;5844.0;16.0;4.070451752717785
2017-06-30;6209.0;16.999315537303218;4.139923847621563
2017-06-30;6574.0;17.998631074606433;4.211819494278757
2017-06-30;6939.0;18.99794661190965;4.28626855884684
2017-06-30;7305.0;20.0;4.3636826050624355
2017-06-30;7670.0;20.999315537303218;4.409682947774107
2017-06-30;8035.0;21.998631074606433;4.457671527595286
2017-06-30;8400.0;22.99794661190965;4.507709485023903
2017-06-30;8766.0;24.0;4.560060971307323
2017-06-30;9131.0;24.999315537303218;4.6144770457128725
2017-06-30;9496.0;25.998631074606433;4.6712720754126025
2017-06-30;9861.0;26.99794661190965;4.730607556754274
2017-06-30;10227.0;28.0;4.792884804452036
2017-06-30;10592.0;28.999315537303218;4.857908571413794
2017-06-30;10957.0;29.998631074606433;4.926151794434364
2017-07-31;91.0;0.24914442162902123;2.3123852723003337
2017-07-31;182.0;0.49828884325804246;2.324168419797233
2017-07-31;364.0;0.9965776865160849;2.370216641458658
2017-07-31;365.0;0.999315537303217;2.370537942298956
2017-07-31;730.0;1.998631074606434;2.4892732401944118
2017-07-31;1095.0;2.9979466119096507;2.611288618510055
2017-07-31;1461.0;4.0;2.735035580873224
2017-07-31;1826.0;4.999315537303217;2.8600269506141585
2017-07-31;2191.0;5.9986310746064335;2.9701216206277525
2017-07-31;2556.0;6.997946611909651;3.0819692069082416
2017-07-31;2922.0;8.0;3.1960610983909232
2017-07-31;3287.0;8.999315537303216;3.3119506790279862
2017-07-31;3652.0;9.998631074606434;3.430191807995553
2017-07-31;4017.0;10.99794661190965;3.5372963025549486
2017-07-31;4383.0;12.0;3.6472482686938257
2017-07-31;4748.0;12.999315537303216;3.759651665612762
2017-07-31;5113.0;13.998631074606434;3.875112952520232
2017-07-31;5478.0;14.99794661190965;3.993960068235247
2017-07-31;5844.0;16.0;4.061042113258284
2017-07-31;6209.0;16.999315537303218;4.130158852722787
2017-07-31;6574.0;17.998631074606433;4.201623593481152
2017-07-31;6939.0;18.99794661190965;4.275568958512177
2017-07-31;7305.0;20.0;4.352404210077765
2017-07-31;7670.0;20.999315537303218;4.3959517251748625
2017-07-31;8035.0;21.998631074606433;4.441374706698342
2017-07-31;8400.0;22.99794661190965;4.488724083136164
2017-07-31;8766.0;24.0;4.538242577993623
2017-07-31;9131.0;24.999315537303218;4.589685837424096
2017-07-31;9496.0;25.998631074606433;4.643342354050661
2017-07-31;9861.0;26.99794661190965;4.699354219999563
2017-07-31;10227.0;28.0;4.758088143455752
2017-07-31;10592.0;28.999315537303218;4.819345247760709
2017-07-31;10957.0;29.998631074606433;4.883554885847907
2017-08-31;91.0;0.24914442162902123;2.221306482653526
2017-08-31;182.0;0.49828884325804246;2.29521053722425
2017-08-31;364.0;0.9965776865160849;2.3922727089409896
2017-08-31;365.0;0.999315537303217;2.392586489401549
2017-08-31;730.0;1.998631074606434;2.5085536921449325
2017-08-31;1095.0;2.9979466119096507;2.6200194944315136
2017-08-31;1461.0;4.0;2.733060601221249
2017-08-31;1826.0;4.999315537303217;2.8472097184484735
2017-08-31;2191.0;5.9986310746064335;2.950602657446688
2017-08-31;2556.0;6.997946611909651;3.0555915538610368
2017-08-31;2922.0;8.0;3.1626308228905886
2017-08-31;3287.0;8.999315537303216;3.271291889714245
2017-08-31;3652.0;9.998631074606434;3.3820813464375377
2017-08-31;4017.0;10.99794661190965;3.494059200561961
2017-08-31;4383.0;12.0;3.6089500747496395
2017-08-31;4748.0;12.999315537303216;3.726368502226607
2017-08-31;5113.0;13.998631074606434;3.8469679244280908
2017-08-31;5478.0;14.99794661190965;3.97111157333383
2017-08-31;5844.0;16.0;4.038412749553144
2017-08-31;6209.0;16.999315537303218;4.107750242962593
2017-08-31;6574.0;17.998631074606433;4.179437821534715
2017-08-31;6939.0;18.99794661190965;4.25360799791259
2017-08-31;7305.0;20.0;4.3306706893674995
2017-08-31;7670.0;20.999315537303218;4.38053046027882
2017-08-31;8035.0;21.998631074606433;4.43243343144204
2017-08-31;8400.0;22.99794661190965;4.486462649135325
2017-08-31;8766.0;24.0;4.542915579974394
2017-08-31;9131.0;24.999315537303218;4.601545592049439
2017-08-31;9496.0;25.998631074606433;4.6627034507899845
2017-08-31;9861.0;26.99794661190965;4.726579078556958
2017-08-31;10227.0;28.0;4.7936194402331544
2017-08-31;10592.0;28.999315537303218;4.863638981833884
2017-08-31;10957.0;29.998631074606433;4.937166550034533
2017-09-29;91.0;0.24914442162902123;2.242389041098401
2017-09-29;182.0;0.49828884325804246;2.2740790735488496
2017-09-29;364.0;0.9965776865160849;2.3406801133914668
2017-09-29;365.0;0.999315537303217;2.34096743196055
2017-09-29;730.0;1.998631074606434;2.4471225391627716
2017-09-29;1095.0;2.9979466119096507;2.560735740573805
2017-09-29;1461.0;4.0;2.675912887949994
2017-09-29;1826.0;4.999315537303217;2.79219305866647
2017-09-29;2191.0;5.9986310746064335;2.891686379208358
2017-09-29;2556.0;6.997946611909651;2.9927012488908833
2017-09-29;2922.0;8.0;3.095658905413079
2017-09-29;3287.0;8.999315537303216;3.2001342357967255
2017-09-29;3652.0;9.998631074606434;3.3066021911648535
2017-09-29;4017.0;10.99794661190965;3.4139864941504783
2017-09-29;4383.0;12.0;3.5240868166008577
2017-09-29;4748.0;12.999315537303216;3.6365185823518997
2017-09-29;5113.0;13.998631074606434;3.751889395404273
2017-09-29;5478.0;14.99794661190965;3.870525615760667
2017-09-29;5844.0;16.0;3.9402400219358924
2017-09-29;6209.0;16.999315537303218;4.011952258482765
2017-09-29;6574.0;17.998631074606433;4.085996102362421
2017-09-29;6939.0;18.99794661190965;4.162517722976045
2017-09-29;7305.0;20.0;4.241945291543958
2017-09-29;7670.0;20.999315537303218;4.288908318309481
2017-09-29;8035.0;21.998631074606433;4.337779870641523
2017-09-29;8400.0;22.99794661190965;4.388626169271026
2017-09-29;8766.0;24.0;4.44171499765329
2017-09-29;9131.0;24.999315537303218;4.49679938283527
2017-09-29;9496.0;25.998631074606433;4.5541945964042485
2017-09-29;9861.0;26.99794661190965;4.614061778070222
2017-09-29;10227.0;28.0;4.676800285433935
2017-09-29;10592.0;28.999315537303218;4.742212814074476
2017-09-29;10957.0;29.998631074606433;4.810767588002629
2017-10-31;91.0;0.24914442162902123;2.202657256331558
2017-10-31;182.0;0.49828884325804246;2.229899298374771
2017-10-31;364.0;0.9965776865160849;2.2954438101693047
2017-10-31;365.0;0.999315537303217;2.2957913600290203
2017-10-31;730.0;1.998631074606434;2.424185631977749
2017-10-31;1095.0;2.9979466119096507;2.539566425438178
2017-10-31;1461.0;4.0;2.656569493441996
2017-10-31;1826.0;4.999315537303217;2.774706217847256
2017-10-31;2191.0;5.9986310746064335;2.8847462270588986
2017-10-31;2556.0;6.997946611909651;2.9964731749429374
2017-10-31;2922.0;8.0;3.1103844340006237
2017-10-31;3287.0;8.999315537303216;3.2260372360638057
2017-10-31;3652.0;9.998631074606434;3.3439833210896053
2017-10-31;4017.0;10.99794661190965;3.4304839691756683
2017-10-31;4383.0;12.0;3.5192351531772914
2017-10-31;4748.0;12.999315537303216;3.6098439435670704
2017-10-31;5113.0;13.998631074606434;3.702733753530252
2017-10-31;5478.0;14.99794661190965;3.798097147702073
2017-10-31;5844.0;16.0;3.8731239100991965
2017-10-31;6209.0;16.999315537303218;3.9501386460738086
2017-10-31;6574.0;17.998631074606433;4.0295244430970545
2017-10-31;6939.0;18.99794661190965;4.111463654927872
2017-10-31;7305.0;20.0;4.196434282279915
2017-10-31;7670.0;20.999315537303218;4.249646838322496
2017-10-31;8035.0;21.998631074606433;4.304892566823493
2017-10-31;8400.0;22.99794661190965;4.362271412668228
2017-10-31;8766.0;24.0;4.422105193023618
2017-10-31;9131.0;24.999315537303218;4.484148284820644
2017-10-31;9496.0;25.998631074606433;4.548776357071604
2017-10-31;9861.0;26.99794661190965;4.616197688828327
2017-10-31;10227.0;28.0;4.686888753576679
2017-10-31;10592.0;28.999315537303218;4.760668018148739
2017-10-31;10957.0;29.998631074606433;4.838099205755864
2017-11-30;91.0;0.24914442162902123;2.2098621639194254
2017-11-30;182.0;0.49828884325804246;2.2456192757306797
2017-11-30;364.0;0.9965776865160849;2.316354171759899
2017-11-30;365.0;0.999315537303217;2.316713176755081
2017-11-30;730.0;1.998631074606434;2.449355818565402
2017-11-30;1095.0;2.9979466119096507;2.5658216141699386
2017-11-30;1461.0;4.0;2.6839443643420724
2017-11-30;1826.0;4.999315537303217;2.8032292830529215
2017-11-30;2191.0;5.9986310746064335;2.9078172205095454
2017-11-30;2556.0;6.997946611909651;3.014026178105911
2017-11-30;2922.0;8.0;3.122310160566699
2017-11-30;3287.0;8.999315537303216;3.232232845194316
2017-11-30;3652.0;9.998631074606434;3.344305413816895
2017-11-30;4017.0;10.99794661190965;3.4309714100620337
2017-11-30;4383.0;12.0;3.5198590253228357
2017-11-30;4748.0;12.999315537303216;3.6105823490125477
2017-11-30;5113.0;13.998631074606434;3.7035693707763606
2017-11-30;5478.0;14.99794661190965;3.7990161502266417
2017-11-30;5844.0;16.0;3.8827138341452683
2017-11-30;6209.0;16.999315537303218;3.9686184729952334
2017-11-30;6574.0;17.998631074606433;4.057189125561522
2017-11-30;6939.0;18.99794661190965;4.148664927276413
2017-11-30;7305.0;20.0;4.243616167867059
2017-11-30;7670.0;20.999315537303218;4.2910912470038864
2017-11-30;8035.0;21.998631074606433;4.340508625161377
2017-11-30;8400.0;22.99794661190965;4.391936043198652
2017-11-30;8766.0;24.0;4.44564570635273
2017-11-30;9131.0;24.999315537303218;4.501388795620342
2017-11-30;9496.0;25.998631074606433;4.559486305625637
2017-11-30;9861.0;26.99794661190965;4.620103588042901
2017-11-30;10227.0;28.0;4.683647982785799
2017-11-30;10592.0;28.999315537303218;4.7499226916331905
2017-11-30;10957.0;29.998631074606433;4.819406220992173
2017-12-29;91.0;0.24914442162902123;2.2538667393741236
2017-12-29;182.0;0.49828884325804246;2.398586152240914
2017-12-29;364.0;0.9965776865160849;2.402040810324476
2017-12-29;365.0;0.999315537303217;2.4024562385957404
2017-12-29;730.0;1.998631074606434;2.556026878238571
2017-12-29;1095.0;2.9979466119096507;2.639379094587535
2017-12-29;1461.0;4.0;2.724001557646516
2017-12-29;1826.0;4.999315537303217;2.809437761001976
2017-12-29;2191.0;5.9986310746064335;2.914041336646034
2017-12-29;2556.0;6.997946611909651;3.0201301227749333
2017-12-29;2922.0;8.0;3.128204259302425
2017-12-29;3287.0;8.999315537303216;3.237856209369694
2017-12-29;3652.0;9.998631074606434;3.3496104342696675
2017-12-29;4017.0;10.99794661190965;3.44662054599425
2017-12-29;4383.0;12.0;3.54608844527744
2017-12-29;4748.0;12.999315537303216;3.647630127742141
2017-12-29;5113.0;13.998631074606434;3.751763112601414
2017-12-29;5478.0;14.99794661190965;3.858747429334497
2017-12-29;5844.0;16.0;3.9135741947492253
2017-12-29;6209.0;16.999315537303218;3.9700143527757525
2017-12-29;6574.0;17.998631074606433;4.028289160729881
2017-12-29;6939.0;18.99794661190965;4.088468966250836
2017-12-29;7305.0;20.0;4.150846390604235
2017-12-29;7670.0;20.999315537303218;4.203814861706245
2017-12-29;8035.0;21.998631074606433;4.258684940210977
2017-12-29;8400.0;22.99794661190965;4.31555975993434
2017-12-29;8766.0;24.0;4.374756934427215
2017-12-29;9131.0;24.999315537303218;4.436038539283227
2017-12-29;9496.0;25.998631074606433;4.499771126637797
2017-12-29;9861.0;26.99794661190965;4.5661560848494265
2017-12-29;10227.0;28.0;4.63565411845166
2017-12-29;10592.0;28.999315537303218;4.708082901522892
2017-12-29;10957.0;29.998631074606433;4.783983633298883
2018-01-31;91.0;0.24914442162902123;2.3077081556709853
2018-01-31;182.0;0.49828884325804246;2.3425549808848265
2018-01-31;364.0;0.9965776865160849;2.4176143100452414
2018-01-31;365.0;0.999315537303217;2.4179628313859114
2018-01-31;730.0;1.998631074606434;2.546794030944688
2018-01-31;1095.0;2.9979466119096507;2.671797854317326
2018-01-31;1461.0;4.0;2.798624137739103
2018-01-31;1826.0;4.999315537303217;2.9267712388187483
2018-01-31;2191.0;5.9986310746064335;3.0140300547086385
2018-01-31;2556.0;6.997946611909651;3.1027527429201562
2018-01-31;2922.0;8.0;3.1932512106549904
2018-01-31;3287.0;8.999315537303216;3.2851098091840614
2018-01-31;3652.0;9.998631074606434;3.3787161876115857
2018-01-31;4017.0;10.99794661190965;3.474617671168434
2018-01-31;4383.0;12.0;3.572890842647336
2018-01-31;4748.0;12.999315537303216;3.673167670043731
2018-01-31;5113.0;13.998631074606434;3.7759642723675046
2018-01-31;5478.0;14.99794661190965;3.881540554991769
2018-01-31;5844.0;16.0;3.934552726990992
2018-01-31;6209.0;16.999315537303218;3.989116926330949
2018-01-31;6574.0;17.998631074606433;4.045444602817794
2018-01-31;6939.0;18.99794661190965;4.103600884209979
2018-01-31;7305.0;20.0;4.163865105675413
2018-01-31;7670.0;20.999315537303218;4.216127834750671
2018-01-31;8035.0;21.998631074606433;4.270244551297964
2018-01-31;8400.0;22.99794661190965;4.326316941884012
2018-01-31;8766.0;24.0;4.384657018386018
2018-01-31;9131.0;24.999315537303218;4.445030049637677
2018-01-31;9496.0;25.998631074606433;4.507795090427513
2018-01-31;9861.0;26.99794661190965;4.573148128096949
2018-01-31;10227.0;28.0;4.641539194698496
2018-01-31;10592.0;28.999315537303218;4.712785592429247
2018-01-31;10957.0;29.998631074606433;4.787414566569392
2018-02-28;91.0;0.24914442162902123;2.3135918511138804
2018-02-28;182.0;0.49828884325804246;2.3278215525483943
2018-02-28;364.0;0.9965776865160849;2.393839460567551
2018-02-28;365.0;0.999315537303217;2.3940377134075375
2018-02-28;730.0;1.998631074606434;2.4672930140350546
2018-02-28;1095.0;2.9979466119096507;2.574334216719132
2018-02-28;1461.0;4.0;2.682788239721101
2018-02-28;1826.0;4.999315537303217;2.792242881177609
2018-02-28;2191.0;5.9986310746064335;2.8966540062342228
2018-02-28;2556.0;6.997946611909651;3.0026236408385865
2018-02-28;2922.0;8.0;3.1106223852010118
2018-02-28;3287.0;8.999315537303216;3.220225377080599
2018-02-28;3652.0;9.998631074606434;3.331947112266609
2018-02-28;4017.0;10.99794661190965;3.427081344822258
2018-02-28;4383.0;12.0;3.52463122087463
2018-02-28;4748.0;12.999315537303216;3.624209514702259
2018-02-28;5113.0;13.998631074606434;3.7263152870693483
2018-02-28;5478.0;14.99794661190965;3.8311947775813593
2018-02-28;5844.0;16.0;3.8984589396971137
2018-02-28;6209.0;16.999315537303218;3.967576302521625
2018-02-28;6574.0;17.998631074606433;4.0388645394586975
2018-02-28;6939.0;18.99794661190965;4.112459114044387
2018-02-28;7305.0;20.0;4.188763160143538
2018-02-28;7670.0;20.999315537303218;4.240439392249273
2018-02-28;8035.0;21.998631074606433;4.29407247121687
2018-02-28;8400.0;22.99794661190965;4.349755382890064
2018-02-28;8766.0;24.0;4.407795631279221
2018-02-28;9131.0;24.999315537303218;4.467949615571576
2018-02-28;9496.0;25.998631074606433;4.53057535717154
2018-02-28;9861.0;26.99794661190965;4.5958672430107095
2018-02-28;10227.0;28.0;4.664277615358969
2018-02-28;10592.0;28.999315537303218;4.735620253561756
2018-02-28;10957.0;29.998631074606433;4.810427744477952
2018-03-30;91.0;0.24914442162902123;2.23588922208841
2018-03-30;182.0;0.49828884325804246;2.2760818113652443
2018-03-30;364.0;0.9965776865160849;2.3521449020675367
2018-03-30;365.0;0.999315537303217;2.3524062208180707
2018-03-30;730.0;1.998631074606434;2.4489560389541865
2018-03-30;1095.0;2.9979466119096507;2.5533037365688793
2018-03-30;1461.0;4.0;2.659063121296912
2018-03-30;1826.0;4.999315537303217;2.765800509949412
2018-03-30;2191.0;5.9986310746064335;2.8630919341553707
2018-03-30;2556.0;6.997946611909651;2.96181967135114
2018-03-30;2922.0;8.0;3.062402066740466
2018-03-30;3287.0;8.999315537303216;3.164426008957699
2018-03-30;3652.0;9.998631074606434;3.2683535747197956
2018-03-30;4017.0;10.99794661190965;3.374570605419902
2018-03-30;4383.0;12.0;3.4834291118168936
2018-03-30;4748.0;12.999315537303216;3.5945477040402407
2018-03-30;5113.0;13.998631074606434;3.7085228847974383
2018-03-30;5478.0;14.99794661190965;3.825671869016878
2018-03-30;5844.0;16.0;3.904081249650093
2018-03-30;6209.0;16.999315537303218;3.984663349388451
2018-03-30;6574.0;17.998631074606433;4.067825447948037
2018-03-30;6939.0;18.99794661190965;4.153766966429284
2018-03-30;7305.0;20.0;4.2430023624076885
2018-03-30;7670.0;20.999315537303218;4.289034546215631
2018-03-30;8035.0;21.998631074606433;4.3369957228029055
2018-03-30;8400.0;22.99794661190965;4.386944639195334
2018-03-30;8766.0;24.0;4.439140717865286
2018-03-30;9131.0;24.999315537303218;4.493333261693522
2018-03-30;9496.0;25.998631074606433;4.549829642883951
2018-03-30;9861.0;26.99794661190965;4.60878444510513
2018-03-30;10227.0;28.0;4.6705882547535715
2018-03-30;10592.0;28.999315537303218;4.735040275722224
2018-03-30;10957.0;29.998631074606433;4.802598795658031
2018-04-30;91.0;0.24914442162902123;2.296720535559656
2018-04-30;182.0;0.49828884325804246;2.323109373469689
2018-04-30;364.0;0.9965776865160849;2.373093245559239
2018-04-30;365.0;0.999315537303217;2.37337679207843
2018-04-30;730.0;1.998631074606434;2.4781543039449128
2018-04-30;1095.0;2.9979466119096507;2.5735680627299473
2018-04-30;1461.0;4.0;2.670293429651305
2018-04-30;1826.0;4.999315537303217;2.7679054950570547
2018-04-30;2191.0;5.9986310746064335;2.871309673662892
2018-04-30;2556.0;6.997946611909651;2.9762048687564713
2018-04-30;2922.0;8.0;3.083067292845687
2018-04-30;3287.0;8.999315537303216;3.19148180210882
2018-04-30;3652.0;9.998631074606434;3.3019582675296366
2018-04-30;4017.0;10.99794661190965;3.3989413527587997
2018-04-30;4383.0;12.0;3.49835854713767
2018-04-30;4748.0;12.999315537303216;3.5998246691102853
2018-04-30;5113.0;13.998631074606434;3.7038544643244853
2018-04-30;5478.0;14.99794661190965;3.810705081441501
2018-04-30;5844.0;16.0;3.8819695984425584
2018-04-30;6209.0;16.999315537303218;3.9551751883481367
2018-04-30;6574.0;17.998631074606433;4.030671144045561
2018-04-30;6939.0;18.99794661190965;4.108614974230074
2018-04-30;7305.0;20.0;4.189447291540671
2018-04-30;7670.0;20.999315537303218;4.24140530882664
2018-04-30;8035.0;21.998631074606433;4.2953566236002105
2018-04-30;8400.0;22.99794661190965;4.3513941416079005
2018-04-30;8766.0;24.0;4.409827863112525
2018-04-30;9131.0;24.999315537303218;4.4704117863208825
2018-04-30;9496.0;25.998631074606433;4.533507822672811
2018-04-30;9861.0;26.99794661190965;4.599313162452501
2018-04-30;10227.0;28.0;4.6682861150993515
2018-04-30;10592.0;28.999315537303218;4.740240557852782
2018-04-30;10957.0;29.998631074606433;4.815717163688116
2018-05-31;91.0;0.24914442162902123;2.318463505277125
2018-05-31;182.0;0.49828884325804246;2.362345091450719
2018-05-31;364.0;0.9965776865160849;2.42191316822976
2018-05-31;365.0;0.999315537303217;2.4221965363473874
2018-05-31;730.0;1.998631074606434;2.5269333626423363
2018-05-31;1095.0;2.9979466119096507;2.6242134405441986
2018-05-31;1461.0;4.0;2.7228482431151058
2018-05-31;1826.0;4.999315537303217;2.8224095597843224
2018-05-31;2191.0;5.9986310746064335;2.922603903372467
2018-05-31;2556.0;6.997946611909651;3.0242705587866014
2018-05-31;2922.0;8.0;3.1278606066368786
2018-05-31;3287.0;8.999315537303216;3.2329632631497462
2018-05-31;3652.0;9.998631074606434;3.3400665713058997
2018-05-31;4017.0;10.99794661190965;3.42365196299963
2018-05-31;4383.0;12.0;3.509336244318373
2018-05-31;4748.0;12.999315537303216;3.5967456680862098
2018-05-31;5113.0;13.998631074606434;3.6862879624937728
2018-05-31;5478.0;14.99794661190965;3.7781456892305387
2018-05-31;5844.0;16.0;3.852190000207134
2018-05-31;6209.0;16.999315537303218;3.928137270316312
2018-05-31;6574.0;17.998631074606433;4.006365279760615
2018-05-31;6939.0;18.99794661190965;4.087053022397225
2018-05-31;7305.0;20.0;4.170667814749307
2018-05-31;7670.0;20.999315537303218;4.2274587380038975
2018-05-31;8035.0;21.998631074606433;4.28634063688158
2018-05-31;8400.0;22.99794661190965;4.347434727691479
2018-05-31;8766.0;24.0;4.411094972956597
2018-05-31;9131.0;24.999315537303218;4.47707960778847
2018-05-31;9496.0;25.998631074606433;4.545800106733577
2018-05-31;9861.0;26.99794661190965;4.6174937932722315
2018-05-31;10227.0;28.0;4.6926830715575685
2018-05-31;10592.0;28.999315537303218;4.771199497773382
2018-05-31;10957.0;29.998631074606433;4.853664401296776
2018-06-29;91.0;0.24914442162902123;2.322207807040894
2018-06-29;182.0;0.49828884325804246;2.356510138034994
2018-06-29;364.0;0.9965776865160849;2.429860990940435
2018-06-29;365.0;0.999315537303217;2.4301058011795718
2018-06-29;730.0;1.998631074606434;2.5205881807125463
2018-06-29;1095.0;2.9979466119096507;2.6087303621837865
2018-06-29;1461.0;4.0;2.6980697842120094
2018-06-29;1826.0;4.999315537303217;2.7882139538903505
2018-06-29;2191.0;5.9986310746064335;2.8911885108213298
2018-06-29;2556.0;6.997946611909651;2.995620693732115
2018-06-29;2922.0;8.0;3.101995704590621
2018-06-29;3287.0;8.999315537303216;3.2099067272604254
2018-06-29;3652.0;9.998631074606434;3.3198646537603516
2018-06-29;4017.0;10.99794661190965;3.407301729657841
2018-06-29;4383.0;12.0;3.496929078328237
2018-06-29;4748.0;12.999315537303216;3.5883683225185647
2018-06-29;5113.0;13.998631074606434;3.682056452621474
2018-06-29;5478.0;14.99794661190965;3.7781957528119303
2018-06-29;5844.0;16.0;3.843697915287092
2018-06-29;6209.0;16.999315537303218;3.9109291837561955
2018-06-29;6574.0;17.998631074606433;3.9801962343027686
2018-06-29;6939.0;18.99794661190965;4.0516273758236965
2018-06-29;7305.0;20.0;4.1256073359838386
2018-06-29;7670.0;20.999315537303218;4.187219090290184
2018-06-29;8035.0;21.998631074606433;4.251015664152891
2018-06-29;8400.0;22.99794661190965;4.317146715679088
2018-06-29;8766.0;24.0;4.386010239781224
2018-06-29;9131.0;24.999315537303218;4.457369752309526
2018-06-29;9496.0;25.998631074606433;4.531686833900972
2018-06-29;9861.0;26.99794661190965;4.609240163269024
2018-06-29;10227.0;28.0;4.690617742604508
2018-06-29;10592.0;28.999315537303218;4.775671909967438
2018-06-29;10957.0;29.998631074606433;4.865107867471186
2018-07-31;91.0;0.24914442162902123;2.3424502682420068
2018-07-31;182.0;0.49828884325804246;2.358396394008871
2018-07-31;364.0;0.9965776865160849;2.4283250825470812
2018-07-31;365.0;0.999315537303217;2.428649193195409
2018-07-31;730.0;1.998631074606434;2.5484578786763024
2018-07-31;1095.0;2.9979466119096507;2.6286714040830494
2018-07-31;1461.0;4.0;2.7100425590224297
2018-07-31;1826.0;4.999315537303217;2.7921623029775633
2018-07-31;2191.0;5.9986310746064335;2.898141720725489
2018-07-31;2556.0;6.997946611909651;3.0055994066776393
2018-07-31;2922.0;8.0;3.1150523911397388
2018-07-31;3287.0;8.999315537303216;3.2260951760756384
2018-07-31;3652.0;9.998631074606434;3.3392636423214883
2018-07-31;4017.0;10.99794661190965;3.427578848352364
2018-07-31;4383.0;12.0;3.5181282208417874
2018-07-31;4748.0;12.999315537303216;3.6105302740426115
2018-07-31;5113.0;13.998631074606434;3.7052286786208866
2018-07-31;5478.0;14.99794661190965;3.8024305570190986
2018-07-31;5844.0;16.0;3.873886812445515
2018-07-31;6209.0;16.999315537303218;3.947232430373404
2018-07-31;6574.0;17.998631074606433;4.022821910980401
2018-07-31;6939.0;18.99794661190965;4.100817245268162
2018-07-31;7305.0;20.0;4.181661139316883
2018-07-31;7670.0;20.999315537303218;4.235835089733619
2018-07-31;8035.0;21.998631074606433;4.292032969499426
2018-07-31;8400.0;22.99794661190965;4.350361285277193
2018-07-31;8766.0;24.0;4.411150034731426
2018-07-31;9131.0;24.999315537303218;4.474156069534074
2018-07-31;9496.0;25.998631074606433;4.539763268967811
2018-07-31;9861.0;26.99794661190965;4.608186601835773
2018-07-31;10227.0;28.0;4.679912217423299
2018-07-31;10592.0;28.999315537303218;4.754761834265331
2018-07-31;10957.0;29.998631074606433;4.8333106760705125
2018-08-31;91.0;0.24914442162902123;2.3548852325969998
2018-08-31;182.0;0.49828884325804246;2.3772287773813905
2018-08-31;364.0;0.9965776865160849;2.4519943545967666
2018-08-31;365.0;0.999315537303217;2.4523276057746735
2018-08-31;730.0;1.998631074606434;2.575531622560834
2018-08-31;1095.0;2.9979466119096507;2.6635987169604913
2018-08-31;1461.0;4.0;2.752945606545465
2018-08-31;1826.0;4.999315537303217;2.8431414365335916
2018-08-31;2191.0;5.9986310746064335;2.9455833909599383
2018-08-31;2556.0;6.997946611909651;3.0495034114263797
2018-08-31;2922.0;8.0;3.15538220542968
2018-08-31;3287.0;8.999315537303216;3.262813542099141
2018-08-31;3652.0;9.998631074606434;3.372306253080226
2018-08-31;4017.0;10.99794661190965;3.4575828402413356
2018-08-31;4383.0;12.0;3.545020445397906
2018-08-31;4748.0;12.999315537303216;3.6342429845239055
2018-08-31;5113.0;13.998631074606434;3.7256722729922975
2018-08-31;5478.0;14.99794661190965;3.819500938931797
2018-08-31;5844.0;16.0;3.8766247655479313
2018-08-31;6209.0;16.999315537303218;3.9353082102705494
2018-08-31;6574.0;17.998631074606433;3.995795820476955
2018-08-31;6939.0;18.99794661190965;4.0581748055621425
2018-08-31;7305.0;20.0;4.122757774887842
2018-08-31;7670.0;20.999315537303218;4.182576046278985
2018-08-31;8035.0;21.998631074606433;4.244460121114657
2018-08-31;8400.0;22.99794661190965;4.308552053953885
2018-08-31;8766.0;24.0;4.375231906448818
2018-08-31;9131.0;24.999315537303218;4.444266269381569
2018-08-31;9496.0;25.998631074606433;4.516093209542382
2018-08-31;9861.0;26.99794661190965;4.590972152760808
2018-08-31;10227.0;28.0;4.669457428041546
2018-08-31;10592.0;28.999315537303218;4.751392555459866
2018-08-31;10957.0;29.998631074606433;4.837437553050994
2018-09-28;91.0;0.24914442162902123;2.3604641501711727
2018-09-28;182.0;0.49828884325804246;2.382316728257486
2018-09-28;364.0;0.9965776865160849;2.465321459382314
2018-09-28;365.0;0.999315537303217;2.465685286386332
2018-09-28;730.0;1.998631074606434;2.600209773871387
2018-09-28;1095.0;2.9979466119096507;2.689180928712598
2018-09-28;1461.0;4.0;2.7794760277600083
2018-09-28;1826.0;4.999315537303217;2.870648519697516
2018-09-28;2191.0;5.9986310746064335;2.9634440865847766
2018-09-28;2556.0;6.997946611909651;3.0575928580712786
2018-09-28;2922.0;8.0;3.1535020274956027
2018-09-28;3287.0;8.999315537303216;3.250780071542869
2018-09-28;3652.0;9.998631074606434;3.349866961464487
2018-09-28;4017.0;10.99794661190965;3.4257807298903487
2018-09-28;4383.0;12.0;3.503568553241254
2018-09-28;4748.0;12.999315537303216;3.5828752469315273
2018-09-28;5113.0;13.998631074606434;3.664054926161109
2018-09-28;5478.0;14.99794661190965;3.747255231740776
2018-09-28;5844.0;16.0;3.82128004324358
2018-09-28;6209.0;16.999315537303218;3.897124710626665
2018-09-28;6574.0;17.998631074606433;3.97517065291233
2018-09-28;6939.0;18.99794661190965;4.0556001315369405
2018-09-28;7305.0;20.0;4.138879085702296
2018-09-28;7670.0;20.999315537303218;4.1961953959205545
2018-09-28;8035.0;21.998631074606433;4.255561407351238
2018-09-28;8400.0;22.99794661190965;4.317102504174719
2018-09-28;8766.0;24.0;4.38117585784179
2018-09-28;9131.0;24.999315537303218;4.447542505715463
2018-09-28;9496.0;25.998631074606433;4.516615756634024
2018-09-28;9861.0;26.99794661190965;4.58863433749046
2018-09-28;10227.0;28.0;4.664121353013684
2018-09-28;10592.0;28.999315537303218;4.742909137632023
2018-09-28;10957.0;29.998631074606433;4.825618687423994
2018-10-31;91.0;0.24914442162902123;2.3679808297450915
2018-10-31;182.0;0.49828884325804246;2.397759362687904
2018-10-31;364.0;0.9965776865160849;2.4726536581185994
2018-10-31;365.0;0.999315537303217;2.4729987105749585
2018-10-31;730.0;1.998631074606434;2.6005815160690338
2018-10-31;1095.0;2.9979466119096507;2.673693476128425
2018-10-31;1461.0;4.0;2.747901508307038
2018-10-31;1826.0;4.999315537303217;2.8228034716083705
2018-10-31;2191.0;5.9986310746064335;2.9330410400955076
2018-10-31;2556.0;6.997946611909651;3.0448070492744783
2018-10-31;2922.0;8.0;3.158662102107712
2018-10-31;3287.0;8.999315537303216;3.2742019101668296
2018-10-31;3652.0;9.998631074606434;3.3919988893612807
2018-10-31;4017.0;10.99794661190965;3.474673004830997
2018-10-31;4383.0;12.0;3.5594919988023666
2018-10-31;4748.0;12.999315537303216;3.646073825247198
2018-10-31;5113.0;13.998631074606434;3.7348166022936446
2018-10-31;5478.0;14.99794661190965;3.8258966381468085
2018-10-31;5844.0;16.0;3.882831694009292
2018-10-31;6209.0;16.999315537303218;3.9413242226459255
2018-10-31;6574.0;17.998631074606433;4.001617604173324
2018-10-31;6939.0;18.99794661190965;4.0637983717968895
2018-10-31;7305.0;20.0;4.1281778321931695
2018-10-31;7670.0;20.999315537303218;4.185149312720826
2018-10-31;8035.0;21.998631074606433;4.244097639800937
2018-10-31;8400.0;22.99794661190965;4.3051490004172965
2018-10-31;8766.0;24.0;4.368656709965135
2018-10-31;9131.0;24.999315537303218;4.434386068337681
2018-10-31;9496.0;25.998631074606433;4.502743656393426
2018-10-31;9861.0;26.99794661190965;4.573963070690401
2018-10-31;10227.0;28.0;4.6485565283510555
2018-10-31;10592.0;28.999315537303218;4.726355338371824
2018-10-31;10957.0;29.998631074606433;4.807965233906608
2018-11-30;91.0;0.24914442162902123;2.3780348659346546
2018-11-30;182.0;0.49828884325804246;2.4083990944692637
2018-11-30;364.0;0.9965776865160849;2.4783786895259152
2018-11-30;365.0;0.999315537303217;2.478683225100098
2018-11-30;730.0;1.998631074606434;2.5912796751647704
2018-11-30;1095.0;2.9979466119096507;2.67757841808971
2018-11-30;1461.0;4.0;2.7651163008596047
2018-11-30;1826.0;4.999315537303217;2.8534789600145993
2018-11-30;2191.0;5.9986310746064335;2.9586435277585865
2018-11-30;2556.0;6.997946611909651;3.065321579896363
2018-11-30;2922.0;8.0;3.1740184204792854
2018-11-30;3287.0;8.999315537303216;3.284326357574252
2018-11-30;3652.0;9.998631074606434;3.3967759532116393
2018-11-30;4017.0;10.99794661190965;3.4843586541400295
2018-11-30;4383.0;12.0;3.5741854408443796
2018-11-30;4748.0;12.999315537303216;3.665875843340727
2018-11-30;5113.0;13.998631074606434;3.7598699135554137
2018-11-30;5478.0;14.99794661190965;3.8563731685956837
2018-11-30;5844.0;16.0;3.9051863385850982
2018-11-30;6209.0;16.999315537303218;3.955444964928989
2018-11-30;6574.0;17.998631074606433;4.007331495439703
2018-11-30;6939.0;18.99794661190965;4.060893024711176
2018-11-30;7305.0;20.0;4.116374503716891
2018-11-30;7670.0;20.999315537303218;4.173980962663015
2018-11-30;8035.0;21.998631074606433;4.233541809847008
2018-11-30;8400.0;22.99794661190965;4.295188372082981
2018-11-30;8766.0;24.0;4.359279272728256
2018-11-30;9131.0;24.999315537303218;4.425582778232839
2018-11-30;9496.0;25.998631074606433;4.4945102207606835
2018-11-30;9861.0;26.99794661190965;4.566299238995319
2018-11-30;10227.0;28.0;4.641467082455808
2018-11-30;10592.0;28.999315537303218;4.719847593739002
2018-11-30;10957.0;29.998631074606433;4.802052081658736
2018-12-31;91.0;0.24914442162902123;2.396149284681856
2018-12-31;182.0;0.49828884325804246;2.4490334059698387
2018-12-31;364.0;0.9965776865160849;2.4987818408942606
2018-12-31;365.0;0.999315537303217;2.4990529539426154
2018-12-31;730.0;1.998631074606434;2.5992959282230554
2018-12-31;1095.0;2.9979466119096507;2.68589187521755
2018-12-31;1461.0;4.0;2.773708371667105
2018-12-31;1826.0;4.999315537303217;2.8623453230021356
2018-12-31;2191.0;5.9986310746064335;2.9737456212995284
2018-12-31;2556.0;6.997946611909651;3.0867604408395533
2018-12-31;2922.0;8.0;3.2019442831071165
2018-12-31;3287.0;8.999315537303216;3.3188820674385333
2018-12-31;3652.0;9.998631074606434;3.4381526099479975
2018-12-31;4017.0;10.99794661190965;3.5210728682412595
2018-12-31;4383.0;12.0;3.606185230778669
2018-12-31;4748.0;12.999315537303216;3.6931035657006284
2018-12-31;5113.0;13.998631074606434;3.782227709353858
2018-12-31;5478.0;14.99794661190965;3.873735620978991
2018-12-31;5844.0;16.0;3.9071371826904455
2018-12-31;6209.0;16.999315537303218;3.941753646610513
2018-12-31;6574.0;17.998631074606433;3.9776636062909043
2018-12-31;6939.0;18.99794661190965;4.014852977456584
2018-12-31;7305.0;20.0;4.053454045589544
2018-12-31;7670.0;20.999315537303218;4.115735630800965
2018-12-31;8035.0;21.998631074606433;4.179992373281927
2018-12-31;8400.0;22.99794661190965;4.246385100852779
2018-12-31;8766.0;24.0;4.315313187899594
2018-12-31;9131.0;24.999315537303218;4.386553755458755
2018-12-31;9496.0;25.998631074606433;4.460561895015713
2018-12-31;9861.0;26.99794661190965;4.537611333151448
2018-12-31;10227.0;28.0;4.6182741464184
2018-12-31;10592.0;28.999315537303218;4.702402538953376
2018-12-31;10957.0;29.998631074606433;4.790675982842063
2019-01-31;91.0;0.24914442162902123;2.4054933973347974
2019-01-31;182.0;0.49828884325804246;2.431564225092038
2019-01-31;364.0;0.9965776865160849;2.4705549133231366
2019-01-31;365.0;0.999315537303217;2.470778133385698
2019-01-31;730.0;1.998631074606434;2.5532940271263183
2019-01-31;1095.0;2.9979466119096507;2.651991234714446
2019-01-31;1461.0;4.0;2.7520283683269087
2019-01-31;1826.0;4.999315537303217;2.8530007632473486
2019-01-31;2191.0;5.9986310746064335;2.9496948536900547
2019-01-31;2556.0;6.997946611909651;3.047822364633501
2019-01-31;2922.0;8.0;3.147808730787238
2019-01-31;3287.0;8.999315537303216;3.2492491398221857
2019-01-31;3652.0;9.998631074606434;3.3526075716443504
2019-01-31;4017.0;10.99794661190965;3.447461209146363
2019-01-31;4383.0;12.0;3.544678582104055
2019-01-31;4748.0;12.999315537303216;3.643884587277113
2019-01-31;5113.0;13.998631074606434;3.7455820578200516
2019-01-31;5478.0;14.99794661190965;3.850020645965224
2019-01-31;5844.0;16.0;3.902946793453088
2019-01-31;6209.0;16.999315537303218;3.957416260183777
2019-01-31;6574.0;17.998631074606433;4.013638735096192
2019-01-31;6939.0;18.99794661190965;4.071677783714889
2019-01-31;7305.0;20.0;4.131810619758247
2019-01-31;7670.0;20.999315537303218;4.185426748401966
2019-01-31;8035.0;21.998631074606433;4.240924906032073
2019-01-31;8400.0;22.99794661190965;4.298412835636678
2019-01-31;8766.0;24.0;4.3582131754612785
2019-01-31;9131.0;24.999315537303218;4.420090151917067
2019-01-31;9496.0;25.998631074606433;4.4844148387549465
2019-01-31;9861.0;26.99794661190965;4.5513922514177185
2019-01-31;10227.0;28.0;4.621487865817642
2019-01-31;10592.0;28.999315537303218;4.694521090259696
2019-01-31;10957.0;29.998631074606433;4.771038340604994
2019-02-28;91.0;0.24914442162902123;2.388925793300854
2019-02-28;182.0;0.49828884325804246;2.382712367722939
2019-02-28;364.0;0.9965776865160849;2.3526769566649706
2019-02-28;365.0;0.999315537303217;2.352945628884484
2019-02-28;730.0;1.998631074606434;2.4522139580278157
2019-02-28;1095.0;2.9979466119096507;2.5318395112081005
2019-02-28;1461.0;4.0;2.61254474570336
2019-02-28;1826.0;4.999315537303217;2.6939464284307935
2019-02-28;2191.0;5.9986310746064335;2.78802401953524
2019-02-28;2556.0;6.997946611909651;2.883360842522409
2019-02-28;2922.0;8.0;2.980384644898204
2019-02-28;3287.0;8.999315537303216;3.0787085112152335
2019-02-28;3652.0;9.998631074606434;3.178779043296709
2019-02-28;4017.0;10.99794661190965;3.273820366194391
2019-02-28;4383.0;12.0;3.3711165359688877
2019-02-28;4748.0;12.999315537303216;3.470295239005483
2019-02-28;5113.0;13.998631074606434;3.5718550785526437
2019-02-28;5478.0;14.99794661190965;3.676039861294944
2019-02-28;5844.0;16.0;3.738662764220213
2019-02-28;6209.0;16.999315537303218;3.8029247974016744
2019-02-28;6574.0;17.998631074606433;3.8691059352378154
2019-02-28;6939.0;18.99794661190965;3.9373147393107377
2019-02-28;7305.0;20.0;4.007904239127247
2019-02-28;7670.0;20.999315537303218;4.073020982410247
2019-02-28;8035.0;21.998631074606433;4.140372315030438
2019-02-28;8400.0;22.99794661190965;4.21012464610635
2019-02-28;8766.0;24.0;4.282703615969052
2019-02-28;9131.0;24.999315537303218;4.357872772457849
2019-02-28;9496.0;25.998631074606433;4.436124990476631
2019-02-28;9861.0;26.99794661190965;4.51776368332808
2019-02-28;10227.0;28.0;4.603417647001562
2019-02-28;10592.0;28.999315537303218;4.692949327184226
2019-02-28;10957.0;29.998631074606433;4.787116059397256
2019-03-29;91.0;0.24914442162902123;2.379615521870223
2019-03-29;182.0;0.49828884325804246;2.3901948145660947
2019-03-29;364.0;0.9965776865160849;2.3923219790452426
2019-03-29;365.0;0.999315537303217;2.3924735193054714
2019-03-29;730.0;1.998631074606434;2.448463048699878
2019-03-29;1095.0;2.9979466119096507;2.5259389438675894
2019-03-29;1461.0;4.0;2.6043817284665316
2019-03-29;1826.0;4.999315537303217;2.68346296295332
2019-03-29;2191.0;5.9986310746064335;2.7751369974488904
2019-03-29;2556.0;6.997946611909651;2.8680139451714215
2019-03-29;2922.0;8.0;2.9625104696622273
2019-03-29;3287.0;8.999315537303216;3.058248044054457
2019-03-29;3652.0;9.998631074606434;3.155658239542425
2019-03-29;4017.0;10.99794661190965;3.254340712270576
2019-03-29;4383.0;12.0;3.355345456732417
2019-03-29;4748.0;12.999315537303216;3.458301464758362
2019-03-29;5113.0;13.998631074606434;3.563738169104802
2019-03-29;5478.0;14.99794661190965;3.671921244652432
2019-03-29;5844.0;16.0;3.7358559235358912
2019-03-29;6209.0;16.999315537303218;3.8014694523799797
2019-03-29;6574.0;17.998631074606433;3.8690506118519874
2019-03-29;6939.0;18.99794661190965;3.938713559025797
2019-03-29;7305.0;20.0;4.010822507483924
2019-03-29;7670.0;20.999315537303218;4.070650076421156
2019-03-29;8035.0;21.998631074606433;4.132556453396408
2019-03-29;8400.0;22.99794661190965;4.196676127319532
2019-03-29;8766.0;24.0;4.263383102767171
2019-03-29;9131.0;24.999315537303218;4.332434829919474
2019-03-29;9496.0;25.998631074606433;4.404263314600265
2019-03-29;9861.0;26.99794661190965;4.479120572627826
2019-03-29;10227.0;28.0;4.557553421051597
2019-03-29;10592.0;28.999315537303218;4.639395650550715
2019-03-29;10957.0;29.998631074606433;4.725297607997314
2019-04-30;91.0;0.24914442162902123;2.3756879998378344
2019-04-30;182.0;0.49828884325804246;2.3993718752018025
2019-04-30;364.0;0.9965776865160849;2.3620624826766528
2019-04-30;365.0;0.999315537303217;2.362182800759771
2019-04-30;730.0;1.998631074606434;2.4066274642635888
2019-04-30;1095.0;2.9979466119096507;2.472786924085968
2019-04-30;1461.0;4.0;2.539738019280069
2019-04-30;1826.0;4.999315537303217;2.607194895412146
2019-04-30;2191.0;5.9986310746064335;2.700524664055459
2019-04-30;2556.0;6.997946611909651;2.795006674382572
2019-04-30;2922.0;8.0;2.8910828369483
2019-04-30;3287.0;8.999315537303216;2.9883798692082575
2019-04-30;3652.0;9.998631074606434;3.0873421938450996
2019-04-30;4017.0;10.99794661190965;3.1773591005323176
2019-04-30;4383.0;12.0;3.269444753322248
2019-04-30;4748.0;12.999315537303216;3.363232287816431
2019-04-30;5113.0;13.998631074606434;3.459176988180457
2019-04-30;5478.0;14.99794661190965;3.5574908956827134
2019-04-30;5844.0;16.0;3.639358401306758
2019-04-30;6209.0;16.999315537303218;3.7232278413674047
2019-04-30;6574.0;17.998631074606433;3.8095327017034553
2019-04-30;6939.0;18.99794661190965;3.8984893417712385
2019-04-30;7305.0;20.0;3.9906294522173757
2019-04-30;7670.0;20.999315537303218;4.05587791682569
2019-04-30;8035.0;21.998631074606433;4.123445864240272
2019-04-30;8400.0;22.99794661190965;4.193495490387011
2019-04-30;8766.0;24.0;4.266453439254025
2019-04-30;9131.0;24.999315537303218;4.342075864799377
2019-04-30;9496.0;25.998631074606433;4.420859951840805
2019-04-30;9861.0;26.99794661190965;4.503111788717873
2019-04-30;10227.0;28.0;4.589468660743479
2019-04-30;10592.0;28.999315537303218;4.679791792342969
2019-04-30;10957.0;29.998631074606433;4.7748514193942215
2019-05-31;91.0;0.24914442162902123;2.364016660944989
2019-05-31;182.0;0.49828884325804246;2.3288493735159483
2019-05-31;364.0;0.9965776865160849;2.341665658651436
2019-05-31;365.0;0.999315537303217;2.3417317430118434
2019-05-31;730.0;1.998631074606434;2.3661379341842315
2019-05-31;1095.0;2.9979466119096507;2.43284796576817
2019-05-31;1461.0;4.0;2.5003099375166427
2019-05-31;1826.0;4.999315537303217;2.5682580489461815
2019-05-31;2191.0;5.9986310746064335;2.6554127682016926
2019-05-31;2556.0;6.997946611909651;2.743621868775037
2019-05-31;2922.0;8.0;2.833283745451931
2019-05-31;3287.0;8.999315537303216;2.9240375436631494
2019-05-31;3652.0;9.998631074606434;3.016285358589732
2019-05-31;4017.0;10.99794661190965;3.108992797266219
2019-05-31;4383.0;12.0;3.203770674954809
2019-05-31;4748.0;12.999315537303216;3.3002557816981026
2019-05-31;5113.0;13.998631074606434;3.3989247491222674
2019-05-31;5478.0;14.99794661190965;3.500003620906167
2019-05-31;5844.0;16.0;3.5593919960874354
2019-05-31;6209.0;16.999315537303218;3.620237813140581
2019-05-31;6574.0;17.998631074606433;3.682796000489086
2019-05-31;6939.0;18.99794661190965;3.747157734252493
2019-05-31;7305.0;20.0;3.8136411422846406
2019-05-31;7670.0;20.999315537303218;3.884208921469323
2019-05-31;8035.0;21.998631074606433;3.957058903085353
2019-05-31;8400.0;22.99794661190965;4.032384467878902
2019-05-31;8766.0;24.0;4.110653514890394
2019-05-31;9131.0;24.999315537303218;4.191632092457587
2019-05-31;9496.0;25.998631074606433;4.2758601849972155
2019-05-31;9861.0;26.99794661190965;4.363678999923226
2019-05-31;10227.0;28.0;4.455778345146877
2019-05-31;10592.0;28.999315537303218;4.552038039826978
2019-05-31;10957.0;29.998631074606433;4.653293526632418
2019-06-28;91.0;0.24914442162902123;2.3708819659681604
2019-06-28;182.0;0.49828884325804246;2.3581591800207824
2019-06-28;364.0;0.9965776865160849;2.364644750547207
2019-06-28;365.0;0.999315537303217;2.3647613860193095
2019-06-28;730.0;1.998631074606434;2.4078459746313285
2019-06-28;1095.0;2.9979466119096507;2.471949170173815
2019-06-28;1461.0;4.0;2.5368164359193646
2019-06-28;1826.0;4.999315537303217;2.6021693140567015
2019-06-28;2191.0;5.9986310746064335;2.6796568144848543
2019-06-28;2556.0;6.997946611909651;2.7580790523184184
2019-06-28;2922.0;8.0;2.8377726571254147
2019-06-28;3287.0;8.999315537303216;2.918401228393974
2019-06-28;3652.0;9.998631074606434;3.000307405042313
2019-06-28;4017.0;10.99794661190965;3.0954343145991547
2019-06-28;4383.0;12.0;3.1926334666244616
2019-06-28;4748.0;12.999315537303216;3.2915506551045137
2019-06-28;5113.0;13.998631074606434;3.3926860713843876
2019-06-28;5478.0;14.99794661190965;3.496282474503265
2019-06-28;5844.0;16.0;3.5405191476542086
2019-06-28;6209.0;16.999315537303218;3.5859462048683843
2019-06-28;6574.0;17.998631074606433;3.632714482498467
2019-06-28;6939.0;18.99794661190965;3.680851218731185
2019-06-28;7305.0;20.0;3.730557693440395
2019-06-28;7670.0;20.999315537303218;3.8045499350846335
2019-06-28;8035.0;21.998631074606433;3.8808201873029358
2019-06-28;8400.0;22.99794661190965;3.959583153547741
2019-06-28;8766.0;24.0;4.041335309315297
2019-06-28;9131.0;24.999315537303218;4.125850767503936
2019-06-28;9496.0;25.998631074606433;4.2137002594619055
2019-06-28;9861.0;26.99794661190965;4.305251277772304
2019-06-28;10227.0;28.0;4.401232759379026
2019-06-28;10592.0;28.999315537303218;4.501541007218446
2019-06-28;10957.0;29.998631074606433;4.607061516482713
2019-07-31;91.0;0.24914442162902123;2.363449910280137
2019-07-31;182.0;0.49828884325804246;2.3664769145480604
2019-07-31;364.0;0.9965776865160849;2.363308520906653
2019-07-31;365.0;0.999315537303217;2.363331863340923
2019-07-31;730.0;1.998631074606434;2.3719529011640095
2019-07-31;1095.0;2.9979466119096507;2.4379876377496723
2019-07-31;1461.0;4.0;2.504737392975298
2019-07-31;1826.0;4.999315537303217;2.5719561091372523
2019-07-31;2191.0;5.9986310746064335;2.6563655389328478
2019-07-31;2556.0;6.997946611909651;2.7417882766221036
2019-07-31;2922.0;8.0;2.828606316919946
2019-07-31;3287.0;8.999315537303216;2.9164663422998283
2019-07-31;3652.0;9.998631074606434;3.0057534767973237
2019-07-31;4017.0;10.99794661190965;3.0998622926593944
2019-07-31;4383.0;12.0;3.1960565471486513
2019-07-31;4748.0;12.999315537303216;3.2939750430489134
2019-07-31;5113.0;13.998631074606434;3.394106586129242
2019-07-31;5478.0;14.99794661190965;3.4966857003500884
2019-07-31;5844.0;16.0;3.559732322284548
2019-07-31;6209.0;16.999315537303218;3.62430869359891
2019-07-31;6574.0;17.998631074606433;3.6906964791377783
2019-07-31;6939.0;18.99794661190965;3.7590043383766814
2019-07-31;7305.0;20.0;3.8295812058725787
2019-07-31;7670.0;20.999315537303218;3.892139174775444
2019-07-31;8035.0;21.998631074606433;3.9567370924242784
2019-07-31;8400.0;22.99794661190965;4.023520301738848
2019-07-31;8766.0;24.0;4.092878397549393
2019-07-31;9131.0;24.999315537303218;4.164567719339529
2019-07-31;9496.0;25.998631074606433;4.239035140121916
2019-07-31;9861.0;26.99794661190965;4.316542487694108
2019-07-31;10227.0;28.0;4.397653032511184
2019-07-31;10592.0;28.999315537303218;4.4822000101557125
2019-07-31;10957.0;29.998631074606433;4.570852212076959
2019-08-30;91.0;0.24914442162902123;2.259480088118248
2019-08-30;182.0;0.49828884325804246;2.2904127509751318
2019-08-30;364.0;0.9965776865160849;2.358078423242811
2019-08-30;365.0;0.999315537303217;2.3581437827421503
2019-08-30;730.0;1.998631074606434;2.3822841949513673
2019-08-30;1095.0;2.9979466119096507;2.4475645065627605
2019-08-30;1461.0;4.0;2.513581935771425
2019-08-30;1826.0;4.999315537303217;2.580075513302438
2019-08-30;2191.0;5.9986310746064335;2.66356905778371
2019-08-30;2556.0;6.997946611909651;2.7480668916263884
2019-08-30;2922.0;8.0;2.8339449511826764
2019-08-30;3287.0;8.999315537303216;2.920852082281744
2019-08-30;3652.0;9.998631074606434;3.009167799609913
2019-08-30;4017.0;10.99794661190965;3.1033839053223877
2019-08-30;4383.0;12.0;3.1996847948089213
2019-08-30;4748.0;12.999315537303216;3.297710319019753
2019-08-30;5113.0;13.998631074606434;3.3979507757305516
2019-08-30;5478.0;14.99794661190965;3.50064183571277
2019-08-30;5844.0;16.0;3.546495457091803
2019-08-30;6209.0;16.999315537303218;3.5935741613970285
2019-08-30;6574.0;17.998631074606433;3.6420386721200293
2019-08-30;6939.0;18.99794661190965;3.691921738575754
2019-08-30;7305.0;20.0;3.743436091193386
2019-08-30;7670.0;20.999315537303218;3.802851284662667
2019-08-30;8035.0;21.998631074606433;3.8640732617655216
2019-08-30;8400.0;22.99794661190965;3.927232341042397
2019-08-30;8766.0;24.0;3.992684152216097
2019-08-30;9131.0;24.999315537303218;4.060189386891944
2019-08-30;9496.0;25.998631074606433;4.130150561776325
2019-08-30;9861.0;26.99794661190965;4.202792923229737
2019-08-30;10227.0;28.0;4.278616504123267
2019-08-30;10592.0;28.999315537303218;4.357437711343604
2019-08-30;10957.0;29.998631074606433;4.439841211916096
2019-09-30;91.0;0.24914442162902123;2.3093117098884086
2019-09-30;182.0;0.49828884325804246;2.317481877901364
2019-09-30;364.0;0.9965776865160849;2.3515887195067893
2019-09-30;365.0;0.999315537303217;2.3516435902965815
2019-09-30;730.0;1.998631074606434;2.371908973129977
2019-09-30;1095.0;2.9979466119096507;2.432634284236279
2019-09-30;1461.0;4.0;2.4940322848765906
2019-09-30;1826.0;4.999315537303217;2.5558593956966247
2019-09-30;2191.0;5.9986310746064335;2.636125545005119
2019-09-30;2556.0;6.997946611909651;2.7173290719194387
2019-09-30;2922.0;8.0;2.7998300390608577
2019-09-30;3287.0;8.999315537303216;2.883288489069158
2019-09-30;3652.0;9.998631074606434;2.9680646792217713
2019-09-30;4017.0;10.99794661190965;3.053779686797653
2019-09-30;4383.0;12.0;3.1413328015496678
2019-09-30;4748.0;12.999315537303216;3.2303759641390872
2019-09-30;5113.0;13.998631074606434;3.3213336123650405
2019-09-30;5478.0;14.99794661190965;3.414395913741397
2019-09-30;5844.0;16.0;3.4858010843531018
2019-09-30;6209.0;16.999315537303218;3.5588240914949054
2019-09-30;6574.0;17.998631074606433;3.6338120366910642
2019-09-30;6939.0;18.99794661190965;3.7109182258788564
2019-09-30;7305.0;20.0;3.790562840093159
2019-09-30;7670.0;20.999315537303218;3.836973354056661
2019-09-30;8035.0;21.998631074606433;3.884957155990376
2019-09-30;8400.0;22.99794661190965;3.9345759328743624
2019-09-30;8766.0;24.0;3.98607650198215
2019-09-30;9131.0;24.999315537303218;4.039217195416311
2019-09-30;9496.0;25.998631074606433;4.094280349886459
2019-09-30;9861.0;26.99794661190965;4.1513984739407706
2019-09-30;10227.0;28.0;4.2109197499873074
2019-09-30;10592.0;28.999315537303218;4.272633048664032
2019-09-30;10957.0;29.998631074606433;4.336937249293205
2019-10-31;91.0;0.24914442162902123;2.3340600744793494
2019-10-31;182.0;0.49828884325804246;2.3309421475425967
2019-10-31;364.0;0.9965776865160849;2.355537391137901
2019-10-31;365.0;0.999315537303217;2.355523432614115
2019-10-31;730.0;1.998631074606434;2.3503686989249983
2019-10-31;1095.0;2.9979466119096507;2.397267459111996
2019-10-31;1461.0;4.0;2.4446269190861125
2019-10-31;1826.0;4.999315537303217;2.492274987385823
2019-10-31;2191.0;5.9986310746064335;2.5617351305758485
2019-10-31;2556.0;6.997946611909651;2.6319273854869207
2019-10-31;2922.0;8.0;2.703160874176591
2019-10-31;3287.0;8.999315537303216;2.77513555646256
2019-10-31;3652.0;9.998631074606434;2.8481510644783103
2019-10-31;4017.0;10.99794661190965;2.91767736295252
2019-10-31;4383.0;12.0;2.9885755117768475
2019-10-31;4748.0;12.999315537303216;3.060535652530838
2019-10-31;5113.0;13.998631074606434;3.1338704202367174
2019-10-31;5478.0;14.99794661190965;3.2086988125217486
2019-10-31;5844.0;16.0;3.2870106474928162
2019-10-31;6209.0;16.999315537303218;3.366908494586318
2019-10-31;6574.0;17.998631074606433;3.4487930384124343
2019-10-31;6939.0;18.99794661190965;3.5328543670321455
2019-10-31;7305.0;20.0;3.61956600632245
2019-10-31;7670.0;20.999315537303218;3.684668331802543
2019-10-31;8035.0;21.998631074606433;3.7517704178812172
2019-10-31;8400.0;22.99794661190965;3.8210250438733606
2019-10-31;8766.0;24.0;3.8928336578856193
2019-10-31;9131.0;24.999315537303218;3.9669488066721215
2019-10-31;9496.0;25.998631074606433;4.04382822226379
2019-10-31;9861.0;26.99794661190965;4.1237396256625924
2019-10-31;10227.0;28.0;4.207257649016327
2019-10-31;10592.0;28.999315537303218;4.2942114888581795
2019-10-31;10957.0;29.998631074606433;4.385281875439917
2019-11-29;91.0;0.24914442162902123;2.343124118366442
2019-11-29;182.0;0.49828884325804246;2.3443796922865894
2019-11-29;364.0;0.9965776865160849;2.3615477806239578
2019-11-29;365.0;0.999315537303217;2.3615647667585504
2019-11-29;730.0;1.998631074606434;2.367838110392251
2019-11-29;1095.0;2.9979466119096507;2.396424872678038
2019-11-29;1461.0;4.0;2.4252985017006123
2019-11-29;1826.0;4.999315537303217;2.454338172909698
2019-11-29;2191.0;5.9986310746064335;2.522530261708167
2019-11-29;2556.0;6.997946611909651;2.5913621567735357
2019-11-29;2922.0;8.0;2.6611576692554317
2019-11-29;3287.0;8.999315537303216;2.7316345613545456
2019-11-29;3652.0;9.998631074606434;2.8030911800426273
2019-11-29;4017.0;10.99794661190965;2.863414056009761
2019-11-29;4383.0;12.0;2.924898954968458
2019-11-29;4748.0;12.999315537303216;2.9872588655520005
2019-11-29;5113.0;13.998631074606434;3.050748187934671
2019-11-29;5478.0;14.99794661190965;3.1154523828692104
2019-11-29;5844.0;16.0;3.196699794703739
2019-11-29;6209.0;16.999315537303218;3.279520010618908
2019-11-29;6574.0;17.998631074606433;3.3643358238482746
2019-11-29;6939.0;18.99794661190965;3.451352558393639
2019-11-29;7305.0;20.0;3.541065966997592
2019-11-29;7670.0;20.999315537303218;3.599290603065186
2019-11-29;8035.0;21.998631074606433;3.659250022533267
2019-11-29;8400.0;22.99794661190965;3.721058953259715
2019-11-29;8766.0;24.0;3.7850523605621023
2019-11-29;9131.0;24.999315537303218;3.8509809946306373
2019-11-29;9496.0;25.998631074606433;3.919223134054528
2019-11-29;9861.0;26.99794661190965;3.9899812711836846
2019-11-29;10227.0;28.0;4.0637227632771555
2019-11-29;10592.0;28.999315537303218;4.140246650405643
2019-11-29;10957.0;29.998631074606433;4.220095281121883
2019-12-31;91.0;0.24914442162902123;2.325905558740132
2019-12-31;182.0;0.49828884325804246;2.3085209304236995
2019-12-31;364.0;0.9965776865160849;2.319470782968605
2019-12-31;365.0;0.999315537303217;2.319595765216542
2019-12-31;730.0;1.998631074606434;2.3657540183919634
2019-12-31;1095.0;2.9979466119096507;2.376841296263632
2019-12-31;1461.0;4.0;2.388120838368324
2019-12-31;1826.0;4.999315537303217;2.399492409027193
2019-12-31;2191.0;5.9986310746064335;2.4604715658343768
2019-12-31;2556.0;6.997946611909651;2.5219437379942145
2019-12-31;2922.0;8.0;2.5842075087799676
2019-12-31;3287.0;8.999315537303216;2.647013800555409
2019-12-31;3652.0;9.998631074606434;2.710625631685981
2019-12-31;4017.0;10.99794661190965;2.7784304200543675
2019-12-31;4383.0;12.0;2.8474629813509234
2019-12-31;4748.0;12.999315537303216;2.9174304728234013
2019-12-31;5113.0;13.998631074606434;2.9886376058868125
2019-12-31;5478.0;14.99794661190965;3.061198819670463
2019-12-31;5844.0;16.0;3.1370339636041855
2019-12-31;6209.0;16.999315537303218;3.2143029149729996
2019-12-31;6574.0;17.998631074606433;3.293383801283256
2019-12-31;6939.0;18.99794661190965;3.374449609511654
2019-12-31;7305.0;20.0;3.457942336036357
2019-12-31;7670.0;20.999315537303218;3.544736976168994
2019-12-31;8035.0;21.998631074606433;3.634215496814286
2019-12-31;8400.0;22.99794661190965;3.7266611153631057
2019-12-31;8766.0;24.0;3.8226904153887853
2019-12-31;9131.0;24.999315537303218;3.922088976621785
2019-12-31;9496.0;25.998631074606433;4.025576526112196
2019-12-31;9861.0;26.99794661190965;4.133651175549735
2019-12-31;10227.0;28.0;4.247253003284723
2019-12-31;10592.0;28.999315537303218;4.3663688733559525
2019-12-31;10957.0;29.998631074606433;4.492175484613514
2020-01-31;91.0;0.24914442162902123;2.3660056878841993
2020-01-31;182.0;0.49828884325804246;2.370378701715128
2020-01-31;364.0;0.9965776865160849;2.3764978521237325
2020-01-31;365.0;0.999315537303217;2.376524982933814
2020-01-31;730.0;1.998631074606434;2.386545901182102
2020-01-31;1095.0;2.9979466119096507;2.417454633247207
2020-01-31;1461.0;4.0;2.44868332892505
2020-01-31;1826.0;4.999315537303217;2.4800986143695525
2020-01-31;2191.0;5.9986310746064335;2.5145851357147864
2020-01-31;2556.0;6.997946611909651;2.549409965031746
2020-01-31;2922.0;8.0;2.584698833862298
2020-01-31;3287.0;8.999315537303216;2.620278893350614
2020-01-31;3652.0;9.998631074606434;2.656275420414045
2020-01-31;4017.0;10.99794661190965;2.723661412375633
2020-01-31;4383.0;12.0;2.7921340982648646
2020-01-31;4748.0;12.999315537303216;2.861427500438385
2020-01-31;5113.0;13.998631074606434;2.9318549118390047
2020-01-31;5478.0;14.99794661190965;3.0035381917136172
2020-01-31;5844.0;16.0;3.0594585393598717
2020-01-31;6209.0;16.999315537303218;3.1163339504928222
2020-01-31;6574.0;17.998631074606433;3.174407389804479
2020-01-31;6939.0;18.99794661190965;3.2337657376218853
2020-01-31;7305.0;20.0;3.294688520558231
2020-01-31;7670.0;20.999315537303218;3.3833991296702948
2020-01-31;8035.0;21.998631074606433;3.4746748975524877
2020-01-31;8400.0;22.99794661190965;3.5688054165749827
2020-01-31;8766.0;24.0;3.6664111205790606
2020-01-31;9131.0;24.999315537303218;3.767279484742958
2020-01-31;9496.0;25.998631074606433;3.872129265663715
2020-01-31;9861.0;26.99794661190965;3.9814554656818713
2020-01-31;10227.0;28.0;4.096191570786734
2020-01-31;10592.0;28.999315537303218;4.216317296926064
2020-01-31;10957.0;29.998631074606433;4.342995644362557
2020-02-28;91.0;0.24914442162902123;2.34589520496995
2020-02-28;182.0;0.49828884325804246;2.371222376281976
2020-02-28;364.0;0.9965776865160849;2.3777470225778066
2020-02-28;365.0;0.999315537303217;2.3778076669345394
2020-02-28;730.0;1.998631074606434;2.4002085315639965
2020-02-28;1095.0;2.9979466119096507;2.4364729822522246
2020-02-28;1461.0;4.0;2.4731400166104756
2020-02-28;1826.0;4.999315537303217;2.510043049160404
2020-02-28;2191.0;5.9986310746064335;2.5504800621708457
2020-02-28;2556.0;6.997946611909651;2.5913320922878125
2020-02-28;2922.0;8.0;2.6327491705062434
2020-02-28;3287.0;8.999315537303216;2.674531432383054
2020-02-28;3652.0;9.998631074606434;2.716829685547406
2020-02-28;4017.0;10.99794661190965;2.770776283109422
2020-02-28;4383.0;12.0;2.825610369987719
2020-02-28;4748.0;12.999315537303216;2.8810917153383464
2020-02-28;5113.0;13.998631074606434;2.9374503708319954
2020-02-28;5478.0;14.99794661190965;2.9947623845079985
2020-02-28;5844.0;16.0;3.054418336568543
2020-02-28;6209.0;16.999315537303218;3.115044541776446
2020-02-28;6574.0;17.998631074606433;3.1769123753859985
2020-02-28;6939.0;18.99794661190965;3.240127348551902
2020-02-28;7305.0;20.0;3.3049977580519307
2020-02-28;7670.0;20.999315537303218;3.3840639501196534
2020-02-28;8035.0;21.998631074606433;3.4653063224720393
2020-02-28;8400.0;22.99794661190965;3.5489525586953174
2020-02-28;8766.0;24.0;3.6355190830245965
2020-02-28;9131.0;24.999315537303218;3.7247731975725173
2020-02-28;9496.0;25.998631074606433;3.8173027390628
2020-02-28;9861.0;26.99794661190965;3.913483569292353
2020-02-28;10227.0;28.0;4.014061341737318
2020-02-28;10592.0;28.999315537303218;4.118923531927576
2020-02-28;10957.0;29.998631074606433;4.228971736428044
2020-03-31;91.0;0.24914442162902123;2.462514346807413
2020-03-31;182.0;0.49828884325804246;2.4435852941845884
2020-03-31;364.0;0.9965776865160849;2.4123140355139383
2020-03-31;365.0;0.999315537303217;2.4124480113905333
2020-03-31;730.0;1.998631074606434;2.4619513136056037
2020-03-31;1095.0;2.9979466119096507;2.482421800942869
2020-03-31;1461.0;4.0;2.5031905187030468
2020-03-31;1826.0;4.999315537303217;2.5241155830011186
2020-03-31;2191.0;5.9986310746064335;2.5669425009558156
2020-03-31;2556.0;6.997946611909651;2.610145344503878
2020-03-31;2922.0;8.0;2.6539089266089944
2020-03-31;3287.0;8.999315537303216;2.6980383045468015
2020-03-31;3652.0;9.998631074606434;2.7427024186637894
2020-03-31;4017.0;10.99794661190965;2.7888434831469633
2020-03-31;4383.0;12.0;2.8357529322613706
2020-03-31;4748.0;12.999315537303216;2.8832110712301517
2020-03-31;5113.0;13.998631074606434;2.9314038220092042
2020-03-31;5478.0;14.99794661190965;2.980385234000882
2020-03-31;5844.0;16.0;3.037175275599191
2020-03-31;6209.0;16.999315537303218;3.094842946240184
2020-03-31;6574.0;17.998631074606433;3.1536441152306693
2020-03-31;6939.0;18.99794661190965;3.2136760290994992
2020-03-31;7305.0;20.0;3.2752265553085413
2020-03-31;7670.0;20.999315537303218;3.3589985073440465
2020-03-31;8035.0;21.998631074606433;3.4450837336605034
2020-03-31;8400.0;22.99794661190965;3.5337390084273945
2020-03-31;8766.0;24.0;3.6255272640562497
2020-03-31;9131.0;24.999315537303218;3.7202251788028162
2020-03-31;9496.0;25.998631074606433;3.8184770837134785
2020-03-31;9861.0;26.99794661190965;3.9207093016407457
2020-03-31;10227.0;28.0;4.027746440727209
2020-03-31;10592.0;28.999315537303218;4.139512476818097
2020-03-31;10957.0;29.998631074606433;4.257016523359369
2020-04-30;91.0;0.24914442162902123;2.1874584083160062
2020-04-30;182.0;0.49828884325804246;2.1999692979658647
2020-04-30;364.0;0.9965776865160849;2.267993328409641
2020-04-30;365.0;0.999315537303217;2.2682137634472355
2020-04-30;730.0;1.998631074606434;2.34961816537429
2020-04-30;1095.0;2.9979466119096507;2.4001259302392164
2020-04-30;1461.0;4.0;2.4512990595215944
2020-04-30;1826.0;4.999315537303217;2.502856336291015
2020-04-30;2191.0;5.9986310746064335;2.5612603137630696
2020-04-30;2556.0;6.997946611909651;2.6203153867218942
2020-04-30;2922.0;8.0;2.6802510643929134
2020-04-30;3287.0;8.999315537303216;2.740792355955346
2020-04-30;3652.0;9.998631074606434;2.8021739199512785
2020-04-30;4017.0;10.99794661190965;2.8381919588540416
2020-04-30;4383.0;12.0;2.8749610412306614
2020-04-30;4748.0;12.999315537303216;2.9122629255324384
2020-04-30;5113.0;13.998631074606434;2.950215241013443
2020-04-30;5478.0;14.99794661190965;2.9888356678375416
2020-04-30;5844.0;16.0;3.053200387803434
2020-04-30;6209.0;16.999315537303218;3.118582593107644
2020-04-30;6574.0;17.998631074606433;3.1852882798676596
2020-04-30;6939.0;18.99794661190965;3.2534455981862775
2020-04-30;7305.0;20.0;3.323399779032976
2020-04-30;7670.0;20.999315537303218;3.40209405948102
2020-04-30;8035.0;21.998631074606433;3.4829556626693403
2020-04-30;8400.0;22.99794661190965;3.5662111337221747
2020-04-30;8766.0;24.0;3.652374380468215
2020-04-30;9131.0;24.999315537303218;3.7412133311750084
2020-04-30;9496.0;25.998631074606433;3.8333127539303957
2020-04-30;9861.0;26.99794661190965;3.929046148615245
2020-04-30;10227.0;28.0;4.029154932128098
2020-04-30;10592.0;28.999315537303218;4.133525744167055
2020-04-30;10957.0;29.998631074606433;4.243054551884118
2020-05-28;91.0;0.24914442162902123;2.1102036409117653
2020-05-28;182.0;0.49828884325804246;2.1288276039255187
2020-05-28;364.0;0.9965776865160849;2.208365104542454
2020-05-28;365.0;0.999315537303217;2.208528778199237
2020-05-28;730.0;1.998631074606434;2.268947607868177
2020-05-28;1095.0;2.9979466119096507;2.3173751171576162
2020-05-28;1461.0;4.0;2.3663902566217754
2020-05-28;1826.0;4.999315537303217;2.4157421312960947
2020-05-28;2191.0;5.9986310746064335;2.500943491166008
2020-05-28;2556.0;6.997946611909651;2.587068551442284
2020-05-28;2922.0;8.0;2.6745176967911455
2020-05-28;3287.0;8.999315537303216;2.762944159797698
2020-05-28;3652.0;9.998631074606434;2.852737974905639
2020-05-28;4017.0;10.99794661190965;2.8807047800942343
2020-05-28;4383.0;12.0;2.909493331534385
2020-05-28;4748.0;12.999315537303216;2.938870612153166
2020-05-28;5113.0;13.998631074606434;2.9688924276642936
2020-05-28;5478.0;14.99794661190965;2.9995422384639925
2020-05-28;5844.0;16.0;3.0546569783603816
2020-05-28;6209.0;16.999315537303218;3.110630294721961
2020-05-28;6574.0;17.998631074606433;3.167707488769267
2020-05-28;6939.0;18.99794661190965;3.22597958459212
2020-05-28;7305.0;20.0;3.2857229591914283
2020-05-28;7670.0;20.999315537303218;3.3628961285897763
2020-05-28;8035.0;21.998631074606433;3.442130246418018
2020-05-28;8400.0;22.99794661190965;3.5236421639567084
2020-05-28;8766.0;24.0;3.6079270753397674
2020-05-28;9131.0;24.999315537303218;3.6947513892112482
2020-05-28;9496.0;25.998631074606433;3.7846753268875766
2020-05-28;9861.0;26.99794661190965;3.878050481603057
2020-05-28;10227.0;28.0;3.975582547755141
2020-05-28;10592.0;28.999315537303218;4.077142841324366
2020-05-28;10957.0;29.998631074606433;4.183577973015251
2020-06-30;91.0;0.24914442162902123;1.6995283632153675
2020-06-30;182.0;0.49828884325804246;1.5736717094640722
2020-06-30;364.0;0.9965776865160849;1.7125481569733798
2020-06-30;365.0;0.999315537303217;1.7127753868333206
2020-06-30;730.0;1.998631074606434;1.7964595739499378
2020-06-30;1095.0;2.9979466119096507;1.8712394249159603
2020-06-30;1461.0;4.0;1.9468289398281824
2020-06-30;1826.0;4.999315537303217;2.0228726957850496
2020-06-30;2191.0;5.9986310746064335;2.1010887804478795
2020-06-30;2556.0;6.997946611909651;2.180131726901968
2020-06-30;2922.0;8.0;2.2603133582911994
2020-06-30;3287.0;8.999315537303216;2.341277883362025
2020-06-30;3652.0;9.998631074606434;2.423351448309252
2020-06-30;4017.0;10.99794661190965;2.4726120144975328
2020-06-30;4383.0;12.0;2.522827853287324
2020-06-30;4748.0;12.999315537303216;2.5737204642042766
2020-06-30;5113.0;13.998631074606434;2.6254635635597934
2020-06-30;5478.0;14.99794661190965;2.6780948642620483
2020-06-30;5844.0;16.0;2.7363978942287037
2020-06-30;6209.0;16.999315537303218;2.795609428899737
2020-06-30;6574.0;17.998631074606433;2.855978883098609
2020-06-30;6939.0;18.99794661190965;2.9175936161555116
2020-06-30;7305.0;20.0;2.9807382957093287
2020-06-30;7670.0;20.999315537303218;3.058734508771388
2020-06-30;8035.0;21.998631074606433;3.138749962000653
2020-06-30;8400.0;22.99794661190965;3.220987960151578
2020-06-30;8766.0;24.0;3.3059315051170657
2020-06-30;9131.0;24.999315537303218;3.3933282743471516
2020-06-30;9496.0;25.998631074606433;3.483723357103341
2020-06-30;9861.0;26.99794661190965;3.5774493553856646
2020-06-30;10227.0;28.0;3.675189909318388
2020-06-30;10592.0;28.999315537303218;3.7767907732810135
2020-06-30;10957.0;29.998631074606433;3.8830671252888527
2020-07-29;91.0;0.24914442162902123;1.5324656308918914
2020-07-29;182.0;0.49828884325804246;1.5977431225175034
2020-07-29;364.0;0.9965776865160849;1.686355569637549
2020-07-29;365.0;0.999315537303217;1.6866861099755104
2020-07-29;730.0;1.998631074606434;1.8084248931670155
2020-07-29;1095.0;2.9979466119096507;1.8808087918374072
2020-07-29;1461.0;4.0;1.9540325540456482
2020-07-29;1826.0;4.999315537303217;2.027716206812391
2020-07-29;2191.0;5.9986310746064335;2.1057558877881855
2020-07-29;2556.0;6.997946611909651;2.1846209681869233
2020-07-29;2922.0;8.0;2.264622592191956
2020-07-29;3287.0;8.999315537303216;2.345405700093184
2020-07-29;3652.0;9.998631074606434;2.4272956280135594
2020-07-29;4017.0;10.99794661190965;2.4739382012698874
2020-07-29;4383.0;12.0;2.5214984749434066
2020-07-29;4748.0;12.999315537303216;2.5697052488468763
2020-07-29;5113.0;13.998631074606434;2.6187178348990647
2020-07-29;5478.0;14.99794661190965;2.6685670276031415
2020-07-29;5844.0;16.0;2.7340088919252548
2020-07-29;6209.0;16.999315537303218;2.8004784446012065
2020-07-29;6574.0;17.998631074606433;2.86827107648
2020-07-29;6939.0;18.99794661190965;2.937502023925531
2020-07-29;7305.0;20.0;3.008508180862801
2020-07-29;7670.0;20.999315537303218;3.085928981366881
2020-07-29;8035.0;21.998631074606433;3.16538155972379
2020-07-29;8400.0;22.99794661190965;3.2470664053504183
2020-07-29;8766.0;24.0;3.3314632134407773
2020-07-29;9131.0;24.999315537303218;3.4183186053208026
2020-07-29;9496.0;25.998631074606433;3.5081746061646824
2020-07-29;9861.0;26.99794661190965;3.6013613915447884
2020-07-29;10227.0;28.0;3.6985591912248816
2020-07-29;10592.0;28.999315537303218;3.7996126693337517
2020-07-29;10957.0;29.998631074606433;3.905333115270282
2020-08-31;91.0;0.24914442162902123;1.6018560996841458
2020-08-31;182.0;0.49828884325804246;1.6492630949889842
2020-08-31;364.0;0.9965776865160849;1.722355600632313
2020-08-31;365.0;0.999315537303217;1.7227248298832931
2020-08-31;730.0;1.998631074606434;1.858746847612469
2020-08-31;1095.0;2.9979466119096507;1.929693195229576
2020-08-31;1461.0;4.0;2.0014990863658655
2020-08-31;1826.0;4.999315537303217;2.073775597466998
2020-08-31;2191.0;5.9986310746064335;2.1439724964217532
2020-08-31;2556.0;6.997946611909651;2.2149218882805632
2020-08-31;2922.0;8.0;2.286888815701693
2020-08-31;3287.0;8.999315537303216;2.359541493446593
2020-08-31;3652.0;9.998631074606434;2.433161953831253
2020-08-31;4017.0;10.99794661190965;2.4871086545229293
2020-08-31;4383.0;12.0;2.5420476029150985
2020-08-31;4748.0;12.999315537303216;2.5976965675506003
2020-08-31;5113.0;13.998631074606434;2.6542602642911195
2020-08-31;5478.0;14.99794661190965;2.711793345877833
2020-08-31;5844.0;16.0;2.7763046014066095
2020-08-31;6209.0;16.999315537303218;2.8418548067298044
2020-08-31;6574.0;17.998631074606433;2.90873324716292
2020-08-31;6939.0;18.99794661190965;2.977051368242556
2020-08-31;7305.0;20.0;3.047140449397734
2020-08-31;7670.0;20.999315537303218;3.11964493865442
2020-08-31;8035.0;21.998631074606433;3.1940324461895875
2020-08-31;8400.0;22.99794661190965;3.270477905846425
2020-08-31;8766.0;24.0;3.3494169089113512
2020-08-31;9131.0;24.999315537303218;3.4305936720606223
2020-08-31;9496.0;25.998631074606433;3.5144973703572946
2020-08-31;9861.0;26.99794661190965;3.6014138900502646
2020-08-31;10227.0;28.0;3.6919512634477014
2020-08-31;10592.0;28.999315537303218;3.785930150958139
2020-08-31;10957.0;29.998631074606433;3.8840668687341484
2020-09-30;91.0;0.24914442162902123;1.5255616204388318
2020-09-30;182.0;0.49828884325804246;1.5521991165586733
2020-09-30;364.0;0.9965776865160849;1.6953852901843323
2020-09-30;365.0;0.999315537303217;1.695808341911209
2020-09-30;730.0;1.998631074606434;1.8516529213510546
2020-09-30;1095.0;2.9979466119096507;1.9365899982865864
2020-09-30;1461.0;4.0;2.022570532754653
2020-09-30;1826.0;4.999315537303217;2.109149651968112
2020-09-30;2191.0;5.9986310746064335;2.173741849539512
2020-09-30;2556.0;6.997946611909651;2.2390900597374586
2020-09-30;2922.0;8.0;2.3054091040029423
2020-09-30;3287.0;8.999315537303216;2.3723734152884646
2020-09-30;3652.0;9.998631074606434;2.4402298693820823
2020-09-30;4017.0;10.99794661190965;2.5035609178212903
2020-09-30;4383.0;12.0;2.5680291376840136
2020-09-30;4748.0;12.999315537303216;2.633332482618078
2020-09-30;5113.0;13.998631074606434;2.699732874309646
2020-09-30;5478.0;14.99794661190965;2.767315807301851
2020-09-30;5844.0;16.0;2.800727724060237
2020-09-30;6209.0;16.999315537303218;2.8347768676311613
2020-09-30;6574.0;17.998631074606433;2.8695653845959956
2020-09-30;6939.0;18.99794661190965;2.905100990384857
2020-09-30;7305.0;20.0;2.9415111993520204
2020-09-30;7670.0;20.999315537303218;3.0214690122442045
2020-09-30;8035.0;21.998631074606433;3.1034302036055283
2020-09-30;8400.0;22.99794661190965;3.1876102758491953
2020-09-30;8766.0;24.0;3.274507253319392
2020-09-30;9131.0;24.999315537303218;3.3638748898474624
2020-09-30;9496.0;25.998631074606433;3.456273879962768
2020-09-30;9861.0;26.99794661190965;3.552050527942785
2020-09-30;10227.0;28.0;3.6519079171741797
2020-09-30;10592.0;28.999315537303218;3.7557010933287227
2020-09-30;10957.0;29.998631074606433;3.864269608577575
2020-10-28;91.0;0.24914442162902123;1.519058106558033
2020-10-28;182.0;0.49828884325804246;1.5518606722818595
2020-10-28;364.0;0.9965776865160849;1.6529303806267137
2020-10-28;365.0;0.999315537303217;1.6533910584434208
2020-10-28;730.0;1.998631074606434;1.8230724641979057
2020-10-28;1095.0;2.9979466119096507;1.9105530018836525
2020-10-28;1461.0;4.0;1.9991155834971464
2020-10-28;1826.0;4.999315537303217;2.0882979657541823
2020-10-28;2191.0;5.9986310746064335;2.17269258623467
2020-10-28;2556.0;6.997946611909651;2.258059118230915
2020-10-28;2922.0;8.0;2.3447307611284884
2020-10-28;3287.0;8.999315537303216;2.432324292434762
2020-10-28;3652.0;9.998631074606434;2.521198985721562
2020-10-28;4017.0;10.99794661190965;2.5759819209141055
2020-10-28;4383.0;12.0;2.6318763623127683
2020-10-28;4748.0;12.999315537303216;2.688578816160403
2020-10-28;5113.0;13.998631074606434;2.7462907924891145
2020-10-28;5478.0;14.99794661190965;2.8050630162792745
2020-10-28;5844.0;16.0;2.845229151751405
2020-10-28;6209.0;16.999315537303218;2.8861142180024224
2020-10-28;6574.0;17.998631074606433;2.9278581111189306
2020-10-28;6939.0;18.99794661190965;2.9704873247352825
2020-10-28;7305.0;20.0;3.0141695082732456
2020-10-28;7670.0;20.999315537303218;3.0874859577182834
2020-10-28;8035.0;21.998631074606433;3.1626225790727602
2020-10-28;8400.0;22.99794661190965;3.239760960269411
2020-10-28;8766.0;24.0;3.3193412741140182
2020-10-28;9131.0;24.999315537303218;3.401113587230342
2020-10-28;9496.0;25.998631074606433;3.4855696014810755
2020-10-28;9861.0;26.99794661190965;3.5729977353020193
2020-10-28;10227.0;28.0;3.664006999847591
2020-10-28;10592.0;28.999315537303218;3.7584207796841795
2020-10-28;10957.0;29.998631074606433;3.856954928890488
2020-11-30;91.0;0.24914442162902123;1.6261456429403516
2020-11-30;182.0;0.49828884325804246;1.7821976464066136
2020-11-30;364.0;0.9965776865160849;1.8608439511819939
2020-11-30;365.0;0.999315537303217;1.8614564875395923
2020-11-30;730.0;1.998631074606434;2.0873682676165295
2020-11-30;1095.0;2.9979466119096507;2.164469725958762
2020-11-30;1461.0;4.0;2.242718860595083
2020-11-30;1826.0;4.999315537303217;2.321617025733791
2020-11-30;2191.0;5.9986310746064335;2.3758020136073865
2020-11-30;2556.0;6.997946611909651;2.4306918568470115
2020-11-30;2922.0;8.0;2.486443058115384
2020-11-30;3287.0;8.999315537303216;2.5427642369270087
2020-11-30;3652.0;9.998631074606434;2.5998509789907365
2020-11-30;4017.0;10.99794661190965;2.655314098021222
2020-11-30;4383.0;12.0;2.711771802395546
2020-11-30;4748.0;12.999315537303216;2.7689537287712396
2020-11-30;5113.0;13.998631074606434;2.827083824003318
2020-11-30;5478.0;14.99794661190965;2.8862302247881777
2020-11-30;5844.0;16.0;2.9419801183647065
2020-11-30;6209.0;16.999315537303218;2.998644606521794
2020-11-30;6574.0;17.998631074606433;3.0564630880870025
2020-11-30;6939.0;18.99794661190965;3.1155193672257386
2020-11-30;7305.0;20.0;3.176087708368658
2020-11-30;7670.0;20.999315537303218;3.2288844364599445
2020-11-30;8035.0;21.998631074606433;3.2829813621601422
2020-11-30;8400.0;22.99794661190965;3.3384676987102235
2020-11-30;8766.0;24.0;3.3956198033829432
2020-11-30;9131.0;24.999315537303218;3.4541995565859684
2020-11-30;9496.0;25.998631074606433;3.5145102261317174
2020-11-30;9861.0;26.99794661190965;3.5766951648465994
2020-11-30;10227.0;28.0;3.6411171968959266
2020-11-30;10592.0;28.999315537303218;3.707557683957874
2020-11-30;10957.0;29.998631074606433;3.7764244579019612
2020-12-31;91.0;0.24914442162902123;1.4985054096227397
2020-12-31;182.0;0.49828884325804246;1.4871218843719218
2020-12-31;364.0;0.9965776865160849;1.6085680564482217
2020-12-31;365.0;0.999315537303217;1.6092188356567005
2020-12-31;730.0;1.998631074606434;1.8489517825837298
2020-12-31;1095.0;2.9979466119096507;1.9267575201585174
2020-12-31;1461.0;4.0;2.005644206055468
2020-12-31;1826.0;4.999315537303217;2.085115291735473
2020-12-31;2191.0;5.9986310746064335;2.147736952936663
2020-12-31;2556.0;6.997946611909651;2.2110806601121524
2020-12-31;2922.0;8.0;2.2753524797675118
2020-12-31;3287.0;8.999315537303216;2.34023480576091
2020-12-31;3652.0;9.998631074606434;2.4059644253983326
2020-12-31;4017.0;10.99794661190965;2.474614418612764
2020-12-31;4383.0;12.0;2.544479279896583
2020-12-31;4748.0;12.999315537303216;2.6152466956540943
2020-12-31;5113.0;13.998631074606434;2.6872115626896953
2020-12-31;5478.0;14.99794661190965;2.760477770916947
2020-12-31;5844.0;16.0;2.81780235378446
2020-12-31;6209.0;16.999315537303218;2.876100297705775
2020-12-31;6574.0;17.998631074606433;2.935611636513813
2020-12-31;6939.0;18.99794661190965;2.996416946624114
2020-12-31;7305.0;20.0;3.058794994360947
2020-12-31;7670.0;20.999315537303218;3.1169028424580247
2020-12-31;8035.0;21.998631074606433;3.176456310423381
2020-12-31;8400.0;22.99794661190965;3.237560998224809
2020-12-31;8766.0;24.0;3.3005293962096616
2020-12-31;9131.0;24.999315537303218;3.365110135562843
2020-12-31;9496.0;25.998631074606433;3.431648167625534
2020-12-31;9861.0;26.99794661190965;3.500315141059618
2020-12-31;10227.0;28.0;3.5715275296518634
2020-12-31;10592.0;28.999315537303218;3.6450639392324513
2020-12-31;10957.0;29.998631074606433;3.721397470131338
2021-01-29;91.0;0.24914442162902123;1.433345562872219
2021-01-29;182.0;0.49828884325804246;1.4585355012764474
2021-01-29;364.0;0.9965776865160849;1.5619345244094827
2021-01-29;365.0;0.999315537303217;1.5622739371145666
2021-01-29;730.0;1.998631074606434;1.6872053193930814
2021-01-29;1095.0;2.9979466119096507;1.7673620307379068
2021-01-29;1461.0;4.0;1.8484109047447461
2021-01-29;1826.0;4.999315537303217;1.9299486686635392
2021-01-29;2191.0;5.9986310746064335;2.0178473471844205
2021-01-29;2556.0;6.997946611909651;2.1066782054179
2021-01-29;2922.0;8.0;2.1968035187880153
2021-01-29;3287.0;8.999315537303216;2.2878358127122134
2021-01-29;3652.0;9.998631074606434;2.380154040571991
2021-01-29;4017.0;10.99794661190965;2.458767429552955
2021-01-29;4383.0;12.0;2.5388870493673554
2021-01-29;4748.0;12.999315537303216;2.6201561651505223
2021-01-29;5113.0;13.998631074606434;2.702922396105989
2021-01-29;5478.0;14.99794661190965;2.7873179399350523
2021-01-29;5844.0;16.0;2.8310536645466122
2021-01-29;6209.0;16.999315537303218;2.8756554019446767
2021-01-29;6574.0;17.998631074606433;2.9212724788132416
2021-01-29;6939.0;18.99794661190965;2.9679313689046527
2021-01-29;7305.0;20.0;3.0158167381386436
2021-01-29;7670.0;20.999315537303218;3.0688787648827764
2021-01-29;8035.0;21.998631074606433;3.1232285566679785
2021-01-29;8400.0;22.99794661190965;3.17895010159408
2021-01-29;8766.0;24.0;3.2363154064673827
2021-01-29;9131.0;24.999315537303218;3.2950795205672234
2021-01-29;9496.0;25.998631074606433;3.3555409201583064
2021-01-29;9861.0;26.99794661190965;3.4178370441941164
2021-01-29;10227.0;28.0;3.4823243442983376
2021-01-29;10592.0;28.999315537303218;3.5487768658639007
2021-01-29;10957.0;29.998631074606433;3.617594292011317
2021-02-26;91.0;0.24914442162902123;1.3730590549515627
2021-02-26;182.0;0.49828884325804246;1.4318116226979118
2021-02-26;364.0;0.9965776865160849;1.5604227852816428
2021-02-26;365.0;0.999315537303217;1.5607305684600226
2021-02-26;730.0;1.998631074606434;1.6740122525697343
2021-02-26;1095.0;2.9979466119096507;1.753238926069045
2021-02-26;1461.0;4.0;1.8333285187651205
2021-02-26;1826.0;4.999315537303217;1.9138895244796172
2021-02-26;2191.0;5.9986310746064335;1.9945198592745017
2021-02-26;2556.0;6.997946611909651;2.0759893150860576
2021-02-26;2922.0;8.0;2.158616430466953
2021-02-26;3287.0;8.999315537303216;2.2420339168502945
2021-02-26;3652.0;9.998631074606434;2.326577414719355
2021-02-26;4017.0;10.99794661190965;2.3928805617340343
2021-02-26;4383.0;12.0;2.460401417559188
2021-02-26;4748.0;12.999315537303216;2.5288161459269487
2021-02-26;5113.0;13.998631074606434;2.5983954728755476
2021-02-26;5478.0;14.99794661190965;2.6692268657726004
2021-02-26;5844.0;16.0;2.722631582799173
2021-02-26;6209.0;16.999315537303218;2.776933960201533
2021-02-26;6574.0;17.998631074606433;2.8323463832209406
2021-02-26;6939.0;18.99794661190965;2.8889321126134293
2021-02-26;7305.0;20.0;2.9469390521999372
2021-02-26;7670.0;20.999315537303218;3.0039920449510538
2021-02-26;8035.0;21.998631074606433;3.0624140491151586
2021-02-26;8400.0;22.99794661190965;3.122303529985637
2021-02-26;8766.0;24.0;3.183960100788785
2021-02-26;9131.0;24.999315537303218;3.2471320036237428
2021-02-26;9496.0;25.998631074606433;3.3121484447073524
2021-02-26;9861.0;26.99794661190965;3.3791681102772753
2021-02-26;10227.0;28.0;3.448586047489899
2021-02-26;10592.0;28.999315537303218;3.520175522694058
2021-02-26;10957.0;29.998631074606433;3.594382426787801
2021-03-31;91.0;0.24914442162902123;1.39261991180811
2021-03-31;182.0;0.49828884325804246;1.473500819731674
2021-03-31;364.0;0.9965776865160849;1.563993541943236
2021-03-31;365.0;0.999315537303217;1.564302937027695
2021-03-31;730.0;1.998631074606434;1.6781802516028232
2021-03-31;1095.0;2.9979466119096507;1.7794961675696497
2021-03-31;1461.0;4.0;1.881930867751902
2021-03-31;1826.0;4.999315537303217;1.9850328928035177
2021-03-31;2191.0;5.9986310746064335;2.057211595035957
2021-03-31;2556.0;6.997946611909651;2.1302273437959762
2021-03-31;2922.0;8.0;2.20432568438953
2021-03-31;3287.0;8.999315537303216;2.279149446065909
2021-03-31;3652.0;9.998631074606434;2.3549809350190687
2021-03-31;4017.0;10.99794661190965;2.4223067648722063
2021-03-31;4383.0;12.0;2.4908566115588116
2021-03-31;4748.0;12.999315537303216;2.5603093393546272
2021-03-31;5113.0;13.998631074606434;2.6309449450641065
2021-03-31;5478.0;14.99794661190965;2.7028569759941723
2021-03-31;5844.0;16.0;2.7477876106447363
2021-03-31;6209.0;16.999315537303218;2.793501293425815
2021-03-31;6574.0;17.998631074606433;2.8401608904975006
2021-03-31;6939.0;18.99794661190965;2.887802909023085
2021-03-31;7305.0;20.0;2.9366208653996306
2021-03-31;7670.0;20.999315537303218;2.9934832865320393
2021-03-31;8035.0;21.998631074606433;3.0516708368241385
2021-03-31;8400.0;22.99794661190965;3.1112832118148193
2021-03-31;8766.0;24.0;3.1726183901314986
2021-03-31;9131.0;24.999315537303218;3.23542833523347
2021-03-31;9496.0;25.998631074606433;3.300039126913634
2021-03-31;9861.0;26.99794661190965;3.3666076101948494
2021-03-31;10227.0;28.0;3.4355237619619894
2021-03-31;10592.0;28.999315537303218;3.506562173144201
2021-03-31;10957.0;29.998631074606433;3.5801618541899893
2021-04-30;91.0;0.24914442162902123;1.398558560669615
2021-04-30;182.0;0.49828884325804246;1.4611725717372641
2021-04-30;364.0;0.9965776865160849;1.5607027486164426
2021-04-30;365.0;0.999315537303217;1.5610710471174905
2021-04-30;730.0;1.998631074606434;1.6966411490888955
2021-04-30;1095.0;2.9979466119096507;1.7839080370394278
2021-04-30;1461.0;4.0;1.8721632952533929
2021-04-30;1826.0;4.999315537303217;1.960975426067102
2021-04-30;2191.0;5.9986310746064335;2.0365925361840675
2021-04-30;2556.0;6.997946611909651;2.1130359195877135
2021-04-30;2922.0;8.0;2.1905850718358932
2021-04-30;3287.0;8.999315537303216;2.268881266080469
2021-04-30;3652.0;9.998631074606434;2.348229673883262
2021-04-30;4017.0;10.99794661190965;2.4143687509111
2021-04-30;4383.0;12.0;2.4817145685397834
2021-04-30;4748.0;12.999315537303216;2.549947186857726
2021-04-30;5113.0;13.998631074606434;2.6193384294360023
2021-04-30;5478.0;14.99794661190965;2.689977013644751
2021-04-30;5844.0;16.0;2.740390904548451
2021-04-30;6209.0;16.999315537303218;2.7916573392024358
2021-04-30;6574.0;17.998631074606433;2.843971574881765
2021-04-30;6939.0;18.99794661190965;2.897387678251051
2021-04-30;7305.0;20.0;2.952134314724475
2021-04-30;7670.0;20.999315537303218;3.0077245959072796
2021-04-30;8035.0;21.998631074606433;3.0646318401526207
2021-04-30;8400.0;22.99794661190965;3.12294960949957
2021-04-30;8766.0;24.0;3.182966654114394
2021-04-30;9131.0;24.999315537303218;3.244434792983153
2021-04-30;9496.0;25.998631074606433;3.307670444890798
2021-04-30;9861.0;26.99794661190965;3.372823326611285
2021-04-30;10227.0;28.0;3.4402717592955767
2021-04-30;10592.0;28.999315537303218;3.5097891148425875
2021-04-30;10957.0;29.998631074606433;3.5818007378703776
2021-05-31;91.0;0.24914442162902123;1.4175325263640903
2021-05-31;182.0;0.49828884325804246;1.4652160658408047
2021-05-31;364.0;0.9965776865160849;1.5537666095046405
2021-05-31;365.0;0.999315537303217;1.5541185352397902
2021-05-31;730.0;1.998631074606434;1.6836534685745086
2021-05-31;1095.0;2.9979466119096507;1.7722056672280884
2021-05-31;1461.0;4.0;1.86174866046096
2021-05-31;1826.0;4.999315537303217;1.9518522314456055
2021-05-31;2191.0;5.9986310746064335;2.0304683086585396
2021-05-31;2556.0;6.997946611909651;2.10994269803908
2021-05-31;2922.0;8.0;2.1905721257978295
2021-05-31;3287.0;8.999315537303216;2.271988792698587
2021-05-31;3652.0;9.998631074606434;2.354514622458126
2021-05-31;4017.0;10.99794661190965;2.4147356263805264
2021-05-31;4383.0;12.0;2.4760750985501234
2021-05-31;4748.0;12.999315537303216;2.538224185226534
2021-05-31;5113.0;13.998631074606434;2.6014176648716303
2021-05-31;5478.0;14.99794661190965;2.6657236920583083
2021-05-31;5844.0;16.0;2.719932455858176
2021-05-31;6209.0;16.999315537303218;2.775025298660494
2021-05-31;6574.0;17.998631074606433;2.8312218039389547
2021-05-31;6939.0;18.99794661190965;2.888590260750168
2021-05-31;7305.0;20.0;2.947384845611878
2021-05-31;7670.0;20.999315537303218;3.003743994296859
2021-05-31;8035.0;21.998631074606433;3.0614430114341173
2021-05-31;8400.0;22.99794661190965;3.120578202534663
2021-05-31;8766.0;24.0;3.1814439482753754
2021-05-31;9131.0;24.999315537303218;3.243790505808919
2021-05-31;9496.0;25.998631074606433;3.3079407795039373
2021-05-31;9861.0;26.99794661190965;3.3740490465105966
2021-05-31;10227.0;28.0;3.4425019882907915
2021-05-31;10592.0;28.999315537303218;3.5130729816715833
2021-05-31;10957.0;29.998631074606433;3.586197550376835
2021-06-30;91.0;0.24914442162902123;1.416554419322594
2021-06-30;182.0;0.49828884325804246;1.4664264765060129
2021-06-30;364.0;0.9965776865160849;1.5543384073039301
2021-06-30;365.0;0.999315537303217;1.5547034881123745
2021-06-30;730.0;1.998631074606434;1.6890841175344118
2021-06-30;1095.0;2.9979466119096507;1.7847385752356004
2021-06-30;1461.0;4.0;1.8814741434581395
2021-06-30;1826.0;4.999315537303217;1.9788382195850884
2021-06-30;2191.0;5.9986310746064335;2.0566052545210045
2021-06-30;2556.0;6.997946611909651;2.1352520009952913
2021-06-30;2922.0;8.0;2.2150627415600477
2021-06-30;3287.0;8.999315537303216;2.295667404751933
2021-06-30;3652.0;9.998631074606434;2.3773814111292646
2021-06-30;4017.0;10.99794661190965;2.4323343726343483
2021-06-30;4383.0;12.0;2.4883281762183573
2021-06-30;4748.0;12.999315537303216;2.5450668266704835
2021-06-30;5113.0;13.998631074606434;2.602754474531954
2021-06-30;5478.0;14.99794661190965;2.6614433739433396
2021-06-30;5844.0;16.0;2.713703141805679
2021-06-30;6209.0;16.999315537303218;2.766794553622831
2021-06-30;6574.0;17.998631074606433;2.820927306890897
2021-06-30;6939.0;18.99794661190965;2.876164910018142
2021-06-30;7305.0;20.0;2.932749014005487
2021-06-30;7670.0;20.999315537303218;2.990292183522625
2021-06-30;8035.0;21.998631074606433;3.0491826874074146
2021-06-30;8400.0;22.99794661190965;3.1095225897326717
2021-06-30;8766.0;24.0;3.171614898680808
2021-06-30;9131.0;24.999315537303218;3.235210095504959
2021-06-30;9496.0;25.998631074606433;3.300640127451726
2021-06-30;9861.0;26.99794661190965;3.368065985328106
2021-06-30;10227.0;28.0;3.4378852834719753
2021-06-30;10592.0;28.999315537303218;3.509872674485326
2021-06-30;10957.0;29.998631074606433;3.584476534715564
2021-07-29;91.0;0.24914442162902123;1.4444531898801616
2021-07-29;182.0;0.49828884325804246;1.496412095419278
2021-07-29;364.0;0.9965776865160849;1.5934554279968658
2021-07-29;365.0;0.999315537303217;1.5938693098062062
2021-07-29;730.0;1.998631074606434;1.7462561658833975
2021-07-29;1095.0;2.9979466119096507;1.8376986097928372
2021-07-29;1461.0;4.0;1.9302171765141374
2021-07-29;1826.0;4.999315537303217;2.0233553452960296
2021-07-29;2191.0;5.9986310746064335;2.0941013897209038
2021-07-29;2556.0;6.997946611909651;2.165658500732337
2021-07-29;2922.0;8.0;2.238271600537578
2021-07-29;3287.0;8.999315537303216;2.31159266390355
2021-07-29;3652.0;9.998631074606434;2.3858990103459377
2021-07-29;4017.0;10.99794661190965;2.4387702449099713
2021-07-29;4383.0;12.0;2.49261928843878
2021-07-29;4748.0;12.999315537303216;2.5471632751983497
2021-07-29;5113.0;13.998631074606434;2.602598364644715
2021-07-29;5478.0;14.99794661190965;2.658974017462712
2021-07-29;5844.0;16.0;2.7123871057057602
2021-07-29;6209.0;16.999315537303218;2.766628608561006
2021-07-29;6574.0;17.998631074606433;2.821917042780453
2021-07-29;6939.0;18.99794661190965;2.8783216434473013
2021-07-29;7305.0;20.0;2.9360924728561333
2021-07-29;7670.0;20.999315537303218;2.9925489036354946
2021-07-29;8035.0;21.998631074606433;3.050317918186085
2021-07-29;8400.0;22.99794661190965;3.109497633347824
2021-07-29;8766.0;24.0;3.170382922192405
2021-07-29;9131.0;24.999315537303218;3.2327264296627467
2021-07-29;9496.0;25.998631074606433;3.296850657563888
2021-07-29;9861.0;26.99794661190965;3.3629098731001505
2021-07-29;10227.0;28.0;3.4312894287986007
2021-07-29;10592.0;28.999315537303218;3.5017637315591488
2021-07-29;10957.0;29.998631074606433;3.574766143256025
2021-08-31;91.0;0.24914442162902123;1.4362484150941022
2021-08-31;182.0;0.49828884325804246;1.432669660491613
2021-08-31;364.0;0.9965776865160849;1.5824999124196286
2021-08-31;365.0;0.999315537303217;1.58292988023232
2021-08-31;730.0;1.998631074606434;1.7412355279745606
2021-08-31;1095.0;2.9979466119096507;1.8401120720965558
2021-08-31;1461.0;4.0;1.9401587052554126
2021-08-31;1826.0;4.999315537303217;2.0408957938465644
2021-08-31;2191.0;5.9986310746064335;2.1078999381855645
2021-08-31;2556.0;6.997946611909651;2.175708197965154
2021-08-31;2922.0;8.0;2.244534552230193
2021-08-31;3287.0;8.999315537303216;2.3140367066720957
2021-08-31;3652.0;9.998631074606434;2.3844690926577705
2021-08-31;4017.0;10.99794661190965;2.4373659201036846
2021-08-31;4383.0;12.0;2.491228796488043
2021-08-31;4748.0;12.999315537303216;2.545777552920492
2021-08-31;5113.0;13.998631074606434;2.6012098393595418
2021-08-31;5478.0;14.99794661190965;2.657576295233244
2021-08-31;5844.0;16.0;2.715594945777444
2021-08-31;6209.0;16.999315537303218;2.774513641077725
2021-08-31;6574.0;17.998631074606433;2.834579312723351
2021-08-31;6939.0;18.99794661190965;2.8958775888054067
2021-08-31;7305.0;20.0;2.958690318395507
2021-08-31;7670.0;20.999315537303218;3.0126511230431863
2021-08-31;8035.0;21.998631074606433;3.0678831130118267
2021-08-31;8400.0;22.99794661190965;3.1244738495878943
2021-08-31;8766.0;24.0;3.182700144908268
2021-08-31;9131.0;24.999315537303218;3.2423168871760666
2021-08-31;9496.0;25.998631074606433;3.3036268836824867
2021-08-31;9861.0;26.99794661190965;3.366770296707311
2021-08-31;10227.0;28.0;3.4321080402514026
2021-08-31;10592.0;28.999315537303218;3.4994135440027607
2021-08-31;10957.0;29.998631074606433;3.569091095291177
2021-09-30;91.0;0.24914442162902123;1.4902136837525992
2021-09-30;182.0;0.49828884325804246;1.5328630787661368
2021-09-30;364.0;0.9965776865160849;1.5697411010815798
2021-09-30;365.0;0.999315537303217;1.5702332214142967
2021-09-30;730.0;1.998631074606434;1.75143153970172
2021-09-30;1095.0;2.9979466119096507;1.854129814166816
2021-09-30;1461.0;4.0;1.9580786292416663
2021-09-30;1826.0;4.999315537303217;2.062771341558256
2021-09-30;2191.0;5.9986310746064335;2.1302619654722355
2021-09-30;2556.0;6.997946611909651;2.1985848611070224
2021-09-30;2922.0;8.0;2.267951128214407
2021-09-30;3287.0;8.999315537303216;2.3380133186228447
2021-09-30;3652.0;9.998631074606434;2.4090271677344344
2021-09-30;4017.0;10.99794661190965;2.459676869259475
2021-09-30;4383.0;12.0;2.511270900079565
2021-09-30;4748.0;12.999315537303216;2.563533620697367
2021-09-30;5113.0;13.998631074606434;2.61664962524204
2021-09-30;5478.0;14.99794661190965;2.6706629752918376
2021-09-30;5844.0;16.0;2.7241255962062727
2021-09-30;6209.0;16.999315537303218;2.7784096830760108
2021-09-30;6574.0;17.998631074606433;2.833735328830067
2021-09-30;6939.0;18.99794661190965;2.8901731805830444
2021-09-30;7305.0;20.0;2.9479743969239802
2021-09-30;7670.0;20.999315537303218;3.0015304399605647
2021-09-30;8035.0;21.998631074606433;3.0563217716749858
2021-09-30;8400.0;22.99794661190965;3.112435600853547
2021-09-30;8766.0;24.0;3.1701455803502476
2021-09-30;9131.0;24.999315537303218;3.2292093985369696
2021-09-30;9496.0;25.998631074606433;3.289925499685653
2021-09-30;9861.0;26.99794661190965;3.352431206997575
2021-09-30;10227.0;28.0;3.4170812176017584
2021-09-30;10592.0;28.999315537303218;3.483649849268433
2021-09-30;10957.0;29.998631074606433;3.552533458892948
2021-10-29;91.0;0.24914442162902123;1.4843132239276358
2021-10-29;182.0;0.49828884325804246;1.5376144701618948
2021-10-29;364.0;0.9965776865160849;1.605994433148271
2021-10-29;365.0;0.999315537303217;1.6062893295894387
2021-10-29;730.0;1.998631074606434;1.71484993162081
2021-10-29;1095.0;2.9979466119096507;1.8151835570598518
2021-10-29;1461.0;4.0;1.916630596951685
2021-10-29;1826.0;4.999315537303217;2.0187461580482458
2021-10-29;2191.0;5.9986310746064335;2.088976343768678
2021-10-29;2556.0;6.997946611909651;2.1600311424852414
2021-10-29;2922.0;8.0;2.232145480900738
2021-10-29;3287.0;8.999315537303216;2.304968521769668
2021-10-29;3652.0;9.998631074606434;2.378772601089829
2021-10-29;4017.0;10.99794661190965;2.4369190043994626
2021-10-29;4383.0;12.0;2.4961273180243104
2021-10-29;4748.0;12.999315537303216;2.556100629049296
2021-10-29;5113.0;13.998631074606434;2.6170651934522615
2021-10-29;5478.0;14.99794661190965;2.6790858161857445
2021-10-29;5844.0;16.0;2.731550983272135
2021-10-29;6209.0;16.999315537303218;2.784857617448444
2021-10-29;6574.0;17.998631074606433;2.839216819369672
2021-10-29;6939.0;18.99794661190965;2.8946929495383467
2021-10-29;7305.0;20.0;2.951529492470595
2021-10-29;7670.0;20.999315537303218;3.0053531950572587
2021-10-29;8035.0;21.998631074606433;3.06043472673454
2021-10-29;8400.0;22.99794661190965;3.1168614387886873
2021-10-29;8766.0;24.0;3.1749089369118133
2021-10-29;9131.0;24.999315537303218;3.2343329933322673
2021-10-29;9496.0;25.998631074606433;3.295434760029292
2021-10-29;9861.0;26.99794661190965;3.358353266841285
2021-10-29;10227.0;28.0;3.4234470680313267
2021-10-29;10592.0;28.999315537303218;3.490489768094629
2021-10-29;10957.0;29.998631074606433;3.559882636563305
2021-11-30;91.0;0.24914442162902123;1.5135683675464207
2021-11-30;182.0;0.49828884325804246;1.5408639994485023
2021-11-30;364.0;0.9965776865160849;1.5896633805290799
2021-11-30;365.0;0.999315537303217;1.5899889864971373
2021-11-30;730.0;1.998631074606434;1.7098518106486216
2021-11-30;1095.0;2.9979466119096507;1.807891936063677
2021-11-30;1461.0;4.0;1.907030541169763
2021-11-30;1826.0;4.999315537303217;2.006819835416329
2021-11-30;2191.0;5.9986310746064335;2.0722475346280467
2021-11-30;2556.0;6.997946611909651;2.1384441203350812
2021-11-30;2922.0;8.0;2.205617703458995
2021-11-30;3287.0;8.999315537303216;2.2734330647523615
2021-11-30;3652.0;9.998631074606434;2.3421365797468674
2021-11-30;4017.0;10.99794661190965;2.4023049177374967
2021-11-30;4383.0;12.0;2.4635363132821997
2021-11-30;4748.0;12.999315537303216;2.525533891656462
2021-11-30;5113.0;13.998631074606434;2.588537631741983
2021-11-30;5478.0;14.99794661190965;2.6526200389889842
2021-11-30;5844.0;16.0;2.702899711307949
2021-11-30;6209.0;16.999315537303218;2.7539797680983913
2021-11-30;6574.0;17.998631074606433;2.8060578837226346
2021-11-30;6939.0;18.99794661190965;2.8591908206626604
2021-11-30;7305.0;20.0;2.913606867559193
2021-11-30;7670.0;20.999315537303218;2.9698958040425882
2021-11-30;8035.0;21.998631074606433;3.0274847263263904
2021-11-30;8400.0;22.99794661190965;3.0864705019986394
2021-11-30;8766.0;24.0;3.147145845591637
2021-11-30;9131.0;24.999315537303218;3.2092632454402636
2021-11-30;9496.0;25.998631074606433;3.2731425936103786
2021-11-30;9861.0;26.99794661190965;3.338935998259851
2021-11-30;10227.0;28.0;3.407025288268839
2021-11-30;10592.0;28.999315537303218;3.477183973415121
2021-11-30;10957.0;29.998631074606433;3.5498409765068573
2021-12-31;91.0;0.24914442162902123;1.5650210873822807
2021-12-31;182.0;0.49828884325804246;1.5776961893843566
2021-12-31;364.0;0.9965776865160849;1.6211784967062803
2021-12-31;365.0;0.999315537303217;1.62146276250823
2021-12-31;730.0;1.998631074606434;1.7261157241795555
2021-12-31;1095.0;2.9979466119096507;1.8151096165212044
2021-12-31;1461.0;4.0;1.9050814243316783
2021-12-31;1826.0;4.999315537303217;1.9956185349155442
2021-12-31;2191.0;5.9986310746064335;2.0667841298844802
2021-12-31;2556.0;6.997946611909651;2.138740736076339
2021-12-31;2922.0;8.0;2.21174114590843
2021-12-31;3287.0;8.999315537303216;2.2854395363156144
2021-12-31;3652.0;9.998631074606434;2.360116666386891
2021-12-31;4017.0;10.99794661190965;2.4076049122098597
2021-12-31;4383.0;12.0;2.455982097291254
2021-12-31;4748.0;12.999315537303216;2.5049806621878945
2021-12-31;5113.0;13.998631074606434;2.5547667219831593
2021-12-31;5478.0;14.99794661190965;2.6053749672059867
2021-12-31;5844.0;16.0;2.6850248785674546
2021-12-31;6209.0;16.999315537303218;2.765989378486311
2021-12-31;6574.0;17.998631074606433;2.8486580700798125
2021-12-31;6939.0;18.99794661190965;2.933206413852396
2021-12-31;7305.0;20.0;3.020083267839424
2021-12-31;7670.0;20.999315537303218;3.0623279951882187
2021-12-31;8035.0;21.998631074606433;3.1056738111449045
2021-12-31;8400.0;22.99794661190965;3.1501602061904777
2021-12-31;8766.0;24.0;3.1959818019475783
2021-12-31;9131.0;24.999315537303218;3.2429076191039963
2021-12-31;9496.0;25.998631074606433;3.291152881265136
2021-12-31;9861.0;26.99794661190965;3.340797989711941
2021-12-31;10227.0;28.0;3.3920979859229927
2021-12-31;10592.0;28.999315537303218;3.4448314489599507
2021-12-31;10957.0;29.998631074606433;3.499279980960579
2022-01-31;91.0;0.24914442162902123;1.5608159700002733
2022-01-31;182.0;0.49828884325804246;1.5930921309078976
2022-01-31;364.0;0.9965776865160849;1.678491297786653
2022-01-31;365.0;0.999315537303217;1.6788913696025753
2022-01-31;730.0;1.998631074606434;1.8262519512317388
2022-01-31;1095.0;2.9979466119096507;1.916563053323439
2022-01-31;1461.0;4.0;2.007959547752458
2022-01-31;1826.0;4.999315537303217;2.09999022040388
2022-01-31;2191.0;5.9986310746064335;2.1621884389941615
2022-01-31;2556.0;6.997946611909651;2.2251335967509833
2022-01-31;2922.0;8.0;2.2890207599074897
2022-01-31;3287.0;8.999315537303216;2.3535282589068895
2022-01-31;3652.0;9.998631074606434;2.418888306032385
2022-01-31;4017.0;10.99794661190965;2.4581084736909675
2022-01-31;4383.0;12.0;2.498082516725919
2022-01-31;4748.0;12.999315537303216;2.5385752819919727
2022-01-31;5113.0;13.998631074606434;2.5797136259534392
2022-01-31;5478.0;14.99794661190965;2.621516074750163
2022-01-31;5844.0;16.0;2.678914104964747
2022-01-31;6209.0;16.999315537303218;2.737128388789234
2022-01-31;6574.0;17.998631074606433;2.7964069627996357
2022-01-31;6939.0;18.99794661190965;2.8568380873792876
2022-01-31;7305.0;20.0;2.9187001327550366
2022-01-31;7670.0;20.999315537303218;2.9731973425319413
2022-01-31;8035.0;21.998631074606433;3.028927545576887
2022-01-31;8400.0;22.99794661190965;3.085982066231896
2022-01-31;8766.0;24.0;3.144640607833038
2022-01-31;9131.0;24.999315537303218;3.204660692659811
2022-01-31;9496.0;25.998631074606433;3.2663468145714747
2022-01-31;9861.0;26.99794661190965;3.3298405048676205
2022-01-31;10227.0;28.0;3.3955034326264677
2022-01-31;10592.0;28.999315537303218;3.4631099897504125
2022-01-31;10957.0;29.998631074606433;3.5330644096414288
2022-02-28;91.0;0.24914442162902123;1.5701466541297604
2022-02-28;182.0;0.49828884325804246;1.5881568227036396
2022-02-28;364.0;0.9965776865160849;1.642313338100289
2022-02-28;365.0;0.999315537303217;1.6428194026602227
2022-02-28;730.0;1.998631074606434;1.8292239270931043
2022-02-28;1095.0;2.9979466119096507;1.9186834927896745
2022-02-28;1461.0;4.0;2.0092739194190523
2022-02-28;1826.0;4.999315537303217;2.1005138421512637
2022-02-28;2191.0;5.9986310746064335;2.1644150373081095
2022-02-28;2556.0;6.997946611909651;2.229083695829992
2022-02-28;2922.0;8.0;2.2947234995564614
2022-02-28;3287.0;8.999315537303216;2.361006594608872
2022-02-28;3652.0;9.998631074606434;2.4281739032068206
2022-02-28;4017.0;10.99794661190965;2.490074667258013
2022-02-28;4383.0;12.0;2.5530844969423594
2022-02-28;4748.0;12.999315537303216;2.616904539420273
2022-02-28;5113.0;13.998631074606434;2.6817877436584814
2022-02-28;5478.0;14.99794661190965;2.747814576856933
2022-02-28;5844.0;16.0;2.789516869320563
2022-02-28;6209.0;16.999315537303218;2.8319354561253673
2022-02-28;6574.0;17.998631074606433;2.875219051496747
2022-02-28;6939.0;18.99794661190965;2.91939871855873
2022-02-28;7305.0;20.0;2.9646506127628314
2022-02-28;7670.0;20.999315537303218;3.003260043986322
2022-02-28;8035.0;21.998631074606433;3.042750262180638
2022-02-28;8400.0;22.99794661190965;3.083158665846919
2022-02-28;8766.0;24.0;3.1246581641645843
2022-02-28;9131.0;24.999315537303218;3.1670419337050504
2022-02-28;9496.0;25.998631074606433;3.2104973007606175
2022-02-28;9861.0;26.99794661190965;3.2550898654891913
2022-02-28;10227.0;28.0;3.3010372156435874
2022-02-28;10592.0;28.999315537303218;3.3481342175801565
2022-02-28;10957.0;29.998631074606433;3.3966173135216993
2022-03-31;91.0;0.24914442162902123;1.6109290833148655
2022-03-31;182.0;0.49828884325804246;1.6044317049940018
2022-03-31;364.0;0.9965776865160849;1.6567587648201345
2022-03-31;365.0;0.999315537303217;1.6572295494355682
2022-03-31;730.0;1.998631074606434;1.8306401273425976
2022-03-31;1095.0;2.9979466119096507;1.9305674367507297
2022-03-31;1461.0;4.0;2.031733991368667
2022-03-31;1826.0;4.999315537303217;2.1336436054959496
2022-03-31;2191.0;5.9986310746064335;2.196327634533901
2022-03-31;2556.0;6.997946611909651;2.2598106602285117
2022-03-31;2922.0;8.0;2.3242775175221775
2022-03-31;3287.0;8.999315537303216;2.389396717215231
2022-03-31;3652.0;9.998631074606434;2.455399666011182
2022-03-31;4017.0;10.99794661190965;2.512162772182247
2022-03-31;4383.0;12.0;2.569956193938916
2022-03-31;4748.0;12.999315537303216;2.6284936292673144
2022-03-31;5113.0;13.998631074606434;2.6879980048449603
2022-03-31;5478.0;14.99794661190965;2.748533998334257
2022-03-31;5844.0;16.0;2.803123825332432
2022-03-31;6209.0;16.999315537303218;2.8585927185359683
2022-03-31;6574.0;17.998631074606433;2.9151675922810094
2022-03-31;6939.0;18.99794661190965;2.9729229418246073
2022-03-31;7305.0;20.0;3.0321194488917014
2022-03-31;7670.0;20.999315537303218;3.0706909715238817
2022-03-31;8035.0;21.998631074606433;3.1102043836815696
2022-03-31;8400.0;22.99794661190965;3.150694242082852
2022-03-31;8766.0;24.0;3.192333544049486
2022-03-31;9131.0;24.999315537303218;3.234910745859332
2022-03-31;9496.0;25.998631074606433;3.278615018243025
2022-03-31;9861.0;26.99794661190965;3.323512648937421
2022-03-31;10227.0;28.0;3.3698250294323273
2022-03-31;10592.0;28.999315537303218;3.417344481688489
2022-03-31;10957.0;29.998631074606433;3.466312805146665
2022-04-29;91.0;0.24914442162902123;1.6295804991330314
2022-04-29;182.0;0.49828884325804246;1.626315802410123
2022-04-29;364.0;0.9965776865160849;1.6980524201763583
2022-04-29;365.0;0.999315537303217;1.6984047359682286
2022-04-29;730.0;1.998631074606434;1.828176223520006
2022-04-29;1095.0;2.9979466119096507;1.9608891610289447
2022-04-29;1461.0;4.0;2.0952133123760985
2022-04-29;1826.0;4.999315537303217;2.230621984995129
2022-04-29;2191.0;5.9986310746064335;2.3036076257371807
2022-04-29;2556.0;6.997946611909651;2.377633404697388
2022-04-29;2922.0;8.0;2.4529105305262755
2022-04-29;3287.0;8.999315537303216;2.5290543284690603
2022-04-29;3652.0;9.998631074606434;2.606344625573054
2022-04-29;4017.0;10.99794661190965;2.6369516624671574
2022-04-29;4383.0;12.0;2.668344398800837
2022-04-29;4748.0;12.999315537303216;2.700288923522609
2022-04-29;5113.0;13.998631074606434;2.7328564587632
2022-04-29;5478.0;14.99794661190965;2.766037457686199
2022-04-29;5844.0;16.0;2.8262672860323024
2022-04-29;6209.0;16.999315537303218;2.8873967331298322
2022-04-29;6574.0;17.998631074606433;2.9496957950074787
2022-04-29;6939.0;18.99794661190965;3.0132672703599095
2022-04-29;7305.0;20.0;3.078415121890732
2022-04-29;7670.0;20.999315537303218;3.11562343971421
2022-04-29;8035.0;21.998631074606433;3.1537366735350236
2022-04-29;8400.0;22.99794661190965;3.192787546208642
2022-04-29;8766.0;24.0;3.232942041254838
2022-04-29;9131.0;24.999315537303218;3.273995179625211
2022-04-29;9496.0;25.998631074606433;3.316128155803977
2022-04-29;9861.0;26.99794661190965;3.3594033852817784
2022-04-29;10227.0;28.0;3.4040324419345236
2022-04-29;10592.0;28.999315537303218;3.4498130290272933
2022-04-29;10957.0;29.998631074606433;3.4969757121880107
2022-05-31;91.0;0.24914442162902123;1.6204098528275044
2022-05-31;182.0;0.49828884325804246;1.6848895162737179
2022-05-31;364.0;0.9965776865160849;1.7694124986468025
2022-05-31;365.0;0.999315537303217;1.7700382715416296
2022-05-31;730.0;1.998631074606434;2.000732872992783
2022-05-31;1095.0;2.9979466119096507;2.0840392367725835
2022-05-31;1461.0;4.0;2.1685387499253306
2022-05-31;1826.0;4.999315537303217;2.253718051801168
2022-05-31;2191.0;5.9986310746064335;2.3000503008644646
2022-05-31;2556.0;6.997946611909651;2.3470275565075305
2022-05-31;2922.0;8.0;2.3947532764295287
2022-05-31;3287.0;8.999315537303216;2.4429575290296324
2022-05-31;3652.0;9.998631074606434;2.491793179549995
2022-05-31;4017.0;10.99794661190965;2.548375296307226
2022-05-31;4383.0;12.0;2.6059100040780825
2022-05-31;4748.0;12.999315537303216;2.6641312244838344
2022-05-31;5113.0;13.998631074606434;2.7232711442321422
2022-05-31;5478.0;14.99794661190965;2.7834024540970725
2022-05-31;5844.0;16.0;2.835309601313174
2022-05-31;6209.0;16.999315537303218;2.8880308730832027
2022-05-31;6574.0;17.998631074606433;2.941780590423604
2022-05-31;6939.0;18.99794661190965;2.996627612462488
2022-05-31;7305.0;20.0;3.0528165882250713
2022-05-31;7670.0;20.999315537303218;3.0870244174816763
2022-05-31;8035.0;21.998631074606433;3.1220695414035493
2022-05-31;8400.0;22.99794661190965;3.157975835172322
2022-05-31;8766.0;24.0;3.1948903930443917
2022-05-31;9131.0;24.999315537303218;3.232617324181497
2022-05-31;9496.0;25.998631074606433;3.271317491158543
2022-05-31;9861.0;26.99794661190965;3.3110414962788104
2022-05-31;10227.0;28.0;3.3519766102250603
2022-05-31;10592.0;28.999315537303218;3.3939284943646175
2022-05-31;10957.0;29.998631074606433;3.4371003385958776
2022-06-30;91.0;0.24914442162902123;1.6648228903704274
2022-06-30;182.0;0.49828884325804246;1.729258358913246
2022-06-30;364.0;0.9965776865160849;1.8043123311930698
2022-06-30;365.0;0.999315537303217;1.804768782819255
2022-06-30;730.0;1.998631074606434;1.973018555633188
2022-06-30;1095.0;2.9979466119096507;2.0666366159339367
2022-06-30;1461.0;4.0;2.1614658092034
2022-06-30;1826.0;4.999315537303217;2.2570254161947245
2022-06-30;2191.0;5.9986310746064335;2.2972487791743434
2022-06-30;2556.0;6.997946611909651;2.338097713849896
2022-06-30;2922.0;8.0;2.3796320408269622
2022-06-30;3287.0;8.999315537303216;2.4215973885724384
2022-06-30;3652.0;9.998631074606434;2.4641143905502982
2022-06-30;4017.0;10.99794661190965;2.5437043423072403
2022-06-30;4383.0;12.0;2.6246615774608406
2022-06-30;4748.0;12.999315537303216;2.7066715080664494
2022-06-30;5113.0;13.998631074606434;2.790110659958245
2022-06-30;5478.0;14.99794661190965;2.875134095205567
2022-06-30;5844.0;16.0;2.9267503703538367
2022-06-30;6209.0;16.999315537303218;2.97929635038241
2022-06-30;6574.0;17.998631074606433;3.032977355416566
2022-06-30;6939.0;18.99794661190965;3.0878542592284397
2022-06-30;7305.0;20.0;3.144169003858077
2022-06-30;7670.0;20.999315537303218;3.1803749579058405
2022-06-30;8035.0;21.998631074606433;3.2175335148784123
2022-06-30;8400.0;22.99794661190965;3.2556709960146923
2022-06-30;8766.0;24.0;3.294947087031619
2022-06-30;9131.0;24.999315537303218;3.335154031536236
2022-06-30;9496.0;25.998631074606433;3.3764682310225558
2022-06-30;9861.0;26.99794661190965;3.4189487023445597
2022-06-30;10227.0;28.0;3.4628030764906947
2022-06-30;10592.0;28.999315537303218;3.507828300475624
2022-06-30;10957.0;29.998631074606433;3.5542516524691203
2022-07-29;91.0;0.24914442162902123;1.7222975925516295
2022-07-29;182.0;0.49828884325804246;1.7942381285800169
2022-07-29;364.0;0.9965776865160849;1.907636451090796
2022-07-29;365.0;0.999315537303217;1.907889070727431
2022-07-29;730.0;1.998631074606434;2.001018190523829
2022-07-29;1095.0;2.9979466119096507;2.0968186816303858
2022-07-29;1461.0;4.0;2.1937536207782715
2022-07-29;1826.0;4.999315537303217;2.29140442428013
2022-07-29;2191.0;5.9986310746064335;2.3316060883629586
2022-07-29;2556.0;6.997946611909651;2.3724346733444923
2022-07-29;2922.0;8.0;2.4139514644772486
2022-07-29;3287.0;8.999315537303216;2.4559030936249115
2022-07-29;3652.0;9.998631074606434;2.498410856530797
2022-07-29;4017.0;10.99794661190965;2.571321253954273
2022-07-29;4383.0;12.0;2.645465764038968
2022-07-29;4748.0;12.999315537303216;2.7205450222176797
2022-07-29;5113.0;13.998631074606434;2.7968935175346266
2022-07-29;5478.0;14.99794661190965;2.8746415116101653
2022-07-29;5844.0;16.0;2.9151803084647154
2022-07-29;6209.0;16.999315537303218;2.9564643472218988
2022-07-29;6574.0;17.998631074606433;2.9986359196785273
2022-07-29;6939.0;18.99794661190965;3.0417228673047525
2022-07-29;7305.0;20.0;3.0858962902082343
2022-07-29;7670.0;20.999315537303218;3.1281569946333354
2022-07-29;8035.0;21.998631074606433;3.1714064323831614
2022-07-29;8400.0;22.99794661190965;3.215695363439175
2022-07-29;8766.0;24.0;3.2612231076428744
2022-07-29;9131.0;24.999315537303218;3.3077741930499727
2022-07-29;9496.0;25.998631074606433;3.3555650327208753
2022-07-29;9861.0;26.99794661190965;3.4046800396192456
2022-07-29;10227.0;28.0;3.4553725664451918
2022-07-29;10592.0;28.999315537303218;3.5074316355397483
2022-07-29;10957.0;29.998631074606433;3.5611349961377936
2022-08-31;91.0;0.24914442162902123;1.9383947400981363
2022-08-31;182.0;0.49828884325804246;2.001996376199314
2022-08-31;364.0;0.9965776865160849;2.1247199317248695
2022-08-31;365.0;0.999315537303217;2.1252871113985883
2022-08-31;730.0;1.998631074606434;2.334726850393909
2022-08-31;1095.0;2.9979466119096507;2.3045471096304837
2022-08-31;1461.0;4.0;2.2745450516042043
2022-08-31;1826.0;4.999315537303217;2.244607101872842
2022-08-31;2191.0;5.9986310746064335;2.294017060774234
2022-08-31;2556.0;6.997946611909651;2.3436697453516953
2022-08-31;2922.0;8.0;2.3938330644410755
2022-08-31;3287.0;8.999315537303216;2.444318759234476
2022-08-31;3652.0;9.998631074606434;2.49533912293074
2022-08-31;4017.0;10.99794661190965;2.568681991661337
2022-08-31;4383.0;12.0;2.6432313516987493
2022-08-31;4748.0;12.999315537303216;2.718694953988132
2022-08-31;5113.0;13.998631074606434;2.795413759932064
2022-08-31;5478.0;14.99794661190965;2.8735226869830433
2022-08-31;5844.0;16.0;2.912893744776568
2022-08-31;6209.0;16.999315537303218;2.952982660984871
2022-08-31;6574.0;17.998631074606433;2.9939263949002815
2022-08-31;6939.0;18.99794661190965;3.03575064166004
2022-08-31;7305.0;20.0;3.0786199460188124
2022-08-31;7670.0;20.999315537303218;3.1215186646078807
2022-08-31;8035.0;21.998631074606433;3.165405425434531
2022-08-31;8400.0;22.99794661190965;3.2103339738681402
2022-08-31;8766.0;24.0;3.2565079566894584
2022-08-31;9131.0;24.999315537303218;3.3037117308363007
2022-08-31;9496.0;25.998631074606433;3.352165963692033
2022-08-31;9861.0;26.99794661190965;3.4019579310503367
2022-08-31;10227.0;28.0;3.4533457658291855
2022-08-31;10592.0;28.999315537303218;3.5061181856666845
2022-08-31;10957.0;29.998631074606433;3.5605581837032663
2022-09-30;91.0;0.24914442162902123;2.193305387764033
2022-09-30;182.0;0.49828884325804246;2.2141097078006453
2022-09-30;364.0;0.9965776865160849;2.4208246205979664
2022-09-30;365.0;0.999315537303217;2.4210648538750323
2022-09-30;730.0;1.998631074606434;2.509850859936358
2022-09-30;1095.0;2.9979466119096507;2.632946091511612
2022-09-30;1461.0;4.0;2.757740925019281
2022-09-30;1826.0;4.999315537303217;2.883780776212408
2022-09-30;2191.0;5.9986310746064335;2.9640702792620655
2022-09-30;2556.0;6.997946611909651;3.045695688320582
2022-09-30;2922.0;8.0;3.128924673091049
2022-09-30;3287.0;8.999315537303216;3.2133591086669577
2022-09-30;3652.0;9.998631074606434;3.299340507298054
2022-09-30;4017.0;10.99794661190965;3.333887192794216
2022-09-30;4383.0;12.0;3.369506114746912
2022-09-30;4748.0;12.999315537303216;3.4059248528507835
2022-09-30;5113.0;13.998631074606434;3.443227877850563
2022-09-30;5478.0;14.99794661190965;3.481409331099261
2022-09-30;5844.0;16.0;3.5165251358607597
2022-09-30;6209.0;16.999315537303218;3.552376635760246
2022-09-30;6574.0;17.998631074606433;3.58909014773654
2022-09-30;6939.0;18.99794661190965;3.6266919875896253
2022-09-30;7305.0;20.0;3.665335577978146
2022-09-30;7670.0;20.999315537303218;3.6677944411611207
2022-09-30;8035.0;21.998631074606433;3.670742715545483
2022-09-30;8400.0;22.99794661190965;3.6741351337533423
2022-09-30;8766.0;24.0;3.6779565198028497
2022-09-30;9131.0;24.999315537303218;3.6821330767130123
2022-09-30;9496.0;25.998631074606433;3.686662210162006
2022-09-30;9861.0;26.99794661190965;3.691523850174372
2022-09-30;10227.0;28.0;3.6967253480179263
2022-09-30;10592.0;28.999315537303218;3.702206013389464
2022-09-30;10957.0;29.998631074606433;3.7079793996983357
2022-10-31;91.0;0.24914442162902123;2.4329532519062753
2022-10-31;182.0;0.49828884325804246;2.43373534396079
2022-10-31;364.0;0.9965776865160849;2.573473702590799
2022-10-31;365.0;0.999315537303217;2.57348670287314
2022-10-31;730.0;1.998631074606434;2.578292978692498
2022-10-31;1095.0;2.9979466119096507;2.6469491779199883
2022-10-31;1461.0;4.0;2.7163844771076473
2022-10-31;1826.0;4.999315537303217;2.7863577165833764
2022-10-31;2191.0;5.9986310746064335;2.8710231342940373
2022-10-31;2556.0;6.997946611909651;2.9567775614869563
2022-10-31;2922.0;8.0;3.0440088105588403
2022-10-31;3287.0;8.999315537303216;3.132365429327022
2022-10-31;3652.0;9.998631074606434;3.2222409373994676
2022-10-31;4017.0;10.99794661190965;3.2734814160866543
2022-10-31;4383.0;12.0;3.3259895798732675
2022-10-31;4748.0;12.999315537303216;3.379465627045364
2022-10-31;5113.0;13.998631074606434;3.434098674934938
2022-10-31;5478.0;14.99794661190965;3.4899375058775606
2022-10-31;5844.0;16.0;3.52699228719886
2022-10-31;6209.0;16.999315537303218;3.5648973423665575
2022-10-31;6574.0;17.998631074606433;3.6037816739939332
2022-10-31;6939.0;18.99794661190965;3.643669344247602
2022-10-31;7305.0;20.0;3.684722352860459
2022-10-31;7670.0;20.999315537303218;3.6857896908792487
2022-10-31;8035.0;21.998631074606433;3.687402792796135
2022-10-31;8400.0;22.99794661190965;3.6895070656446594
2022-10-31;8766.0;24.0;3.692077395644966
2022-10-31;9131.0;24.999315537303218;3.6950374054191215
2022-10-31;9496.0;25.998631074606433;3.6983766141329255
2022-10-31;9861.0;26.99794661190965;3.7020698945327
2022-10-31;10227.0;28.0;3.7061178732420874
2022-10-31;10592.0;28.999315537303218;3.71046045867065
2022-10-31;10957.0;29.998631074606433;3.7151053459436145
2022-11-30;91.0;0.24914442162902123;2.6345507884479615
2022-11-30;182.0;0.49828884325804246;2.7354530016078513
2022-11-30;364.0;0.9965776865160849;2.944143442805335
2022-11-30;365.0;0.999315537303217;2.9443543457131183
2022-11-30;730.0;1.998631074606434;3.0224977011661602
2022-11-30;1095.0;2.9979466119096507;2.9926102690154277
2022-11-30;1461.0;4.0;2.962629344763923
2022-11-30;1826.0;4.999315537303217;2.932560002072404
2022-11-30;2191.0;5.9986310746064335;2.992409777532301
2022-11-30;2556.0;6.997946611909651;3.0526224037005667
2022-11-30;2922.0;8.0;3.113578918054305
2022-11-30;3287.0;8.999315537303216;3.175088543091009
2022-11-30;3652.0;9.998631074606434;3.237442894901621
2022-11-30;4017.0;10.99794661190965;3.282539049329558
2022-11-30;4383.0;12.0;3.328550942934938
2022-11-30;4748.0;12.999315537303216;3.375250310046707
2022-11-30;5113.0;13.998631074606434;3.422818096128144
2022-11-30;5478.0;14.99794661190965;3.4713071527181283
2022-11-30;5844.0;16.0;3.4945600772804175
2022-11-30;6209.0;16.999315537303218;3.5183759241566026
2022-11-30;6574.0;17.998631074606433;3.5428182177738243
2022-11-30;6939.0;18.99794661190965;3.567884297911106
2022-11-30;7305.0;20.0;3.593659668868754
2022-11-30;7670.0;20.999315537303218;3.6043687377667943
2022-11-30;8035.0;21.998631074606433;3.615528959032477
2022-11-30;8400.0;22.99794661190965;3.627122029837304
2022-11-30;8766.0;24.0;3.6391777099683997
2022-11-30;9131.0;24.999315537303218;3.651601335079402
2022-11-30;9496.0;25.998631074606433;3.664431286213077
2022-11-30;9861.0;26.99794661190965;3.6776658264099593
2022-11-30;10227.0;28.0;3.691353003773745
2022-11-30;10592.0;28.999315537303218;3.7054019666583393
2022-11-30;10957.0;29.998631074606433;3.7198660975282127
2022-12-30;91.0;0.24914442162902123;3.093577237603398
2022-12-30;182.0;0.49828884325804246;3.0706733785276037
2022-12-30;364.0;0.9965776865160849;3.007492746602623
2022-12-30;365.0;0.999315537303217;3.0075590352347525
2022-12-30;730.0;1.998631074606434;3.0321212458784608
2022-12-30;1095.0;2.9979466119096507;3.01291417115086
2022-12-30;1461.0;4.0;2.99357489570089
2022-12-30;1826.0;4.999315537303217;2.974144157639458
2022-12-30;2191.0;5.9986310746064335;3.0202591109081744
2022-12-30;2556.0;6.997946611909651;3.066628317162823
2022-12-30;2922.0;8.0;3.1135385714461616
2022-12-30;3287.0;8.999315537303216;3.160834892136255
2022-12-30;3652.0;9.998631074606434;3.208732367129885
2022-12-30;4017.0;10.99794661190965;3.2604640805491636
2022-12-30;4383.0;12.0;3.313132824959797
2022-12-30;4748.0;12.999315537303216;3.3665141242700036
2022-12-30;5113.0;13.998631074606434;3.420838131458037
2022-12-30;5478.0;14.99794661190965;3.4761860482396933
2022-12-30;5844.0;16.0;3.5075896710003995
2022-12-30;6209.0;16.999315537303218;3.5396458791795427
2022-12-30;6574.0;17.998631074606433;3.572463223514899
2022-12-30;6939.0;18.99794661190965;3.606060555278656
2022-12-30;7305.0;20.0;3.640570173043556
2022-12-30;7670.0;20.999315537303218;3.6459458201797856
2022-12-30;8035.0;21.998631074606433;3.651784353072296
2022-12-30;8400.0;22.99794661190965;3.658050973401572
2022-12-30;8766.0;24.0;3.6647467476312645
2022-12-30;9131.0;24.999315537303218;3.6717916598717926
2022-12-30;9496.0;25.998631074606433;3.6791975846633296
2022-12-30;9861.0;26.99794661190965;3.686951093679003
2022-12-30;10227.0;28.0;3.6950735364064347
2022-12-30;10592.0;28.999315537303218;3.7034942644060598
2022-12-30;10957.0;29.998631074606433;3.712240279418677
2023-01-31;91.0;0.24914442162902123;3.119801755695857
2023-01-31;182.0;0.49828884325804246;3.2658360226981675
2023-01-31;364.0;0.9965776865160849;3.5579045567027885
2023-01-31;365.0;0.999315537303217;3.55826235065404
2023-01-31;730.0;1.998631074606434;3.691268992253316
2023-01-31;1095.0;2.9979466119096507;3.7654078005894487
2023-01-31;1461.0;4.0;3.8410108836989254
2023-01-31;1826.0;4.999315537303217;3.917648298323817
2023-01-31;2191.0;5.9986310746064335;3.9828165426237128
2023-01-31;2556.0;6.997946611909651;4.049217430812613
2023-01-31;2922.0;8.0;4.117097716928786
2023-01-31;3287.0;8.999315537303216;4.18614676369895
2023-01-31;3652.0;9.998631074606434;4.256657512554218
2023-01-31;4017.0;10.99794661190965;4.325757426259091
2023-01-31;4383.0;12.0;4.396704918480676
2023-01-31;4748.0;12.999315537303216;4.469209671782615
2023-01-31;5113.0;13.998631074606434;4.543627458989619
2023-01-31;5478.0;14.99794661190965;4.620122495918433
2023-01-31;5844.0;16.0;4.688213788930828
2023-01-31;6209.0;16.999315537303218;4.758234816743756
2023-01-31;6574.0;17.998631074606433;4.830563376516683
2023-01-31;6939.0;18.99794661190965;4.905393860590834
2023-01-31;7305.0;20.0;4.983191970440282
2023-01-31;7670.0;20.999315537303218;5.0374647518741655
2023-01-31;8035.0;21.998631074606433;5.093987506072839
2023-01-31;8400.0;22.99794661190965;5.152903998556502
2023-01-31;8766.0;24.0;5.214588944989784
2023-01-31;9131.0;24.999315537303218;5.278837857078944
2023-01-31;9496.0;25.998631074606433;5.346091311264534
2023-01-31;9861.0;26.99794661190965;5.4166251956292655
2023-01-31;10227.0;28.0;5.491007111575108
2023-01-31;10592.0;28.999315537303218;5.569122681622374
2023-01-31;10957.0;29.998631074606433;5.651658489353251
2023-02-28;91.0;0.24914442162902123;3.1516650317805284
2023-02-28;182.0;0.49828884325804246;3.2498408825345657
2023-02-28;364.0;0.9965776865160849;3.476591672642902
2023-02-28;365.0;0.999315537303217;3.4774081018485337
2023-02-28;730.0;1.998631074606434;3.7810467118635227
2023-02-28;1095.0;2.9979466119096507;3.884466198271541
2023-02-28;1461.0;4.0;3.990396519148587
2023-02-28;1826.0;4.999315537303217;4.098068759350371
2023-02-28;2191.0;5.9986310746064335;4.19079173127348
2023-02-28;2556.0;6.997946611909651;4.285495207573198
2023-02-28;2922.0;8.0;4.382566925733755
2023-02-28;3287.0;8.999315537303216;4.481607267082133
2023-02-28;3652.0;9.998631074606434;4.583093870925503
2023-02-28;4017.0;10.99794661190965;4.603367603692887
2023-02-28;4383.0;12.0;4.625036663966342
2023-02-28;4748.0;12.999315537303216;4.647789950702852
2023-02-28;5113.0;13.998631074606434;4.67160216750151
2023-02-28;5478.0;14.99794661190965;4.696408441203759
2023-02-28;5844.0;16.0;4.7339428352649815
2023-02-28;6209.0;16.999315537303218;4.7725022819989915
2023-02-28;6574.0;17.998631074606433;4.812249884154585
2023-02-28;6939.0;18.99794661190965;4.853241768108152
2023-02-28;7305.0;20.0;4.895678671936121
2023-02-28;7670.0;20.999315537303218;4.95189508163385
2023-02-28;8035.0;21.998631074606433;5.009982399922519
2023-02-28;8400.0;22.99794661190965;5.070113291214828
2023-02-28;8766.0;24.0;5.1326759204202155
2023-02-28;9131.0;24.999315537303218;5.197494548711212
2023-02-28;9496.0;25.998631074606433;5.265009664182285
2023-02-28;9861.0;26.99794661190965;5.335498331053312
2023-02-28;10227.0;28.0;5.409513785353548
2023-02-28;10592.0;28.999315537303218;5.4869482092201105
2023-02-28;10957.0;29.998631074606433;5.568459812346815
2023-03-31;91.0;0.24914442162902123;3.155009890662861
2023-03-31;182.0;0.49828884325804246;3.259561737060414
2023-03-31;364.0;0.9965776865160849;3.526998128620437
2023-03-31;365.0;0.999315537303217;3.527921631001263
2023-03-31;730.0;1.998631074606434;3.871535865523268
2023-03-31;1095.0;2.9979466119096507;3.957866490601636
2023-03-31;1461.0;4.0;4.046583810722915
2023-03-31;1826.0;4.999315537303217;4.136853908962168
2023-03-31;2191.0;5.9986310746064335;4.23572812928088
2023-03-31;2556.0;6.997946611909651;4.33660259219697
2023-03-31;2922.0;8.0;4.439953634463478
2023-03-31;3287.0;8.999315537303216;4.545399158256469
2023-03-31;3652.0;9.998631074606434;4.653478792496335
2023-03-31;4017.0;10.99794661190965;4.7432448907714475
2023-03-31;4383.0;12.0;4.835914197681923
2023-03-31;4748.0;12.999315537303216;4.9311353306570105
2023-03-31;5113.0;13.998631074606434;5.029432569122538
2023-03-31;5478.0;14.99794661190965;5.131095957371512
2023-03-31;5844.0;16.0;5.1961885611822245
2023-03-31;6209.0;16.999315537303218;5.263706845560923
2023-03-31;6574.0;17.998631074606433;5.3339992445881945
2023-03-31;6939.0;18.99794661190965;5.407242503699972
2023-03-31;7305.0;20.0;5.48390233893159
2023-03-31;7670.0;20.999315537303218;5.533873418282265
2023-03-31;8035.0;21.998631074606433;5.586381456635192
2023-03-31;8400.0;22.99794661190965;5.641552932786409
2023-03-31;8766.0;24.0;5.6997483180765585
2023-03-31;9131.0;24.999315537303218;5.760762956720078
2023-03-31;9496.0;25.998631074606433;5.825034146489805
2023-03-31;9861.0;26.99794661190965;5.892842312531998
2023-03-31;10227.0;28.0;5.964763884072721
2023-03-31;10592.0;28.999315537303218;6.040702416844668
2023-03-31;10957.0;29.998631074606433;6.1213665231974135
2023-04-28;91.0;0.24914442162902123;3.1115317097259796
2023-04-28;182.0;0.49828884325804246;3.2508250341754956
2023-04-28;364.0;0.9965776865160849;3.551873897838891
2023-04-28;365.0;0.999315537303217;3.552629845860067
2023-04-28;730.0;1.998631074606434;3.833847241124322
2023-04-28;1095.0;2.9979466119096507;3.9736360868795506
2023-04-28;1461.0;4.0;4.116579135489684
2023-04-28;1826.0;4.999315537303217;4.261933735803658
2023-04-28;2191.0;5.9986310746064335;4.347455112928511
2023-04-28;2556.0;6.997946611909651;4.4351633280210745
2023-04-28;2922.0;8.0;4.525302083424432
2023-04-28;3287.0;8.999315537303216;4.617428008338043
2023-04-28;3652.0;9.998631074606434;4.711944390135092
2023-04-28;4017.0;10.99794661190965;4.817309890420796
2023-04-28;4383.0;12.0;4.926027980009318
2023-04-28;4748.0;12.999315537303216;5.03777891040027
2023-04-28;5113.0;13.998631074606434;5.153255461882833
2023-04-28;5478.0;14.99794661190965;5.272881441525734
2023-04-28;5844.0;16.0;5.338100793928913
2023-04-28;6209.0;16.999315537303218;5.405953311767653
2023-04-28;6574.0;17.998631074606433;5.476785700176201
2023-04-28;6939.0;18.99794661190965;5.550774547092674
2023-04-28;7305.0;20.0;5.62839676471536
2023-04-28;7670.0;20.999315537303218;5.6764317762169725
2023-04-28;8035.0;21.998631074606433;5.727096041608726
2023-04-28;8400.0;22.99794661190965;5.780504669704278
2023-04-28;8766.0;24.0;5.837006565077796
2023-04-28;9131.0;24.999315537303218;5.89639359659202
2023-04-28;9496.0;25.998631074606433;5.9590945431552855
2023-04-28;9861.0;26.99794661190965;6.025384507180531
2023-04-28;10227.0;28.0;6.095833364547976
2023-04-28;10592.0;28.999315537303218;6.170345328315996
2023-04-28;10957.0;29.998631074606433;6.24962414785446
2023-05-31;91.0;0.24914442162902123;3.084714687476437
2023-05-31;182.0;0.49828884325804246;3.1622709031275615
2023-05-31;364.0;0.9965776865160849;3.3909237373497754
2023-05-31;365.0;0.999315537303217;3.391641592677397
2023-05-31;730.0;1.998631074606434;3.658457857968056
2023-05-31;1095.0;2.9979466119096507;3.810524774594959
2023-05-31;1461.0;4.0;3.9658349591080277
2023-05-31;1826.0;4.999315537303217;4.123678038516965
2023-05-31;2191.0;5.9986310746064335;4.236887171910997
2023-05-31;2556.0;6.997946611909651;4.352770386538607
2023-05-31;2922.0;8.0;4.47179986308448
2023-05-31;3287.0;8.999315537303216;4.59350594555088
2023-05-31;3652.0;9.998631074606434;4.718516576145193
2023-05-31;4017.0;10.99794661190965;4.79477312251666
2023-05-31;4383.0;12.0;4.873838583588652
2023-05-31;4748.0;12.999315537303216;4.955305280504874
2023-05-31;5113.0;13.998631074606434;5.039550924756964
2023-05-31;5478.0;14.99794661190965;5.126757550342109
2023-05-31;5844.0;16.0;5.223526869136319
2023-05-31;6209.0;16.999315537303218;5.323700511032636
2023-05-31;6574.0;17.998631074606433;5.427958527814036
2023-05-31;6939.0;18.99794661190965;5.536747338533288
2023-05-31;7305.0;20.0;5.650950021060175
2023-05-31;7670.0;20.999315537303218;5.683879506691625
2023-05-31;8035.0;21.998631074606433;5.7191871251144555
2023-05-31;8400.0;22.99794661190965;5.756882900980975
2023-05-31;8766.0;24.0;5.797164378795294
2023-05-31;9131.0;24.999315537303218;5.839793702914875
2023-05-31;9496.0;25.998631074606433;5.885031467406598
2023-05-31;9861.0;26.99794661190965;5.933012916609659
2023-05-31;10227.0;28.0;5.9840926396745875
2023-05-31;10592.0;28.999315537303218;6.038102519316602
2023-05-31;10957.0;29.998631074606433;6.095474910409382
2023-06-28;91.0;0.24914442162902123;3.055828611586713
2023-06-28;182.0;0.49828884325804246;3.0911496375035967
2023-06-28;364.0;0.9965776865160849;3.2234075116138237
2023-06-28;365.0;0.999315537303217;3.2239004788078507
2023-06-28;730.0;1.998631074606434;3.4069012894666573
2023-06-28;1095.0;2.9979466119096507;3.529863257010657
2023-06-28;1461.0;4.0;3.655143927647364
2023-06-28;1826.0;4.999315537303217;3.7821759990947834
2023-06-28;2191.0;5.9986310746064335;3.883443544680687
2023-06-28;2556.0;6.997946611909651;3.9867741355653408
2023-06-28;2922.0;8.0;4.092597586964031
2023-06-28;3287.0;8.999315537303216;4.200486418630267
2023-06-28;3652.0;9.998631074606434;4.3109659749741125
2023-06-28;4017.0;10.99794661190965;4.407665410494532
2023-06-28;4383.0;12.0;4.507342025936523
2023-06-28;4748.0;12.999315537303216;4.609629585334751
2023-06-28;5113.0;13.998631074606434;4.715094626238603
2023-06-28;5478.0;14.99794661190965;4.824052602564177
2023-06-28;5844.0;16.0;4.916045497881827
2023-06-28;6209.0;16.999315537303218;5.01118361231867
2023-06-28;6574.0;17.998631074606433;5.110064776137557
2023-06-28;6939.0;18.99794661190965;5.21305872694624
2023-06-28;7305.0;20.0;5.3209420690896625
2023-06-28;7670.0;20.999315537303218;5.384739561078922
2023-06-28;8035.0;21.998631074606433;5.451767080277459
2023-06-28;8400.0;22.99794661190965;5.522233886595118
2023-06-28;8766.0;24.0;5.596652249926293
2023-06-28;9131.0;24.999315537303218;5.674829879383347
2023-06-28;9496.0;25.998631074606433;5.757397848358248
2023-06-28;9861.0;26.99794661190965;5.844807235322258
2023-06-28;10227.0;28.0;5.937912086616626
2023-06-28;10592.0;28.999315537303218;6.036733080987711
2023-06-28;10957.0;29.998631074606433;6.142362607473428
2023-07-31;91.0;0.24914442162902123;3.0568039692961206
2023-07-31;182.0;0.49828884325804246;3.1121895127001586
2023-07-31;364.0;0.9965776865160849;3.307293386432395
2023-07-31;365.0;0.999315537303217;3.307731144521009
2023-07-31;730.0;1.998631074606434;3.4702874685878626
2023-07-31;1095.0;2.9979466119096507;3.5731390591303036
2023-07-31;1461.0;4.0;3.677933196229377
2023-07-31;1826.0;4.999315537303217;3.7841527454767654
2023-07-31;2191.0;5.9986310746064335;3.868323509282945
2023-07-31;2556.0;6.997946611909651;3.9541515509982528
2023-07-31;2922.0;8.0;4.041966634796035
2023-07-31;3287.0;8.999315537303216;4.131385588180025
2023-07-31;3652.0;9.998631074606434;4.222812307052393
2023-07-31;4017.0;10.99794661190965;4.3243004915130445
2023-07-31;4383.0;12.0;4.428686764773437
2023-07-31;4748.0;12.999315537303216;4.535640890384673
2023-07-31;5113.0;13.998631074606434;4.64578589325777
2023-07-31;5478.0;14.99794661190965;4.75947878186922
2023-07-31;5844.0;16.0;4.847089174984309
2023-07-31;6209.0;16.999315537303218;4.937623798627988
2023-07-31;6574.0;17.998631074606433;5.031631470541376
2023-07-31;6939.0;18.99794661190965;5.129439978238737
2023-07-31;7305.0;20.0;5.23175826402178
2023-07-31;7670.0;20.999315537303218;5.289357422356367
2023-07-31;8035.0;21.998631074606433;5.34983611199471
2023-07-31;8400.0;22.99794661190965;5.413354087382616
2023-07-31;8766.0;24.0;5.480341672546518
2023-07-31;9131.0;24.999315537303218;5.550585713116463
2023-07-31;9496.0;25.998631074606433;5.6246119478489565
2023-07-31;9861.0;26.99794661190965;5.702773159833208
2023-07-31;10227.0;28.0;5.785770538759216
2023-07-31;10592.0;28.999315537303218;5.873543186889574
2023-07-31;10957.0;29.998631074606433;5.966968305286002
2023-08-31;91.0;0.24914442162902123;3.0710167374275437
2023-08-31;182.0;0.49828884325804246;3.129512861171316
2023-08-31;364.0;0.9965776865160849;3.293661290540155
2023-08-31;365.0;0.999315537303217;3.294057725329469
2023-08-31;730.0;1.998631074606434;3.4412479165161214
2023-08-31;1095.0;2.9979466119096507;3.5534176015288077
2023-08-31;1461.0;4.0;3.6676352808528545
2023-08-31;1826.0;4.999315537303217;3.7833988303213717
2023-08-31;2191.0;5.9986310746064335;3.870002490666402
2023-08-31;2556.0;6.997946611909651;3.9583535962987026
2023-08-31;2922.0;8.0;4.048784212429202
2023-08-31;3287.0;8.999315537303216;4.140897136339561
2023-08-31;3652.0;9.998631074606434;4.235109451924357
2023-08-31;4017.0;10.99794661190965;4.335614118765063
2023-08-31;4383.0;12.0;4.439025124585094
2023-08-31;4748.0;12.999315537303216;4.54500560292963
2023-08-31;5113.0;13.998631074606434;4.65416701326633
2023-08-31;5478.0;14.99794661190965;4.766857698382632
2023-08-31;5844.0;16.0;4.851769105456927
2023-08-31;6209.0;16.999315537303218;4.9395276620092465
2023-08-31;6574.0;17.998631074606433;5.030654472999352
2023-08-31;6939.0;18.99794661190965;5.125454859454681
2023-08-31;7305.0;20.0;5.224603046404952
2023-08-31;7670.0;20.999315537303218;5.282775318072419
2023-08-31;8035.0;21.998631074606433;5.343823871233355
2023-08-31;8400.0;22.99794661190965;5.407913111217222
2023-08-31;8766.0;24.0;5.475479144808393
2023-08-31;9131.0;24.999315537303218;5.546311202356757
2023-08-31;9496.0;25.998631074606433;5.620941192764328
2023-08-31;9861.0;26.99794661190965;5.699727396203191
2023-08-31;10227.0;28.0;5.783378814381268
2023-08-31;10592.0;28.999315537303218;5.871838598541657
2023-08-31;10957.0;29.998631074606433;5.965994048696066
2023-09-27;91.0;0.24914442162902123;3.093357715296957
2023-09-27;182.0;0.49828884325804246;3.1626011997556813
2023-09-27;364.0;0.9965776865160849;3.2769926601459605
2023-09-27;365.0;0.999315537303217;3.2775484402091326
2023-09-27;730.0;1.998631074606434;3.4839454518445168
2023-09-27;1095.0;2.9979466119096507;3.5836631185168555
2023-09-27;1461.0;4.0;3.685397897837994
2023-09-27;1826.0;4.999315537303217;3.788564964312413
2023-09-27;2191.0;5.9986310746064335;3.8741318537586
2023-09-27;2556.0;6.997946611909651;3.9613750427510697
2023-09-27;2922.0;8.0;4.0506370535198455
2023-09-27;3287.0;8.999315537303216;4.141533779655937
2023-09-27;3652.0;9.998631074606434;4.234480066893509
2023-09-27;4017.0;10.99794661190965;4.331054765983056
2023-09-27;4383.0;12.0;4.430399857710965
2023-09-27;4748.0;12.999315537303216;4.532179852597462
2023-09-27;5113.0;13.998631074606434;4.636969878515407
2023-09-27;5478.0;14.99794661190965;4.745090223061643
2023-09-27;5844.0;16.0;4.831725237261741
2023-09-27;6209.0;16.999315537303218;4.921208178138881
2023-09-27;6574.0;17.998631074606433;5.014078945538891
2023-09-27;6939.0;18.99794661190965;5.110657841614885
2023-09-27;7305.0;20.0;5.211639094714848
2023-09-27;7670.0;20.999315537303218;5.271653026622136
2023-09-27;8035.0;21.998631074606433;5.334591388491106
2023-09-27;8400.0;22.99794661190965;5.400631981927773
2023-09-27;8766.0;24.0;5.470231078985921
2023-09-27;9131.0;24.999315537303218;5.54318303073722
2023-09-27;9496.0;25.998631074606433;5.620043774427663
2023-09-27;9861.0;26.99794661190965;5.701193121141279
2023-09-27;10227.0;28.0;5.7873731082211055
2023-09-27;10592.0;28.999315537303218;5.878542759402849
2023-09-27;10957.0;29.998631074606433;5.975634194270296
2023-10-31;91.0;0.24914442162902123;3.0035379468740455
2023-10-31;182.0;0.49828884325804246;3.0476059583344277
2023-10-31;364.0;0.9965776865160849;3.161344759987199
2023-10-31;365.0;0.999315537303217;3.1619837413285667
2023-10-31;730.0;1.998631074606434;3.399180406208413
2023-10-31;1095.0;2.9979466119096507;3.515598607028325
2023-10-31;1461.0;4.0;3.6343618531464728
2023-10-31;1826.0;4.999315537303217;3.7548230649369296
2023-10-31;2191.0;5.9986310746064335;3.849487810288754
2023-10-31;2556.0;6.997946611909651;3.946073130906891
2023-10-31;2922.0;8.0;4.044958746140037
2023-10-31;3287.0;8.999315537303216;4.145726460961585
2023-10-31;3652.0;9.998631074606434;4.248849051537085
2023-10-31;4017.0;10.99794661190965;4.343151572229864
2023-10-31;4383.0;12.0;4.440268199124553
2023-10-31;4748.0;12.999315537303216;4.539841844161097
2023-10-31;5113.0;13.998631074606434;4.6424177081458184
2023-10-31;5478.0;14.99794661190965;4.748293614110777
2023-10-31;5844.0;16.0;4.832478456244127
2023-10-31;6209.0;16.999315537303218;4.919458872108717
2023-10-31;6574.0;17.998631074606433;5.00974847977218
2023-10-31;6939.0;18.99794661190965;5.103646239274484
2023-10-31;7305.0;20.0;5.2018149935218805
2023-10-31;7670.0;20.999315537303218;5.255817666606433
2023-10-31;8035.0;21.998631074606433;5.312518465248739
2023-10-31;8400.0;22.99794661190965;5.372052011837214
2023-10-31;8766.0;24.0;5.434805976008583
2023-10-31;9131.0;24.999315537303218;5.500560030803769
2023-10-31;9496.0;25.998631074606433;5.569786326091908
2023-10-31;9861.0;26.99794661190965;5.642789746576882
2023-10-31;10227.0;28.0;5.7201955779171865
2023-10-31;10592.0;28.999315537303218;5.80190890684511
2023-10-31;10957.0;29.998631074606433;5.888703143548124
2023-11-30;91.0;0.24914442162902123;3.0083537863603644
2023-11-30;182.0;0.49828884325804246;3.0328482426359438
2023-11-30;364.0;0.9965776865160849;3.134261157475069
2023-11-30;365.0;0.999315537303217;3.134706318118319
2023-11-30;730.0;1.998631074606434;3.2998729746285704
2023-11-30;1095.0;2.9979466119096507;3.404973498157804
2023-11-30;1461.0;4.0;3.5119888740754
2023-11-30;1826.0;4.999315537303217;3.6203968913064877
2023-11-30;2191.0;5.9986310746064335;3.7121362952865278
2023-11-30;2556.0;6.997946611909651;3.8055979263249995
2023-11-30;2922.0;8.0;3.9011661066214565
2023-11-30;3287.0;8.999315537303216;3.9984432499434286
2023-11-30;3652.0;9.998631074606434;4.097882575993772
2023-11-30;4017.0;10.99794661190965;4.192243238954618
2023-11-30;4383.0;12.0;4.289298114059825
2023-11-30;4748.0;12.999315537303216;4.388695145160693
2023-11-30;5113.0;13.998631074606434;4.4909753164884325
2023-11-30;5478.0;14.99794661190965;4.596430303740484
2023-11-30;5844.0;16.0;4.70741849841696
2023-11-30;6209.0;16.999315537303218;4.822039622259777
2023-11-30;6574.0;17.998631074606433;4.941090767791434
2023-11-30;6939.0;18.99794661190965;5.065108495282944
2023-11-30;7305.0;20.0;5.1951238772900865
2023-11-30;7670.0;20.999315537303218;5.255557511949838
2023-11-30;8035.0;21.998631074606433;5.319127588717065
2023-11-30;8400.0;22.99794661190965;5.386006183353875
2023-11-30;8766.0;24.0;5.45665651572369
2023-11-30;9131.0;24.999315537303218;5.530860959947725
2023-11-30;9496.0;25.998631074606433;5.609191794915769
2023-11-30;9861.0;26.99794661190965;5.6920426332119245
2023-11-30;10227.0;28.0;5.780185298682516
2023-11-30;10592.0;28.999315537303218;5.8735862981774245
2023-11-30;10957.0;29.998631074606433;5.9732233523059675
2023-12-29;91.0;0.24914442162902123;3.0201777034999915
2023-12-29;182.0;0.49828884325804246;3.058595099381813
2023-12-29;364.0;0.9965776865160849;3.131875805672483
2023-12-29;365.0;0.999315537303217;3.1322458167034606
2023-12-29;730.0;1.998631074606434;3.269509113116853
2023-12-29;1095.0;2.9979466119096507;3.3612936784028102
2023-12-29;1461.0;4.0;3.454692003988402
2023-12-29;1826.0;4.999315537303217;3.549243125859647
2023-12-29;2191.0;5.9986310746064335;3.6194697942953713
2023-12-29;2556.0;6.997946611909651;3.6909946303686825
2023-12-29;2922.0;8.0;3.7640619119222007
2023-12-29;3287.0;8.999315537303216;3.8383254597127436
2023-12-29;3652.0;9.998631074606434;3.9140913733862304
2023-12-29;4017.0;10.99794661190965;3.9964449567180926
2023-12-29;4383.0;12.0;4.080900809294219
2023-12-29;4748.0;12.999315537303216;4.1671414985857025
2023-12-29;5113.0;13.998631074606434;4.255610288400136
2023-12-29;5478.0;14.99794661190965;4.346525340791296
2023-12-29;5844.0;16.0;4.441141040018626
2023-12-29;6209.0;16.999315537303218;4.538467786264011
2023-12-29;6574.0;17.998631074606433;4.6391100316032885
2023-12-29;6939.0;18.99794661190965;4.743433377465478
2023-12-29;7305.0;20.0;4.852192753572515
2023-12-29;7670.0;20.999315537303218;4.913970725624606
2023-12-29;8035.0;21.998631074606433;4.9784740936619665
2023-12-29;8400.0;22.99794661190965;5.04587823834628
2023-12-29;8766.0;24.0;5.116632251418074
2023-12-29;9131.0;24.999315537303218;5.190520316384362
2023-12-29;9496.0;25.998631074606433;5.2680815345909515
2023-12-29;9861.0;26.99794661190965;5.349673935476029
2023-12-29;10227.0;28.0;5.436007949549104
2023-12-29;10592.0;28.999315537303218;5.527012452472846
2023-12-29;10957.0;29.998631074606433;5.623569431594144
2024-01-31;91.0;0.24914442162902123;3.0823228258892232
2024-01-31;182.0;0.49828884325804246;3.158798977491152
2024-01-31;364.0;0.9965776865160849;3.212410152928781
2024-01-31;365.0;0.999315537303217;3.212665701808981
2024-01-31;730.0;1.998631074606434;3.307484284926998
2024-01-31;1095.0;2.9979466119096507;3.3755253649701666
2024-01-31;1461.0;4.0;3.4447161889795463
2024-01-31;1826.0;4.999315537303217;3.5147051054237544
2024-01-31;2191.0;5.9986310746064335;3.5701412905090324
2024-01-31;2556.0;6.997946611909651;3.6265250652882663
2024-01-31;2922.0;8.0;3.684046006545638
2024-01-31;3287.0;8.999315537303216;3.742423404544337
2024-01-31;3652.0;9.998631074606434;3.8018847604330164
2024-01-31;4017.0;10.99794661190965;3.8477422704005004
2024-01-31;4383.0;12.0;3.8947425088314835
2024-01-31;4748.0;12.999315537303216;3.942639174166951
2024-01-31;5113.0;13.998631074606434;3.9916179704160504
2024-01-31;5478.0;14.99794661190965;4.041735882327013
2024-01-31;5844.0;16.0;4.126755696861828
2024-01-31;6209.0;16.999315537303218;4.21372556635784
2024-01-31;6574.0;17.998631074606433;4.3031573307509285
2024-01-31;6939.0;18.99794661190965;4.395338907167767
2024-01-31;7305.0;20.0;4.490877295679407
2024-01-31;7670.0;20.999315537303218;4.6072608101275
2024-01-31;8035.0;21.998631074606433;4.728450884892177
2024-01-31;8400.0;22.99794661190965;4.855107989664953
2024-01-31;8766.0;24.0;4.988416902832982
2024-01-31;9131.0;24.999315537303218;5.128481067574953
2024-01-31;9496.0;25.998631074606433;5.27680965309647
2024-01-31;9861.0;26.99794661190965;5.434746412234581
2024-01-31;10227.0;28.0;5.6044907754957185
2024-01-31;10592.0;28.999315537303218;5.787068241246973
2024-01-31;10957.0;29.998631074606433;5.985670325296044
2024-02-29;91.0;0.24914442162902123;3.0705655740512388
2024-02-29;182.0;0.49828884325804246;3.130854474718654
2024-02-29;364.0;0.9965776865160849;3.1666999687789588
2024-02-29;365.0;0.999315537303217;3.1668902672422616
2024-02-29;730.0;1.998631074606434;3.23747394837266
2024-02-29;1095.0;2.9979466119096507;3.29761157070505
2024-02-29;1461.0;4.0;3.3587028278916575
2024-02-29;1826.0;4.999315537303217;3.420451552664927
2024-02-29;2191.0;5.9986310746064335;3.486541117804176
2024-02-29;2556.0;6.997946611909651;3.553628255956176
2024-02-29;2922.0;8.0;3.6219953981218023
2024-02-29;3287.0;8.999315537303216;3.6913476596130312
2024-02-29;3652.0;9.998631074606434;3.761981444188933
2024-02-29;4017.0;10.99794661190965;3.8237863252608584
2024-02-29;4383.0;12.0;3.887095463463841
2024-02-29;4748.0;12.999315537303216;3.951621903054403
2024-02-29;5113.0;13.998631074606434;4.017651515958542
2024-02-29;5478.0;14.99794661190965;4.085297580826164
2024-02-29;5844.0;16.0;4.1443787785428565
2024-02-29;6209.0;16.999315537303218;4.204896872418695
2024-02-29;6574.0;17.998631074606433;4.267141097401028
2024-02-29;6939.0;18.99794661190965;4.331237333705662
2024-02-29;7305.0;20.0;4.397534223905275
2024-02-29;7670.0;20.999315537303218;4.508190506864529
2024-02-29;8035.0;21.998631074606433;4.623162631258904
2024-02-29;8400.0;22.99794661190965;4.743033950310993
2024-02-29;8766.0;24.0;4.8688672058103455
2024-02-29;9131.0;24.999315537303218;5.000693470096795
2024-02-29;9496.0;25.998631074606433;5.13984177318616
2024-02-29;9861.0;26.99794661190965;5.28745473758474
2024-02-29;10227.0;28.0;5.445427907764722
2024-02-29;10592.0;28.999315537303218;5.614510402695316
2024-02-29;10957.0;29.998631074606433;5.797374110717102
2024-03-29;91.0;0.24914442162902123;3.0784061292623104
2024-03-29;182.0;0.49828884325804246;3.1153383651533497
2024-03-29;364.0;0.9965776865160849;3.1653239860363604
2024-03-29;365.0;0.999315537303217;3.165484263236573
2024-03-29;730.0;1.998631074606434;3.224929023738987
2024-03-29;1095.0;2.9979466119096507;3.292899767131652
2024-03-29;1461.0;4.0;3.361905078468763
2024-03-29;1826.0;4.999315537303217;3.4316478676998496
2024-03-29;2191.0;5.9986310746064335;3.49982606615602
2024-03-29;2556.0;6.997946611909651;3.5690731404018017
2024-03-29;2922.0;8.0;3.6396727809702156
2024-03-29;3287.0;8.999315537303216;3.7113169350753816
2024-03-29;3652.0;9.998631074606434;3.784311521361672
2024-03-29;4017.0;10.99794661190965;3.837054649119498
2024-03-29;4383.0;12.0;3.8911573838364966
2024-03-29;4748.0;12.999315537303216;3.946340004256421
2024-03-29;5113.0;13.998631074606434;4.002822740271261
2024-03-29;5478.0;14.99794661190965;4.060679308016701
2024-03-29;5844.0;16.0;4.122713461522309
2024-03-29;6209.0;16.999315537303218;4.186186636619804
2024-03-29;6574.0;17.998631074606433;4.251414401160569
2024-03-29;6939.0;18.99794661190965;4.31854125219866
2024-03-29;7305.0;20.0;4.387942213391849
2024-03-29;7670.0;20.999315537303218;4.4912140167524095
2024-03-29;8035.0;21.998631074606433;4.598384507200426
2024-03-29;8400.0;22.99794661190965;4.709958131816538
2024-03-29;8766.0;24.0;4.826875712727441
2024-03-29;9131.0;24.999315537303218;4.94910379134077
2024-03-29;9496.0;25.998631074606433;5.077800339885075
2024-03-29;9861.0;26.99794661190965;5.213924086621247
2024-03-29;10227.0;28.0;5.359093583599783
2024-03-29;10592.0;28.999315537303218;5.5138252961831835
2024-03-29;10957.0;29.998631074606433;5.68033788646829
2024-04-30;91.0;0.24914442162902123;3.076523768581071
2024-04-30;182.0;0.49828884325804246;3.1536441531804447
2024-04-30;364.0;0.9965776865160849;3.193802881359201
2024-04-30;365.0;0.999315537303217;3.193967825223254
2024-04-30;730.0;1.998631074606434;3.2551525003156057
2024-04-30;1095.0;2.9979466119096507;3.311536844467944
2024-04-30;1461.0;4.0;3.36880068701233
2024-04-30;1826.0;4.999315537303217;3.4266716029697664
2024-04-30;2191.0;5.9986310746064335;3.493581710220739
2024-04-30;2556.0;6.997946611909651;3.561476484330872
2024-04-30;2922.0;8.0;3.630652739704776
2024-04-30;3287.0;8.999315537303216;3.70081907631048
2024-04-30;3652.0;9.998631074606434;3.7722797183782797
2024-04-30;4017.0;10.99794661190965;3.8286230494791074
2024-04-30;4383.0;12.0;3.8863666729823443
2024-04-30;4748.0;12.999315537303216;3.945230788758658
2024-04-30;5113.0;13.998631074606434;4.005462785988456
2024-04-30;5478.0;14.99794661190965;4.0671527726092505
2024-04-30;5844.0;16.0;4.1290908541556925
2024-04-30;6209.0;16.999315537303218;4.192484155981102
2024-04-30;6574.0;17.998631074606433;4.257646409055349
2024-04-30;6939.0;18.99794661190965;4.324720616678701
2024-04-30;7305.0;20.0;4.394080918142618
2024-04-30;7670.0;20.999315537303218;4.491641596375828
2024-04-30;8035.0;21.998631074606433;4.592820725687785
2024-04-30;8400.0;22.99794661190965;4.698067210543422
2024-04-30;8766.0;24.0;4.808236364906704
2024-04-30;9131.0;24.999315537303218;4.923253682791517
2024-04-30;9496.0;25.998631074606433;5.044160584372825
2024-04-30;9861.0;26.99794661190965;5.171794033174959
2024-04-30;10227.0;28.0;5.307589105243848
2024-04-30;10592.0;28.999315537303218;5.451918718249971
2024-04-30;10957.0;29.998631074606433;5.606711468658987
2024-05-31;91.0;0.24914442162902123;3.1107229285013798
2024-05-31;182.0;0.49828884325804246;3.1374666549451513
2024-05-31;364.0;0.9965776865160849;3.111786997917423
2024-05-31;365.0;0.999315537303217;3.112167231204399
2024-05-31;730.0;1.998631074606434;3.25321141103736
2024-05-31;1095.0;2.9979466119096507;3.3143977224409316
2024-05-31;1461.0;4.0;3.3767421473436476
2024-05-31;1826.0;4.999315537303217;3.4398366268973524
2024-05-31;2191.0;5.9986310746064335;3.5102737831089525
2024-05-31;2556.0;6.997946611909651;3.5817991306382524
2024-05-31;2922.0;8.0;3.6547170681641816
2024-05-31;3287.0;8.999315537303216;3.7287174441004822
2024-05-31;3652.0;9.998631074606434;3.8041222195521973
2024-05-31;4017.0;10.99794661190965;3.864921007976263
2024-05-31;4383.0;12.0;3.927257299418052
2024-05-31;4748.0;12.999315537303216;3.9908369605965
2024-05-31;5113.0;13.998631074606434;4.055935482062889
2024-05-31;5478.0;14.99794661190965;4.122659446342758
2024-05-31;5844.0;16.0;4.1727764745490115
2024-05-31;6209.0;16.999315537303218;4.224172532121195
2024-05-31;6574.0;17.998631074606433;4.277070413259065
2024-05-31;6939.0;18.99794661190965;4.331552762286006
2024-05-31;7305.0;20.0;4.387893574532953
2024-05-31;7670.0;20.999315537303218;4.488534063287908
2024-05-31;8035.0;21.998631074606433;4.59289262704734
2024-05-31;8400.0;22.99794661190965;4.701448110379447
2024-05-31;8766.0;24.0;4.815098690495079
2024-05-31;9131.0;24.999315537303218;4.93379227405355
2024-05-31;9496.0;25.998631074606433;5.058626397490817
2024-05-31;9861.0;26.99794661190965;5.190496301751346
2024-05-31;10227.0;28.0;5.330923205267446
2024-05-31;10592.0;28.999315537303218;5.480347556475418
2024-05-31;10957.0;29.998631074606433;5.640831945681257
2024-06-28;91.0;0.24914442162902123;2.8553280052533228
2024-06-28;182.0;0.49828884325804246;2.8716803789869045
2024-06-28;364.0;0.9965776865160849;2.941347524608036
2024-06-28;365.0;0.999315537303217;2.9415982014208364
2024-06-28;730.0;1.998631074606434;3.0344840956377794
2024-06-28;1095.0;2.9979466119096507;3.1181922194043477
2024-06-28;1461.0;4.0;3.203199154049008
2024-06-28;1826.0;4.999315537303217;3.289123371405256
2024-06-28;2191.0;5.9986310746064335;3.352414113226243
2024-06-28;2556.0;6.997946611909651;3.416773084059188
2024-06-28;2922.0;8.0;3.482413739547874
2024-06-28;3287.0;8.999315537303216;3.549016958494877
2024-06-28;3652.0;9.998631074606434;3.616844611594505
2024-06-28;4017.0;10.99794661190965;3.6790250244525424
2024-06-28;4383.0;12.0;3.7426774368010784
2024-06-28;4748.0;12.999315537303216;3.8075115465616927
2024-06-28;5113.0;13.998631074606434;3.8738111756255744
2024-06-28;5478.0;14.99794661190965;3.941686577155612
2024-06-28;5844.0;16.0;4.001994966494693
2024-06-28;6209.0;16.999315537303218;4.063718186839127
2024-06-28;6574.0;17.998631074606433;4.1271499338437545
2024-06-28;6939.0;18.99794661190965;4.192417291473571
2024-06-28;7305.0;20.0;4.259872551214938
2024-06-28;7670.0;20.999315537303218;4.348435399006689
2024-06-28;8035.0;21.998631074606433;4.440121339590575
2024-06-28;8400.0;22.99794661190965;4.535287095793317
2024-06-28;8766.0;24.0;4.6346472654377635
2024-06-28;9131.0;24.999315537303218;4.738061462006549
2024-06-28;9496.0;25.998631074606433;4.846382374216285
2024-06-28;9861.0;26.99794661190965;4.960253173529505
2024-06-28;10227.0;28.0;5.080818320503155
2024-06-28;10592.0;28.999315537303218;5.20823570719573
2024-06-28;10957.0;29.998631074606433;5.343989132724181
2024-07-31;91.0;0.24914442162902123;2.6661707135192363
2024-07-31;182.0;0.49828884325804246;2.711823278766669
2024-07-31;364.0;0.9965776865160849;2.777301992075989
2024-07-31;365.0;0.999315537303217;2.7775155518042105
2024-07-31;730.0;1.998631074606434;2.8565786222014333
2024-07-31;1095.0;2.9979466119096507;2.9530166876543307
2024-07-31;1461.0;4.0;3.0508550624506414
2024-07-31;1826.0;4.999315537303217;3.1497044427619247
2024-07-31;2191.0;5.9986310746064335;3.229932045305528
2024-07-31;2556.0;6.997946611909651;3.3114606366475563
2024-07-31;2922.0;8.0;3.3946031341623994
2024-07-31;3287.0;8.999315537303216;3.478990196864773
2024-07-31;3652.0;9.998631074606434;3.5649830465380727
2024-07-31;4017.0;10.99794661190965;3.622758558865402
2024-07-31;4383.0;12.0;3.6820390681776116
2024-07-31;4748.0;12.999315537303216;3.7425101407447814
2024-07-31;5113.0;13.998631074606434;3.8044088134629783
2024-07-31;5478.0;14.99794661190965;3.8678137236829224
2024-07-31;5844.0;16.0;3.9409169770923125
2024-07-31;6209.0;16.999315537303218;4.015727483441323
2024-07-31;6574.0;17.998631074606433;4.092634894283642
2024-07-31;6939.0;18.99794661190965;4.171831432837969
2024-07-31;7305.0;20.0;4.253783817667611
2024-07-31;7670.0;20.999315537303218;4.336034560260504
2024-07-31;8035.0;21.998631074606433;4.421222702835337
2024-07-31;8400.0;22.99794661190965;4.509650587016023
2024-07-31;8766.0;24.0;4.6019541572482225
2024-07-31;9131.0;24.999315537303218;4.697959983131139
2024-07-31;9496.0;25.998631074606433;4.798422483905163
2024-07-31;9861.0;26.99794661190965;4.903888733756379
2024-07-31;10227.0;28.0;5.015360150261627
2024-07-31;10592.0;28.999315537303218;5.132900670889162
2024-07-31;10957.0;29.998631074606433;5.2577863867314445
2024-08-30;91.0;0.24914442162902123;2.6920075468478335
2024-08-30;182.0;0.49828884325804246;2.7350526577011767
2024-08-30;364.0;0.9965776865160849;2.7727038171715193
2024-08-30;365.0;0.999315537303217;2.772802001976471
2024-08-30;730.0;1.998631074606434;2.80914290740808
2024-08-30;1095.0;2.9979466119096507;2.886752435833073
2024-08-30;1461.0;4.0;2.965379237675636
2024-08-30;1826.0;4.999315537303217;3.0447279134844907
2024-08-30;2191.0;5.9986310746064335;3.120008559107279
2024-08-30;2556.0;6.997946611909651;3.1963831333823745
2024-08-30;2922.0;8.0;3.274163500066729
2024-08-30;3287.0;8.999315537303216;3.3530120595440804
2024-08-30;3652.0;9.998631074606434;3.43326490617617
2024-08-30;4017.0;10.99794661190965;3.4937305796290063
2024-08-30;4383.0;12.0;3.5556487277183857
2024-08-30;4748.0;12.999315537303216;3.6187139808119717
2024-08-30;5113.0;13.998631074606434;3.6831855800347757
2024-08-30;5478.0;14.99794661190965;3.7491554258456183
2024-08-30;5844.0;16.0;3.8463858458905653
2024-08-30;6209.0;16.999315537303218;3.9459653632596847
2024-08-30;6574.0;17.998631074606433;4.048489359311769
2024-08-30;6939.0;18.99794661190965;4.154304924499752
2024-08-30;7305.0;20.0;4.264135205907005
2024-08-30;7670.0;20.999315537303218;4.34322980172861
2024-08-30;8035.0;21.998631074606433;4.425288097645397
2024-08-30;8400.0;22.99794661190965;4.510583662683176
2024-08-30;8766.0;24.0;4.599718489849081
2024-08-30;9131.0;24.999315537303218;4.692499493134683
2024-08-30;9496.0;25.998631074606433;4.789643868971916
2024-08-30;9861.0;26.99794661190965;4.891662738031344
2024-08-30;10227.0;28.0;4.999508232723526
2024-08-30;10592.0;28.999315537303218;5.113210390304412
2024-08-30;10957.0;29.998631074606433;5.233977933845946
2024-09-30;91.0;0.24914442162902123;2.7688806182900216
2024-09-30;182.0;0.49828884325804246;2.788910710862768
2024-09-30;364.0;0.9965776865160849;2.7978966207415783
2024-09-30;365.0;0.999315537303217;2.7980300271220893
2024-09-30;730.0;1.998631074606434;2.847416773503797
2024-09-30;1095.0;2.9979466119096507;2.9009553765068974
2024-09-30;1461.0;4.0;2.9552258728224867
2024-09-30;1826.0;4.999315537303217;3.009977539306341
2024-09-30;2191.0;5.9986310746064335;3.0723601150866697
2024-09-30;2556.0;6.997946611909651;3.1355539657602627
2024-09-30;2922.0;8.0;3.199821515220158
2024-09-30;3287.0;8.999315537303216;3.2648805317043283
2024-09-30;3652.0;9.998631074606434;3.3309985076170223
2024-09-30;4017.0;10.99794661190965;3.3935732406810803
2024-09-30;4383.0;12.0;3.457497594254888
2024-09-30;4748.0;12.999315537303216;3.5224870058539803
2024-09-30;5113.0;13.998631074606434;3.58882471690114
2024-09-30;5478.0;14.99794661190965;3.656618383831911
2024-09-30;5844.0;16.0;3.746264461765181
2024-09-30;6209.0;16.999315537303218;3.837950800920309
2024-09-30;6574.0;17.998631074606433;3.9321989418027004
2024-09-30;6939.0;18.99794661190965;4.029296325979148
2024-09-30;7305.0;20.0;4.129867986093938
2024-09-30;7670.0;20.999315537303218;4.1987132291416485
2024-09-30;8035.0;21.998631074606433;4.269983360960472
2024-09-30;8400.0;22.99794661190965;4.34387406669825
2024-09-30;8766.0;24.0;4.420857898459318
2024-09-30;9131.0;24.999315537303218;4.500709870738051
2024-09-30;9496.0;25.998631074606433;4.583981165343043
2024-09-30;9861.0;26.99794661190965;4.67102819312557
2024-09-30;10227.0;28.0;4.762561914050578
2024-09-30;10592.0;28.999315537303218;4.858483994296248
2024-09-30;10957.0;29.998631074606433;4.959663370724843
2024-10-31;91.0;0.24914442162902123;2.72682184705957
2024-10-31;182.0;0.49828884325804246;2.7407181663055153
2024-10-31;364.0;0.9965776865160849;2.7043674293038364
2024-10-31;365.0;0.999315537303217;2.7044956399259856
2024-10-31;730.0;1.998631074606434;2.7519365758773118
2024-10-31;1095.0;2.9979466119096507;2.8103490226750294
2024-10-31;1461.0;4.0;2.869533198953933
2024-10-31;1826.0;4.999315537303217;2.9292264385725852
2024-10-31;2191.0;5.9986310746064335;2.996354589384098
2024-10-31;2556.0;6.997946611909651;3.0643535233755292
2024-10-31;2922.0;8.0;3.1335075311939686
2024-10-31;3287.0;8.999315537303216;3.203516108105098
2024-10-31;3652.0;9.998631074606434;3.2746705619701277
2024-10-31;4017.0;10.99794661190965;3.3349532522178427
2024-10-31;4383.0;12.0;3.396559881402883
2024-10-31;4748.0;12.999315537303216;3.4592012966855323
2024-10-31;5113.0;13.998631074606434;3.523139958055488
2024-10-31;5478.0;14.99794661190965;3.5884698471457144
2024-10-31;5844.0;16.0;3.672459215233337
2024-10-31;6209.0;16.999315537303218;3.7582949276762756
2024-10-31;6574.0;17.998631074606433;3.8464457065757074
2024-10-31;6939.0;18.99794661190965;3.937157752121978
2024-10-31;7305.0;20.0;4.030988905654653
2024-10-31;7670.0;20.999315537303218;4.098730718960963
2024-10-31;8035.0;21.998631074606433;4.168770867777827
2024-10-31;8400.0;22.99794661190965;4.241294891715142
2024-10-31;8766.0;24.0;4.3167564234559475
2024-10-31;9131.0;24.999315537303218;4.394926575410341
2024-10-31;9496.0;25.998631074606433;4.476330867089606
2024-10-31;9861.0;26.99794661190965;4.561301650429672
2024-10-31;10227.0;28.0;4.65051173251072
2024-10-31;10592.0;28.999315537303218;4.743843475156639
2024-10-31;10957.0;29.998631074606433;4.842112347436522
2024-11-29;91.0;0.24914442162902123;2.7212988714461326
2024-11-29;182.0;0.49828884325804246;2.7627804661358075
2024-11-29;364.0;0.9965776865160849;2.7691905764836235
2024-11-29;365.0;0.999315537303217;2.7691975879051256
2024-11-29;730.0;1.998631074606434;2.771792224626113
2024-11-29;1095.0;2.9979466119096507;2.831966442937661
2024-11-29;1461.0;4.0;2.892838938496456
2024-11-29;1826.0;4.999315537303217;2.954201718723115
2024-11-29;2191.0;5.9986310746064335;3.034152273562829
2024-11-29;2556.0;6.997946611909651;3.115136597708257
2024-11-29;2922.0;8.0;3.197528813937489
2024-11-29;3287.0;8.999315537303216;3.2809995781088563
2024-11-29;3652.0;9.998631074606434;3.365921505848024
2024-11-29;4017.0;10.99794661190965;3.4220576760566113
2024-11-29;4383.0;12.0;3.4795549501381418
2024-11-29;4748.0;12.999315537303216;3.538112391100734
2024-11-29;5113.0;13.998631074606434;3.5979573479343774
2024-11-29;5478.0;14.99794661190965;3.6591621841201682
2024-11-29;5844.0;16.0;3.7183697547696015
2024-11-29;6209.0;16.999315537303218;3.7788606916833833
2024-11-29;6574.0;17.998631074606433;3.8409126663965676
2024-11-29;6939.0;18.99794661190965;3.904639169532631
2024-11-29;7305.0;20.0;3.970369991957412
2024-11-29;7670.0;20.999315537303218;4.040853832045999
2024-11-29;8035.0;21.998631074606433;4.1135611058634725
2024-11-29;8400.0;22.99794661190965;4.188698309974637
2024-11-29;8766.0;24.0;4.266741817896635
2024-11-29;9131.0;24.999315537303218;4.347474802231188
2024-11-29;9496.0;25.998631074606433;4.431444374672711
2024-11-29;9861.0;26.99794661190965;4.519001785805177
2024-11-29;10227.0;28.0;4.61084448385829
2024-11-29;10592.0;28.999315537303218;4.706868060435987
2024-11-29;10957.0;29.998631074606433;4.807917367225478
2024-12-31;91.0;0.24914442162902123;2.577704658580821
2024-12-31;182.0;0.49828884325804246;2.5926469805545027
2024-12-31;364.0;0.9965776865160849;2.6055448301115027
2024-12-31;365.0;0.999315537303217;2.6056852808678865
2024-12-31;730.0;1.998631074606434;2.6576311903609984
2024-12-31;1095.0;2.9979466119096507;2.7174761860624397
2024-12-31;1461.0;4.0;2.778101973277991
2024-12-31;1826.0;4.999315537303217;2.8392349991223087
2024-12-31;2191.0;5.9986310746064335;2.91667103596871
2024-12-31;2556.0;6.997946611909651;2.995088823166947
2024-12-31;2922.0;8.0;3.0748372868709017
2024-12-31;3287.0;8.999315537303216;3.1555878637706813
2024-12-31;3652.0;9.998631074606434;3.237691983400115
2024-12-31;4017.0;10.99794661190965;3.2974380734825726
2024-12-31;4383.0;12.0;3.3585546191686744
2024-12-31;4748.0;12.999315537303216;3.420737909972549
2024-12-31;5113.0;13.998631074606434;3.484238480674273
2024-12-31;5478.0;14.99794661190965;3.54914131674835
2024-12-31;5844.0;16.0;3.6295904314314065
2024-12-31;6209.0;16.999315537303218;3.7117940806446814
2024-12-31;6574.0;17.998631074606433;3.796187959943209
2024-12-31;6939.0;18.99794661190965;3.8829929389723183
2024-12-31;7305.0;20.0;3.972727190207448
2024-12-31;7670.0;20.999315537303218;4.0472087618152575
2024-12-31;8035.0;21.998631074606433;4.124196316505269
2024-12-31;8400.0;22.99794661190965;4.20391692725437
2024-12-31;8766.0;24.0;4.286891940423998
2024-12-31;9131.0;24.999315537303218;4.372903214189572
2024-12-31;9496.0;25.998631074606433;4.462558275690531
2024-12-31;9861.0;26.99794661190965;4.556261383713411
2024-12-31;10227.0;28.0;4.6547990974830755
2024-12-31;10592.0;28.999315537303218;4.758102386903262
2024-12-31;10957.0;29.998631074606433;4.867140465128905
2025-01-31;91.0;0.24914442162902123;2.5648832259847927
2025-01-31;182.0;0.49828884325804246;2.6246619223101852
2025-01-31;364.0;0.9965776865160849;2.627933612043354
2025-01-31;365.0;0.999315537303217;2.6280192735248953
2025-01-31;730.0;1.998631074606434;2.6597015754649123
2025-01-31;1095.0;2.9979466119096507;2.7089896638410993
2025-01-31;1461.0;4.0;2.758884507772019
2025-01-31;1826.0;4.999315537303217;2.809168992569
2025-01-31;2191.0;5.9986310746064335;2.881587494078075
2025-01-31;2556.0;6.997946611909651;2.954863859380752
2025-01-31;2922.0;8.0;3.029330307271727
2025-01-31;3287.0;8.999315537303216;3.104681052902203
2025-01-31;3652.0;9.998631074606434;3.1812406987851816
2025-01-31;4017.0;10.99794661190965;3.246189564624946
2025-01-31;4383.0;12.0;3.3125474562618384
2025-01-31;4748.0;12.999315537303216;3.3800111560846613
2025-01-31;5113.0;13.998631074606434;3.44886954433572
2025-01-31;5478.0;14.99794661190965;3.519230650824956
2025-01-31;5844.0;16.0;3.5918072339829132
2025-01-31;6209.0;16.999315537303218;3.6659393244787397
2025-01-31;6574.0;17.998631074606433;3.7419974552938218
2025-01-31;6939.0;18.99794661190965;3.820155274276882
2025-01-31;7305.0;20.0;3.9008523054962385
2025-01-31;7670.0;20.999315537303218;3.963834149838563
2025-01-31;8035.0;21.998631074606433;4.0288421145045605
2025-01-31;8400.0;22.99794661190965;4.096029893905229
2025-01-31;8766.0;24.0;4.1657950210411965
2025-01-31;9131.0;24.999315537303218;4.237901649656739
2025-01-31;9496.0;25.998631074606433;4.312804638754653
2025-01-31;9861.0;26.99794661190965;4.390774187353408
2025-01-31;10227.0;28.0;4.472383323071227
2025-01-31;10592.0;28.999315537303218;4.557474002676654
2025-01-31;10957.0;29.998631074606433;4.646727268655626
2025-02-28;91.0;0.24914442162902123;2.5746525237487257
2025-02-28;182.0;0.49828884325804246;2.5993556846976085
2025-02-28;364.0;0.9965776865160849;2.6120602567190008
2025-02-28;365.0;0.999315537303217;2.6121626846300927
2025-02-28;730.0;1.998631074606434;2.650044338876545
2025-02-28;1095.0;2.9979466119096507;2.7193035306823488
2025-02-28;1461.0;4.0;2.7894333943703886
2025-02-28;1826.0;4.999315537303217;2.860152645289804
2025-02-28;2191.0;5.9986310746064335;2.925471922324152
2025-02-28;2556.0;6.997946611909651;2.991673048725474
2025-02-28;2922.0;8.0;3.059010254277972
2025-02-28;3287.0;8.999315537303216;3.127176475574256
2025-02-28;3652.0;9.998631074606434;3.196445633232514
2025-02-28;4017.0;10.99794661190965;3.2585747532007714
2025-02-28;4383.0;12.0;3.3220370195875093
2025-02-28;4748.0;12.999315537303216;3.3865399507946536
2025-02-28;5113.0;13.998631074606434;3.4523566393802163
2025-02-28;5478.0;14.99794661190965;3.5195865377096958
2025-02-28;5844.0;16.0;3.5923306103442743
2025-02-28;6209.0;16.999315537303218;3.666609066996407
2025-02-28;6574.0;17.998631074606433;3.742795716256486
2025-02-28;6939.0;18.99794661190965;3.8210669835780253
2025-02-28;7305.0;20.0;3.9018644007068115
2025-02-28;7670.0;20.999315537303218;3.9632156752052117
2025-02-28;8035.0;21.998631074606433;4.026526706464018
2025-02-28;8400.0;22.99794661190965;4.0919427514432005
2025-02-28;8766.0;24.0;4.15984583125919
2025-02-28;9131.0;24.999315537303218;4.2300002875176546
2025-02-28;9496.0;25.998631074606433;4.302842091909143
2025-02-28;9861.0;26.99794661190965;4.37862591438507
2025-02-28;10227.0;28.0;4.457898913800329
2025-02-28;10592.0;28.999315537303218;4.54049564527399
2025-02-28;10957.0;29.998631074606433;4.627063305469603
2025-03-28;91.0;0.24914442162902123;2.356040498704315
2025-03-28;182.0;0.49828884325804246;2.3946137250159465
2025-03-28;364.0;0.9965776865160849;2.398510915178619
2025-03-28;365.0;0.999315537303217;2.398616672364229
2025-03-28;730.0;1.998631074606434;2.437688625493939
2025-03-28;1095.0;2.9979466119096507;2.5211278631589007
2025-03-28;1461.0;4.0;2.6055770168385006
2025-03-28;1826.0;4.999315537303217;2.6907118585947076
2025-03-28;2191.0;5.9986310746064335;2.746345341975931
2025-03-28;2556.0;6.997946611909651;2.802779110706388
2025-03-28;2922.0;8.0;2.860181711347609
2025-03-28;3287.0;8.999315537303216;2.91825866095079
2025-03-28;3652.0;9.998631074606434;2.977219149367172
2025-03-28;4017.0;10.99794661190965;3.0474881505675677
2025-03-28;4383.0;12.0;3.119139706404339
2025-03-28;4748.0;12.999315537303216;3.191874527426597
2025-03-28;5113.0;13.998631074606434;3.2660190473504658
2025-03-28;5478.0;14.99794661190965;3.341703088336212
2025-03-28;5844.0;16.0;3.409018856813417
2025-03-28;6209.0;16.999315537303218;3.477702541433758
2025-03-28;6574.0;17.998631074606433;3.548078275017974
2025-03-28;6939.0;18.99794661190965;3.6202856825948038
2025-03-28;7305.0;20.0;3.694707087370608
2025-03-28;7670.0;20.999315537303218;3.7361051893520347
2025-03-28;8035.0;21.998631074606433;3.7788179619571594
2025-03-28;8400.0;22.99794661190965;3.8228911655470155
2025-03-28;8766.0;24.0;3.8685316631175803
2025-03-28;9131.0;24.999315537303218;3.9155141564552576
2025-03-28;9496.0;25.998631074606433;3.964072420448539
2025-03-28;9861.0;26.99794661190965;4.01430534280145
2025-03-28;10227.0;28.0;4.066496586486501
2025-03-28;10592.0;28.999315537303218;4.120437942221522
2025-03-28;10957.0;29.998631074606433;4.176448834890634
2025-04-30;91.0;0.24914442162902123;2.27157437132202
2025-04-30;182.0;0.49828884325804246;2.2773606167823073
2025-04-30;364.0;0.9965776865160849;2.272169167506503
2025-04-30;365.0;0.999315537303217;2.272246081116802
2025-04-30;730.0;1.998631074606434;2.300642528767538
2025-04-30;1095.0;2.9979466119096507;2.392080853030465
2025-04-30;1461.0;4.0;2.4845798029925703
2025-04-30;1826.0;4.999315537303217;2.5778026691676725
2025-04-30;2191.0;5.9986310746064335;2.6361039562656785
2025-04-30;2556.0;6.997946611909651;2.6952331050378975
2025-04-30;2922.0;8.0;2.755364951031325
2025-04-30;3287.0;8.999315537303216;2.8161908195925456
2025-04-30;3652.0;9.998631074606434;2.877929799349177
2025-04-30;4017.0;10.99794661190965;2.9574364749130444
2025-04-30;4383.0;12.0;3.0385132608605314
2025-04-30;4748.0;12.999315537303216;3.1208390214295445
2025-04-30;5113.0;13.998631074606434;3.204798471884196
2025-04-30;5478.0;14.99794661190965;3.290555983757004
2025-04-30;5844.0;16.0;3.350663304450485
2025-04-30;6209.0;16.999315537303218;3.4120274881887624
2025-04-30;6574.0;17.998631074606433;3.474914930444073
2025-04-30;6939.0;18.99794661190965;3.5394256695034487
2025-04-30;7305.0;20.0;3.605878337867141
2025-04-30;7670.0;20.999315537303218;3.66019747933386
2025-04-30;8035.0;21.998631074606433;3.716116418077142
2025-04-30;8400.0;22.99794661190965;3.7737358753875405
2025-04-30;8766.0;24.0;3.83336081824579
2025-04-30;9131.0;24.999315537303218;3.8947500501447907
2025-04-30;9496.0;25.998631074606433;3.958246171925084
2025-04-30;9861.0;26.99794661190965;4.024025644636686
2025-04-30;10227.0;28.0;4.0925085252600635
2025-04-30;10592.0;28.999315537303218;4.163490521298585
2025-04-30;10957.0;29.998631074606433;4.237454637184035
2025-05-30;91.0;0.24914442162902123;2.1207215991268877
2025-05-30;182.0;0.49828884325804246;2.147077841180359
2025-05-30;364.0;0.9965776865160849;2.167609254903697
2025-05-30;365.0;0.999315537303217;2.167733219495682
2025-05-30;730.0;1.998631074606434;2.2134811754121797
2025-05-30;1095.0;2.9979466119096507;2.266771678921753
2025-05-30;1461.0;4.0;2.3206671860221295
2025-05-30;1826.0;4.999315537303217;2.3749165796755234
2025-05-30;2191.0;5.9986310746064335;2.436476507734775
2025-05-30;2556.0;6.997946611909651;2.4986948296319866
2025-05-30;2922.0;8.0;2.561816760268787
2025-05-30;3287.0;8.999315537303216;2.625555853351269
2025-05-30;3652.0;9.998631074606434;2.690160986128687
2025-05-30;4017.0;10.99794661190965;2.767160670019053
2025-05-30;4383.0;12.0;2.8456041178552605
2025-05-30;4748.0;12.999315537303216;2.9251726582143256
2025-05-30;5113.0;13.998631074606434;3.006227487197366
2025-05-30;5478.0;14.99794661190965;3.088915888249355
2025-05-30;5844.0;16.0;3.1677214101212936
2025-05-30;6209.0;16.999315537303218;3.2480980615536392
2025-05-30;6574.0;17.998631074606433;3.330443483262213
2025-05-30;6939.0;18.99794661190965;3.4149434561199454
2025-05-30;7305.0;20.0;3.5020681051050717
2025-05-30;7670.0;20.999315537303218;3.55377995113213
2025-05-30;8035.0;21.998631074606433;3.6070615997806144
2025-05-30;8400.0;22.99794661190965;3.6619938055970858
2025-05-30;8766.0;24.0;3.7188552270106534
2025-05-30;9131.0;24.999315537303218;3.7773967520041696
2025-05-30;9496.0;25.998631074606433;3.8379329605802814
2025-05-30;9861.0;26.99794661190965;3.9006168220367066
2025-05-30;10227.0;28.0;3.965833702518018
2025-05-30;10592.0;28.999315537303218;4.033367433606405
2025-05-30;10957.0;29.998631074606433;4.103659043651264
2025-06-30;91.0;0.24914442162902123;2.240105287307724
2025-06-30;182.0;0.49828884325804246;2.288204982806356
2025-06-30;364.0;0.9965776865160849;2.3007732089993294
2025-06-30;365.0;0.999315537303217;2.3007605504917095
2025-06-30;730.0;1.998631074606434;2.29608715272811
2025-06-30;1095.0;2.9979466119096507;2.3556789333597283
2025-06-30;1461.0;4.0;2.415870731854586
2025-06-30;1826.0;4.999315537303217;2.476447554519501
2025-06-30;2191.0;5.9986310746064335;2.5442207349458013
2025-06-30;2556.0;6.997946611909651;2.61275467762474
2025-06-30;2922.0;8.0;2.682330153474277
2025-06-30;3287.0;8.999315537303216;2.752640718434174
2025-06-30;3652.0;9.998631074606434;2.8239707843764617
2025-06-30;4017.0;10.99794661190965;2.908482236702059
2025-06-30;4383.0;12.0;2.9946830877795705
2025-06-30;4748.0;12.999315537303216;3.082238265075099
2025-06-30;5113.0;13.998631074606434;3.1715637995988866
2025-06-30;5478.0;14.99794661190965;3.2628431397475843
2025-06-30;5844.0;16.0;3.3071909827175228
2025-06-30;6209.0;16.999315537303218;3.3525595931915397
2025-06-30;6574.0;17.998631074606433;3.3991069491154047
2025-06-30;6939.0;18.99794661190965;3.4468665492592088
2025-06-30;7305.0;20.0;3.496038068745788
2025-06-30;7670.0;20.999315537303218;3.548820060354707
2025-06-30;8035.0;21.998631074606433;3.603056457233045
2025-06-30;8400.0;22.99794661190965;3.6588418328660444
2025-06-30;8766.0;24.0;3.7164644820063097
2025-06-30;9131.0;24.999315537303218;3.775688100138197
2025-06-30;9496.0;25.998631074606433;3.8368332345634526
2025-06-30;9861.0;26.99794661190965;3.9000591819408736
2025-06-30;10227.0;28.0;3.9657547422332406
2025-06-30;10592.0;28.999315537303218;4.0337112760176375
2025-06-30;10957.0;29.998631074606433;4.1043712892975925
2025-07-31;91.0;0.24914442162902123;2.2095190674693694
2025-07-31;182.0;0.49828884325804246;1.9889356207839761
2025-07-31;364.0;0.9965776865160849;2.0788325754588146
2025-07-31;365.0;0.999315537303217;2.0792644075392053
2025-07-31;730.0;1.998631074606434;2.2386487577903402
2025-07-31;1095.0;2.9979466119096507;2.293314139576408
2025-07-31;1461.0;4.0;2.3488083187746644
2025-07-31;1826.0;4.999315537303217;2.404754991967595
2025-07-31;2191.0;5.9986310746064335;2.4713146862605617
2025-07-31;2556.0;6.997946611909651;2.5386214261989393
2025-07-31;2922.0;8.0;2.6069412680910897
2025-07-31;3287.0;8.999315537303216;2.6759668576469053
2025-07-31;3652.0;9.998631074606434;2.7459723544723813
2025-07-31;4017.0;10.99794661190965;2.8244375484462125
2025-07-31;4383.0;12.0;2.9044262402415866
2025-07-31;4748.0;12.999315537303216;2.98561162714317
2025-07-31;5113.0;13.998631074606434;3.0683639226065873
2025-07-31;5478.0;14.99794661190965;3.152836163309214
2025-07-31;5844.0;16.0;3.2165925230746906
2025-07-31;6209.0;16.999315537303218;3.2816273465816392
2025-07-31;6574.0;17.998631074606433;3.34822877186971
2025-07-31;6939.0;18.99794661190965;3.416509265256895
2025-07-31;7305.0;20.0;3.4868108532541298
2025-07-31;7670.0;20.999315537303218;3.5402327916758125
2025-07-31;8035.0;21.998631074606433;3.595200111563468
2025-07-31;8400.0;22.99794661190965;3.6518050615681696
2025-07-31;8766.0;24.0;3.7103400510678286
2025-07-31;9131.0;24.999315537303218;3.7705604306297102
2025-07-31;9496.0;25.998631074606433;3.8327940187471876
2025-07-31;9861.0;26.99794661190965;3.8972043301535253
2025-07-31;10227.0;28.0;3.9641916672988886
2025-07-31;10592.0;28.999315537303218;4.033544223974395
2025-07-31;10957.0;29.998631074606433;4.105719964639376
2025-08-29;91.0;0.24914442162902123;2.2271877388074537
2025-08-29;182.0;0.49828884325804246;2.2371617301296634
2025-08-29;364.0;0.9965776865160849;2.2278224983108315
2025-08-29;365.0;0.999315537303217;2.227842630206056
2025-08-29;730.0;1.998631074606434;2.2352729004560867
2025-08-29;1095.0;2.9979466119096507;2.2922249250731275
2025-08-29;1461.0;4.0;2.349758732641649
2025-08-29;1826.0;4.999315537303217;2.4076524961875956
2025-08-29;2191.0;5.9986310746064335;2.477262572346217
2025-08-29;2556.0;6.997946611909651;2.5476295467645294
2025-08-29;2922.0;8.0;2.619046609025566
2025-08-29;3287.0;8.999315537303216;2.691202877047183
2025-08-29;3652.0;9.998631074606434;2.7643923219377697
2025-08-29;4017.0;10.99794661190965;2.839025066330514
2025-08-29;4383.0;12.0;2.915116215474378
2025-08-29;4748.0;12.999315537303216;2.9923434945541727
2025-08-29;5113.0;13.998631074606434;3.0710503216943907
2025-08-29;5478.0;14.99794661190965;3.1513731329081196
2025-08-29;5844.0;16.0;3.2054373084490884
2025-08-29;6209.0;16.999315537303218;3.2605854708208204
2025-08-29;6574.0;17.998631074606433;3.3170412684615735
2025-08-29;6939.0;18.99794661190965;3.3748775190912905
2025-08-29;7305.0;20.0;3.434361539882058
2025-08-29;7670.0;20.999315537303218;3.49339856410229
2025-08-29;8035.0;21.998631074606433;3.554061476598047
2025-08-29;8400.0;22.99794661190965;3.6164708914312893
2025-08-29;8766.0;24.0;3.680963878485688
2025-08-29;9131.0;24.999315537303218;3.7472964033755884
2025-08-29;9496.0;25.998631074606433;3.8158450592766124
2025-08-29;9861.0;26.99794661190965;3.886810607062019
2025-08-29;10227.0;28.0;3.9606544530851995
2025-08-29;10592.0;28.999315537303218;4.03717489595099
2025-08-29;10957.0;29.998631074606433;4.116904120774234
2025-09-30;91.0;0.24914442162902123;2.23617846222657
2025-09-30;182.0;0.49828884325804246;2.252144018367365
2025-09-30;364.0;0.9965776865160849;2.261913192344394
2025-09-30;365.0;0.999315537303217;2.2619948051959327
2025-09-30;730.0;1.998631074606434;2.2921249432999113
2025-09-30;1095.0;2.9979466119096507;2.3551382302193558
2025-09-30;1461.0;4.0;2.418854914521096
2025-09-30;1826.0;4.999315537303217;2.4830117779226946
2025-09-30;2191.0;5.9986310746064335;2.5467536328427354
2025-09-30;2556.0;6.997946611909651;2.6112361622894653
2025-09-30;2922.0;8.0;2.6767078176928694
2025-09-30;3287.0;8.999315537303216;2.742869132197856
2025-09-30;3652.0;9.998631074606434;2.8099797064664367
2025-09-30;4017.0;10.99794661190965;2.881389902427167
2025-09-30;4383.0;12.0;2.9541817322945807
2025-09-30;4748.0;12.999315537303216;3.028045010963054
2025-09-30;5113.0;13.998631074606434;3.1033055293226974
2025-09-30;5478.0;14.99794661190965;3.1800901012638327
2025-09-30;5844.0;16.0;3.22723281108237
2025-09-30;6209.0;16.999315537303218;3.2753324513815185
2025-09-30;6574.0;17.998631074606433;3.324571157708811
2025-09-30;6939.0;18.99794661190965;3.3749986010479294
2025-09-30;7305.0;20.0;3.426834561878511
2025-09-30;7670.0;20.999315537303218;3.4869307113523096
2025-09-30;8035.0;21.998631074606433;3.5486333314964424
2025-09-30;8400.0;22.99794661190965;3.612070760699271
2025-09-30;8766.0;24.0;3.6775888690780967
2025-09-30;9131.0;24.999315537303218;3.7449474505950153
2025-09-30;9496.0;25.998631074606433;3.814531546974842
2025-09-30;9861.0;26.99794661190965;3.8865489976398937
2025-09-30;10227.0;28.0;3.9614708129743548
2025-09-30;10592.0;28.999315537303218;4.039099193448226
2025-09-30;10957.0;29.998631074606433;4.119977393493213
2025-10-31;91.0;0.24914442162902123;2.2304999243927366
2025-10-31;182.0;0.49828884325804246;2.303794878680211
2025-10-31;364.0;0.9965776865160849;2.2960611560861413
2025-10-31;365.0;0.999315537303217;2.296287709189282
2025-10-31;730.0;1.998631074606434;2.37996401265006
2025-10-31;1095.0;2.9979466119096507;2.4523077555899997
2025-10-31;1461.0;4.0;2.5255880508687767
2025-10-31;1826.0;4.999315537303217;2.5994577052019796
2025-10-31;2191.0;5.9986310746064335;2.6550111318198066
2025-10-31;2556.0;6.997946611909651;2.71130258508272
2025-10-31;2922.0;8.0;2.768513251721827
2025-10-31;3287.0;8.999315537303216;2.8263572617168053
2025-10-31;3652.0;9.998631074606434;2.8850460153707846
2025-10-31;4017.0;10.99794661190965;2.9598537408852987
2025-10-31;4383.0;12.0;3.0361038677212404
2025-10-31;4748.0;12.999315537303216;3.113489108368972
2025-10-31;5113.0;13.998631074606434;3.1923644530487127
2025-10-31;5478.0;14.99794661190965;3.2728762017586677
2025-10-31;5844.0;16.0;3.3266301804592002
2025-10-31;6209.0;16.999315537303218;3.3814828418734955
2025-10-31;6574.0;17.998631074606433;3.437660141227239
2025-10-31;6939.0;18.99794661190965;3.495237967808884
2025-10-31;7305.0;20.0;3.5544862323531046
2025-10-31;7670.0;20.999315537303218;3.612927936107946
2025-10-31;8035.0;21.998631074606433;3.6730133357498085
2025-10-31;8400.0;22.99794661190965;3.734864750866862
2025-10-31;8766.0;24.0;3.798819951340504
2025-10-31;9131.0;24.999315537303218;3.864639475720777
2025-10-31;9496.0;25.998631074606433;3.93270132369401
2025-10-31;9861.0;26.99794661190965;4.0032092113930995
2025-10-31;10227.0;28.0;4.076627195299931
2025-10-31;10592.0;28.999315537303218;4.152759195376499
2025-10-31;10957.0;29.998631074606433;4.23214154568059
2025-11-28;91.0;0.24914442162902123;2.30669744577282
2025-11-28;182.0;0.49828884325804246;2.3333717415645894
2025-11-28;364.0;0.9965776865160849;2.3710475271349525
2025-11-28;365.0;0.999315537303217;2.3713251378838285
2025-11-28;730.0;1.998631074606434;2.473907068217751
2025-11-28;1095.0;2.9979466119096507;2.5514483968837043
2025-11-28;1461.0;4.0;2.630055154204358
2025-11-28;1826.0;4.999315537303217;2.709345365483351
2025-11-28;2191.0;5.9986310746064335;2.7896606178335004
2025-11-28;2556.0;6.997946611909651;2.871048337894977
2025-11-28;2922.0;8.0;2.9538428286771667
2025-11-28;3287.0;8.999315537303216;3.037687538699818
2025-11-28;3652.0;9.998631074606434;3.122939097797617
2025-11-28;4017.0;10.99794661190965;3.175248250344387
2025-11-28;4383.0;12.0;3.2287956020838227
2025-11-28;4748.0;12.999315537303216;3.283283595984532
2025-11-28;5113.0;13.998631074606434;3.33890863508981
2025-11-28;5478.0;14.99794661190965;3.3957232906680623
2025-11-28;5844.0;16.0;3.4529754128673096
2025-11-28;6209.0;16.999315537303218;3.511367846106239
2025-11-28;6574.0;17.998631074606433;3.5711586505490223
2025-11-28;6939.0;18.99794661190965;3.632446484964724
2025-11-28;7305.0;20.0;3.6955345908395776
2025-11-28;7670.0;20.999315537303218;3.7332327749717953
2025-11-28;8035.0;21.998631074606433;3.772084878853321
2025-11-28;8400.0;22.99794661190965;3.8121282792931366
2025-11-28;8766.0;24.0;3.853544958455557
2025-11-28;9131.0;24.999315537303218;3.8961250944269166
2025-11-28;9496.0;25.998631074606433;3.940072768084635
2025-11-28;9861.0;26.99794661190965;3.985468571206807
2025-11-28;10227.0;28.0;4.032557642153556
2025-11-28;10592.0;28.999315537303218;4.081140543897788
2025-11-28;10957.0;29.998631074606433;4.131490485201339
2025-12-31;91.0;0.24914442162902123;2.2943733848794485
2025-12-31;182.0;0.49828884325804246;2.247438583060908
2025-12-31;364.0;0.9965776865160849;2.2708037002883876
2025-12-31;365.0;0.999315537303217;2.2712959283850642
2025-12-31;730.0;1.998631074606434;2.4531648592892363
2025-12-31;1095.0;2.9979466119096507;2.5158247615266305
2025-12-31;1461.0;4.0;2.579512752323443
2025-12-31;1826.0;4.999315537303217;2.6437939848763303
2025-12-31;2191.0;5.9986310746064335;2.7115490539194376
2025-12-31;2556.0;6.997946611909651;2.7801631151431083
2025-12-31;2922.0;8.0;2.8499008835946693
2025-12-31;3287.0;8.999315537303216;2.9204457118541916
2025-12-31;3652.0;9.998631074606434;2.992080237901762
2025-12-31;4017.0;10.99794661190965;3.0608460330073584
2025-12-31;4383.0;12.0;3.1310265372970436
2025-12-31;4748.0;12.999315537303216;3.202312255978601
2025-12-31;5113.0;13.998631074606434;3.275013665468718
2025-12-31;5478.0;14.99794661190965;3.3492498454297914
2025-12-31;5844.0;16.0;3.3929235230881094
2025-12-31;6209.0;16.999315537303218;3.437555538529069
2025-12-31;6574.0;17.998631074606433;3.4833084749521737
2025-12-31;6939.0;18.99794661190965;3.5302219162327564
2025-12-31;7305.0;20.0;3.5784962631135286
2025-12-31;7670.0;20.999315537303218;3.633374860182803
2025-12-31;8035.0;21.998631074606433;3.689748957210326
2025-12-31;8400.0;22.99794661190965;3.74772795475784
2025-12-31;8766.0;24.0;3.807621033261399
2025-12-31;9131.0;24.999315537303218;3.869196406529185
2025-12-31;9496.0;25.998631074606433;3.9327974302768576
2025-12-31;9861.0;26.99794661190965;3.998602185387301
2025-12-31;10227.0;28.0;4.0670281931276975
2025-12-31;10592.0;28.999315537303218;4.137875327582652
2025-12-31;10957.0;29.998631074606433;4.211621135430943
2026-01-30;91.0;0.24914442162902123;2.3761114550097995
2026-01-30;182.0;0.49828884325804246;2.4159673985952193
2026-01-30;364.0;0.9965776865160849;2.5113289753217005
2026-01-30;365.0;0.999315537303217;2.511740368105464
2026-01-30;730.0;1.998631074606434;2.663900251964768
2026-01-30;1095.0;2.9979466119096507;2.747024634332096
2026-01-30;1461.0;4.0;2.831451437180177
2026-01-30;1826.0;4.999315537303217;2.916723885017092
2026-01-30;2191.0;5.9986310746064335;2.966819186323666
2026-01-30;2556.0;6.997946611909651;3.017750053992563
2026-01-30;2922.0;8.0;3.0696382137972433
2026-01-30;3287.0;8.999315537303216;3.122197826021922
2026-01-30;3652.0;9.998631074606434;3.175607433729888
2026-01-30;4017.0;10.99794661190965;3.2339419918948176
2026-01-30;4383.0;12.0;3.2934548784683715
2026-01-30;4748.0;12.999315537303216;3.3538778615038067
2026-01-30;5113.0;13.998631074606434;3.415467141650219
2026-01-30;5478.0;14.99794661190965;3.4783141939562334
2026-01-30;5844.0;16.0;3.521018452019331
2026-01-30;6209.0;16.999315537303218;3.5646110574861556
2026-01-30;6574.0;17.998631074606433;3.609259439230139
2026-01-30;6939.0;18.99794661190965;3.6550101941405844
2026-01-30;7305.0;20.0;3.702064138552008
2026-01-30;7670.0;20.999315537303218;3.755979225469841
2026-01-30;8035.0;21.998631074606433;3.8113512260188998
2026-01-30;8400.0;22.99794661190965;3.8682922500653527
2026-01-30;8766.0;24.0;3.927109352139846
2026-01-30;9131.0;24.999315537303218;3.9875797025856974
2026-01-30;9496.0;25.998631074606433;4.050043200846143
2026-01-30;9861.0;26.99794661190965;4.11467768734457
2026-01-30;10227.0;28.0;4.1818956310682776
2026-01-30;10592.0;28.999315537303218;4.2515034715989275
2026-01-30;10957.0;29.998631074606433;4.323972423187539
2026-02-27;91.0;0.24914442162902123;2.30334146846485
2026-02-27;182.0;0.49828884325804246;2.3188323616855713
2026-02-27;364.0;0.9965776865160849;2.32942180319689
2026-02-27;365.0;0.999315537303217;2.329711056128647
2026-02-27;730.0;1.998631074606434;2.436575282928466
2026-02-27;1095.0;2.9979466119096507;2.5402246710608978
2026-02-27;1461.0;4.0;2.6452907432071626
2026-02-27;1826.0;4.999315537303217;2.7513294724871518
2026-02-27;2191.0;5.9986310746064335;2.79161227568816
2026-02-27;2556.0;6.997946611909651;2.8326848593402287
2026-02-27;2922.0;8.0;2.874581701481671
2026-02-27;3287.0;8.999315537303216;2.9170312851482194
2026-02-27;3652.0;9.998631074606434;2.960151108243303
2026-02-27;4017.0;10.99794661190965;3.034899161769
2026-02-27;4383.0;12.0;3.11105374902767
2026-02-27;4748.0;12.999315537303216;3.1883221937906603
2026-02-27;5113.0;13.998631074606434;3.2670679397143854
2026-02-27;5478.0;14.99794661190965;3.3474446566147176
2026-02-27;5844.0;16.0;3.4249131193212268
2026-02-27;6209.0;16.999315537303218;3.503988560365956
2026-02-27;6574.0;17.998631074606433;3.5850723177861754
2026-02-27;6939.0;18.99794661190965;3.668357240795217
2026-02-27;7305.0;20.0;3.7543181188205876
2026-02-27;7670.0;20.999315537303218;3.8061918722883448
2026-02-27;8035.0;21.998631074606433;3.8597199494299073
2026-02-27;8400.0;22.99794661190965;3.914991590745953
2026-02-27;8766.0;24.0;3.972297272186043
2026-02-27;9131.0;24.999315537303218;4.0313946098861075
2026-02-27;9496.0;25.998631074606433;4.092613230325104
2026-02-27;9861.0;26.99794661190965;4.156120925162066
2026-02-27;10227.0;28.0;4.2223244086544875
2026-02-27;10592.0;28.999315537303218;4.291019576039035
2026-02-27;10957.0;29.998631074606433;4.3626754834878545
2026-03-31;91.0;0.24914442162902123;2.355515733794496
2026-03-31;182.0;0.49828884325804246;2.415459717931231
2026-03-31;364.0;0.9965776865160849;2.520107600068786
2026-03-31;365.0;0.999315537303217;2.5205489503173473
2026-03-31;730.0;1.998631074606434;2.6838052198891793
2026-03-31;1095.0;2.9979466119096507;2.8114192111150738
2026-03-31;1461.0;4.0;2.9410298236221433
2026-03-31;1826.0;4.999315537303217;3.072093237204143
2026-03-31;2191.0;5.9986310746064335;3.1340620567580135
2026-03-31;2556.0;6.997946611909651;3.1972673567526977
2026-03-31;2922.0;8.0;3.2618294000538617
2026-03-31;3287.0;8.999315537303216;3.3273798505911723
2026-03-31;3652.0;9.998631074606434;3.3941437074614056
2026-03-31;4017.0;10.99794661190965;3.4551022224337036
2026-03-31;4383.0;12.0;3.5174770007437406
2026-03-31;4748.0;12.999315537303216;3.5809690850548748
2026-03-31;5113.0;13.998631074606434;3.645843768092205
2026-03-31;5478.0;14.99794661190965;3.7121969060115223
2026-03-31;5844.0;16.0;3.742559024793146
2026-03-31;6209.0;16.999315537303218;3.773782280585092
2026-03-31;6574.0;17.998631074606433;3.8059532041347266
2026-03-31;6939.0;18.99794661190965;3.8390726262042874
2026-03-31;7305.0;20.0;3.8732622537455352
2026-03-31;7670.0;20.999315537303218;3.9199008763882937
2026-03-31;8035.0;21.998631074606433;3.9678245387208433
2026-03-31;8400.0;22.99794661190965;4.017119526330171
2026-03-31;8766.0;24.0;4.068041745894724
2026-03-31;9131.0;24.999315537303218;4.120382457962024
2026-03-31;9496.0;25.998631074606433;4.174423773105573
2026-03-31;9861.0;26.99794661190965;4.23030357991685
2026-03-31;10227.0;28.0;4.288361015503561
2026-03-31;10592.0;28.999315537303218;4.348404043956577
2026-03-31;10957.0;29.998631074606433;4.4108152134830325
2026-04-30;91.0;0.24914442162902123;2.2780047154878327
2026-04-30;182.0;0.49828884325804246;2.320917840005781
2026-04-30;364.0;0.9965776865160849;2.338295645144565
2026-04-30;365.0;0.999315537303217;2.338546028720989
2026-04-30;730.0;1.998631074606434;2.4310474031079554
2026-04-30;1095.0;2.9979466119096507;2.55562849554285
2026-04-30;1461.0;4.0;2.6819066717484574
2026-04-30;1826.0;4.999315537303217;2.809418351196924
2026-04-30;2191.0;5.9986310746064335;2.8883559707786333
2026-04-30;2556.0;6.997946611909651;2.9685907742628137
2026-04-30;2922.0;8.0;3.0503786944605427
2026-04-30;3287.0;8.999315537303216;3.133323120379239
2026-04-30;3652.0;9.998631074606434;3.2177543016454813
2026-04-30;4017.0;10.99794661190965;3.294620541347726
2026-04-30;4383.0;12.0;3.3732708917358467
2026-04-30;4748.0;12.999315537303216;3.4533605527641065
2026-04-30;5113.0;13.998631074606434;3.5352522798288266
2026-04-30;5478.0;14.99794661190965;3.6190984572676888
2026-04-30;5844.0;16.0;3.6651871988780282
2026-04-30;6209.0;16.999315537303218;3.712458790088169
2026-04-30;6574.0;17.998631074606433;3.7610853456983673
2026-04-30;6939.0;18.99794661190965;3.8111100194470504
2026-04-30;7305.0;20.0;3.862753818956466
2026-04-30;7670.0;20.999315537303218;3.9016742395907356
2026-04-30;8035.0;21.998631074606433;3.9418596472974965
2026-04-30;8400.0;22.99794661190965;3.9833522774244567
2026-04-30;8766.0;24.0;4.026346623331789
2026-04-30;9131.0;24.999315537303218;4.070628490119188
2026-04-30;9496.0;25.998631074606433;4.116417757467938
2026-04-30;9861.0;26.99794661190965;4.16380645660952
2026-04-30;10227.0;28.0;4.213061225323345
2026-04-30;10592.0;28.999315537303218;4.263982485866946
2026-04-30;10957.0;29.998631074606433;4.316869995471739
2026-05-26;91.0;0.24914442162902123;2.268928883811201
2026-05-26;182.0;0.49828884325804246;2.2867341780537997
2026-05-26;364.0;0.9965776865160849;2.327574011682602
2026-05-26;365.0;0.999315537303217;2.327895342898434
2026-05-26;730.0;1.998631074606434;2.4466168367170527
2026-05-26;1095.0;2.9979466119096507;2.581839696617605
2026-05-26;1461.0;4.0;2.718981014440147
2026-05-26;1826.0;4.999315537303217;2.8575352873766002
2026-05-26;2191.0;5.9986310746064335;2.928359866774155
2026-05-26;2556.0;6.997946611909651;3.000460571062491
2026-05-26;2922.0;8.0;3.074016639616972
2026-05-26;3287.0;8.999315537303216;3.148637158687295
2026-05-26;3652.0;9.998631074606434;3.224596317158923
2026-05-26;4017.0;10.99794661190965;3.306912272694418
2026-05-26;4383.0;12.0;3.3911008893636074
2026-05-26;4748.0;12.999315537303216;3.476819863389946
2026-05-26;5113.0;13.998631074606434;3.564477159013557
2026-05-26;5478.0;14.99794661190965;3.654255562592046
2026-05-26;5844.0;16.0;3.6872040129704686
2026-05-26;6209.0;16.999315537303218;3.7211873786404226
2026-05-26;6574.0;17.998631074606433;3.7562912234572865
2026-05-26;6939.0;18.99794661190965;3.792508949390916
2026-05-26;7305.0;20.0;3.8299705594168287
2026-05-26;7670.0;20.999315537303218;3.8718413723643597
2026-05-26;8035.0;21.998631074606433;3.914967744575293
2026-05-26;8400.0;22.99794661190965;3.9594079823664474
2026-05-26;8766.0;24.0;4.005378613513311
2026-05-26;9131.0;24.999315537303218;4.052666921122294
2026-05-26;9496.0;25.998631074606433;4.101514471755041
2026-05-26;9861.0;26.99794661190965;4.152028728922197
2026-05-26;10227.0;28.0;4.204500830480784
2026-05-26;10592.0;28.999315537303218;4.258732356863604
2026-05-26;10957.0;29.998631074606433;4.315050353341654
2026-06-30;91.0;0.24914442162902123;2.2638789112258517
2026-06-30;182.0;0.49828884325804246;2.297949973964911
2026-06-30;364.0;0.9965776865160849;2.3329351789550445
2026-06-30;365.0;0.999315537303217;2.333259484832384
2026-06-30;730.0;1.998631074606434;2.4530838574457148
2026-06-30;1095.0;2.9979466119096507;2.576353747344662
2026-06-30;1461.0;4.0;2.701360825733068
2026-06-30;1826.0;4.999315537303217;2.827614179096294
2026-06-30;2191.0;5.9986310746064335;2.9052690248243307
2026-06-30;2556.0;6.997946611909651;2.9842135553479032
2026-06-30;2922.0;8.0;3.064694118800637
2026-06-30;3287.0;8.999315537303216;3.1463165358061485
2026-06-30;3652.0;9.998631074606434;3.22940307654751
2026-06-30;4017.0;10.99794661190965;3.3374769600275744
2026-06-30;4383.0;12.0;3.448130448300102
2026-06-30;4748.0;12.999315537303216;3.5610007159531776
2026-06-30;5113.0;13.998631074606434;3.676706876959024
2026-06-30;5478.0;14.99794661190965;3.795582669006281
2026-06-30;5844.0;16.0;3.820384627096951
2026-06-30;6209.0;16.999315537303218;3.8463703649657344
2026-06-30;6574.0;17.998631074606433;3.8735551358106024
2026-06-30;6939.0;18.99794661190965;3.9018869574511283
2026-06-30;7305.0;20.0;3.9314368512300524
2026-06-30;7670.0;20.999315537303218;3.975590375921989
2026-06-30;8035.0;21.998631074606433;4.021142744786599
2026-06-30;8400.0;22.99794661190965;4.068160099138884
2026-06-30;8766.0;24.0;4.116878720058059
2026-06-30;9131.0;24.999315537303218;4.167078470927921
2026-06-30;9496.0;25.998631074606433;4.219025351554251
2026-06-30;9861.0;26.99794661190965;4.272844194635939
2026-06-30;10227.0;28.0;4.32885900712372
2026-06-30;10592.0;28.999315537303218;4.3868709760293
2026-06-30;10957.0;29.998631074606433;4.447247869722593
2026-07-31;91.0;0.24914442162902123;2.209165079340421
2026-07-31;182.0;0.49828884325804246;2.2475127598562903
2026-07-31;364.0;0.9965776865160849;2.242900431255771
2026-07-31;365.0;0.999315537303217;2.2433589681831956
2026-07-31;730.0;1.998631074606434;2.412745675503025
2026-07-31;1095.0;2.9979466119096507;2.568905729247817
2026-07-31;1461.0;4.0;2.727400967426652
2026-07-31;1826.0;4.999315537303217;2.8876519552243796
2026-07-31;2191.0;5.9986310746064335;2.9791231398135887
2026-07-31;2556.0;6.997946611909651;3.072252385358043
2026-07-31;2922.0;8.0;3.1673318493377733
2026-07-31;3287.0;8.999315537303216;3.263906507210601
2026-07-31;3652.0;9.998631074606434;3.36237753922477
2026-07-31;4017.0;10.99794661190965;3.444550882080022
2026-07-31;4383.0;12.0;3.528803544009418
2026-07-31;4748.0;12.999315537303216;3.6147622986935968
2026-07-31;5113.0;13.998631074606434;3.702824196179688
2026-07-31;5478.0;14.99794661190965;3.7931648386442918
2026-07-31;5844.0;16.0;3.8105556410537478
2026-07-31;6209.0;16.999315537303218;3.8289500003473753
2026-07-31;6574.0;17.998631074606433;3.848331538603489
2026-07-31;6939.0;18.99794661190965;3.8686379730488163
2026-07-31;7305.0;20.0;3.8899017478035036
2026-07-31;7670.0;20.999315537303218;3.9370908391864523
2026-07-31;8035.0;21.998631074606433;3.9856343673942085
2026-07-31;8400.0;22.99794661190965;4.03561807352697
2026-07-31;8766.0;24.0;4.087302087748701
2026-07-31;9131.0;24.999315537303218;4.140472449957322
2026-07-31;9496.0;25.998631074606433;4.195417818881331
2026-07-31;9861.0;26.99794661190965;4.2522803076130655
2026-07-31;10227.0;28.0;4.311408922402449
2026-07-31;10592.0;28.999315537303218;4.372609997825672
2026-07-31;10957.0;29.998631074606433;4.436279010769262
2026-08-31;91.0;0.24914442162902123;2.143002147464204
2026-08-31;182.0;0.49828884325804246;2.233563364629577
2026-08-31;364.0;0.9965776865160849;2.222942593465333
2026-08-31;365.0;0.999315537303217;2.223399646162405
2026-08-31;730.0;1.998631074606434;2.3922209290598406
2026-08-31;1095.0;2.9979466119096507;2.547172464838332
2026-08-31;1461.0;4.0;2.704426371840696
2026-08-31;1826.0;4.999315537303217;2.863404238404632
2026-08-31;2191.0;5.9986310746064335;2.9577957559330237
2026-08-31;2556.0;6.997946611909651;3.053867742986771
2026-08-31;2922.0;8.0;3.151936859523463
2026-08-31;3287.0;8.999315537303216;3.251544810959617
2026-08-31;3652.0;9.998631074606434;3.353113453634915
2026-08-31;4017.0;10.99794661190965;3.4365086703204817
2026-08-31;4383.0;12.0;3.522024947046387
2026-08-31;4748.0;12.999315537303216;3.609284328538398
2026-08-31;5113.0;13.998631074606434;3.698691480667282
2026-08-31;5478.0;14.99794661190965;3.790426844029793
2026-08-31;5844.0;16.0;3.814969935551571
2026-08-31;6209.0;16.999315537303218;3.8405885995445255
2026-08-31;6574.0;17.998631074606433;3.86730753863882
2026-08-31;6939.0;18.99794661190965;3.895084331548282
2026-08-31;7305.0;20.0;3.9239933600631716
2026-08-31;7670.0;20.999315537303218;3.9675829355056758
2026-08-31;8035.0;21.998631074606433;4.012497612376564
2026-08-31;8400.0;22.99794661190965;4.058804885421519
2026-08-31;8766.0;24.0;4.106737313045694
2026-08-31;9131.0;24.999315537303218;4.156081094596287
2026-08-31;9496.0;25.998631074606433;4.207096098955954
2026-08-31;9861.0;26.99794661190965;4.259903568240508
2026-08-31;10227.0;28.0;4.314818097150308
2026-08-31;10592.0;28.999315537303218;4.3716435908482065
2026-08-31;10957.0;29.998631074606433;4.430735467452251
