date_courbe;maturite;taux;transaction;date_valeur
2010-05-31;2010-07-19;3.349;150.09;2010-05-28
2010-05-31;2010-08-16;3.370;309.56;2010-05-26
2010-05-31;2010-08-23;3.350;302.56;2010-05-13
2010-05-31;2011-03-06;3.533;32.34;2010-05-25
2010-05-31;2012-03-19;3.670;50.66;2010-05-31
2010-05-31;2012-08-19;3.680;29.99;2010-05-31
2010-05-31;2014-05-18;3.810;514.70;2010-05-31
2010-05-31;2014-10-18;3.796;73.87;2010-05-28
2010-05-31;2020-03-03;4.167;100.63;2010-05-31
2010-05-31;2020-06-06;4.160;1032.31;2010-05-31
2010-05-31;2025-10-03;4.352;21.49;2010-05-26
2010-05-31;2026-06-05;4.366;21.41;2010-05-26
2010-05-31;2036-12-04;4.504;15.41;2010-05-28
2010-06-30;2010-08-09;3.357;182.69;2010-06-30
2010-06-30;2010-09-20;3.400;30.33;2010-06-30
2010-06-30;2010-10-04;3.355;149.68;2010-06-28
2010-06-30;2011-05-16;3.480;30.47;2010-06-23
2010-06-30;2011-07-04;3.540;33.38;2010-06-30
2010-06-30;2012-08-19;3.690;158.40;2010-06-25
2010-06-30;2016-01-30;3.900;23.93;2010-06-30
2010-06-30;2020-03-03;4.150;465.02;2010-06-29
2010-06-30;2020-03-03;4.147;1011.80;2010-07-05
2010-06-30;2025-02-28;4.334;71.87;2010-06-30
2010-06-30;2030-05-03;4.448;39.95;2010-06-14
2010-06-30;2036-12-04;4.504;15.41;2010-05-28
2010-07-29;2010-08-16;3.410;311.31;2010-07-26
2010-07-29;2010-09-13;3.400;31.62;2010-07-16
2010-07-29;2010-11-15;3.350;148.94;2010-07-26
2010-07-29;2011-05-16;3.465;43.82;2010-07-29
2010-07-29;2011-08-22;3.547;1195.69;2010-08-02
2010-07-29;2012-09-03;3.664;600.39;2010-08-02
2010-07-29;2014-08-02;3.820;429.42;2010-07-26
2010-07-29;2020-03-03;4.169;50.66;2010-08-02
2010-07-29;2026-01-02;4.352;20.56;2010-07-21
2010-07-29;2030-05-03;4.448;39.95;2010-06-14
2010-07-29;2036-12-04;4.504;15.41;2010-05-28
2010-08-31;2010-09-13;3.330;20.69;2010-08-31
2010-08-31;2010-10-25;3.385;414.23;2010-08-16
2010-08-31;2011-01-17;3.375;76.91;2010-08-24
2010-08-31;2011-03-07;3.413;400.00;2010-09-06
2010-08-31;2011-09-05;3.558;40.08;2010-08-31
2010-08-31;2011-09-19;3.559;500.27;2010-09-06
2010-08-31;2012-09-03;3.688;2107.66;2010-09-06
2010-08-31;2013-06-02;3.744;33.08;2010-08-31
2010-08-31;2015-09-05;3.898;23.00;2010-08-30
2010-08-31;2017-10-14;4.024;55.58;2010-08-27
2010-08-31;2020-10-17;4.185;22.25;2010-08-31
2010-08-31;2025-02-28;4.330;108.44;2010-08-16
2010-08-31;2030-05-03;4.448;39.95;2010-06-14
2010-08-31;2036-12-04;4.502;32.84;2010-08-31
2010-09-30;2010-10-16;3.360;136.37;2010-09-30
2010-09-30;2010-10-25;3.344;762.26;2010-09-30
2010-09-30;2010-11-07;3.360;61.14;2010-09-30
2010-09-30;2010-11-22;3.370;38.34;2010-09-13
2010-09-30;2011-03-06;3.422;228.10;2010-09-21
2010-09-30;2011-07-04;3.462;91.40;2010-09-14
2010-09-30;2012-09-03;3.662;50.32;2010-09-28
2010-09-30;2014-06-14;3.800;303.91;2010-09-29
2010-09-30;2015-03-15;3.852;303.97;2010-09-29
2010-09-30;2015-11-14;3.908;43.52;2010-09-29
2010-09-30;2020-03-03;4.158;122.47;2010-09-28
2010-09-30;2020-03-03;4.147;102.21;2010-10-04
2010-09-30;2021-01-02;4.190;92.49;2010-09-13
2010-09-30;2025-10-03;4.340;2189.65;2010-09-28
2010-09-30;2030-05-03;4.448;39.95;2010-06-14
2010-09-30;2036-12-04;4.502;86.79;2010-09-03
2010-10-29;2010-11-15;3.300;150.20;2010-10-25
2010-10-29;2011-01-17;3.270;39.32;2010-10-29
2010-10-29;2011-01-24;3.300;50.00;2010-10-25
2010-10-29;2011-05-16;3.370;195.41;2010-10-29
2010-10-29;2012-05-24;3.591;63.99;2010-10-28
2010-10-29;2013-01-06;3.656;62.58;2010-10-29
2010-10-29;2015-03-15;3.790;203.67;2010-10-28
2010-10-29;2020-02-28;4.103;51.42;2010-10-27
2010-10-29;2021-01-30;4.214;1203.18;2010-10-08
2010-10-29;2025-03-01;4.312;172.75;2010-11-01
2010-10-29;2030-05-03;4.448;39.95;2010-06-14
2010-10-29;2036-12-04;4.502;86.79;2010-09-03
2010-11-30;2011-01-17;3.330;106.59;2010-11-29
2010-11-30;2011-02-14;3.300;103.08;2010-11-19
2010-11-30;2011-03-07;3.283;750.00;2010-12-06
2010-11-30;2011-10-17;3.451;604.62;2010-12-06
2010-11-30;2012-11-19;3.627;1053.31;2010-12-06
2010-11-30;2012-12-02;3.629;447.05;2010-11-29
2010-11-30;2016-04-18;3.864;35.30;2010-11-29
2010-11-30;2020-03-03;4.111;2218.83;2010-12-06
2010-11-30;2025-03-01;4.312;280.59;2010-12-06
2010-11-30;2030-05-03;4.435;12.24;2010-11-26
2010-11-30;2036-12-04;4.502;86.79;2010-09-03
2010-12-31;2011-02-14;3.307;113.82;2010-12-31
2010-12-31;2011-03-06;3.340;213.06;2010-12-31
2010-12-31;2011-05-30;3.324;67.50;2010-12-31
2010-12-31;2011-10-17;3.438;51.11;2010-12-31
2010-12-31;2012-03-19;3.540;275.13;2010-12-31
2010-12-31;2012-10-15;3.615;27.33;2010-12-31
2010-12-31;2013-02-18;3.643;250.42;2010-12-30
2010-12-31;2015-03-15;3.790;41.50;2010-12-31
2010-12-31;2020-03-03;4.114;103.50;2011-01-03
2010-12-31;2024-04-05;4.266;30.05;2010-12-23
2010-12-31;2030-05-03;4.435;12.24;2010-11-26
2010-12-31;2036-12-04;4.502;86.79;2010-09-03
2011-01-31;2011-02-14;3.300;207.48;2011-01-28
2011-01-31;2011-03-06;3.315;207.51;2011-01-28
2011-01-31;2011-04-04;3.300;169.16;2011-01-28
2011-01-31;2011-07-04;3.346;68.67;2011-01-28
2011-01-31;2011-07-18;3.346;68.62;2011-01-28
2011-01-31;2011-12-12;3.426;221.16;2011-01-31
2011-01-31;2012-12-02;3.602;209.64;2011-01-26
2011-01-31;2013-03-18;3.629;29.03;2011-01-31
2011-01-31;2013-06-02;3.646;24.10;2011-01-31
2011-01-31;2015-03-15;3.790;61.28;2011-01-27
2011-01-31;2015-11-14;3.822;99.91;2011-01-27
2011-01-31;2020-03-03;4.084;144.21;2011-01-31
2011-01-31;2021-04-19;4.134;500.55;2011-01-31
2011-01-31;2025-10-03;4.310;47.80;2011-01-31
2011-01-31;2026-06-05;4.327;33.73;2011-01-31
2011-01-31;2030-05-03;4.435;12.24;2010-11-26
2011-01-31;2036-12-04;4.502;86.79;2010-09-03
2011-02-28;2011-03-06;3.330;64.78;2011-02-25
2011-02-28;2011-05-16;3.310;31.21;2011-02-28
2011-02-28;2011-05-30;3.310;490.00;2011-02-28
2011-02-28;2011-10-21;3.390;35.90;2011-02-15
2011-02-28;2012-04-16;3.536;100.32;2011-02-28
2011-02-28;2013-03-18;3.636;205.74;2011-02-28
2011-02-28;2015-03-15;3.785;146.20;2011-02-24
2011-02-28;2016-04-18;3.842;132.78;2011-02-24
2011-02-28;2019-02-03;3.990;27.98;2011-02-28
2011-02-28;2021-04-19;4.126;1213.32;2011-02-28
2011-02-28;2025-03-01;4.275;186.15;2011-02-28
2011-02-28;2030-05-03;4.393;310.59;2011-02-14
2011-02-28;2036-12-04;4.498;50.37;2011-02-01
2011-03-31;2011-05-16;3.321;610.24;2011-03-21
2011-03-31;2011-05-16;3.307;561.98;2011-03-31
2011-03-31;2011-07-04;3.300;62.32;2011-03-31
2011-03-31;2011-12-12;3.397;72.08;2011-03-31
2011-03-31;2012-03-19;3.445;68.97;2011-03-31
2011-03-31;2013-03-18;3.601;156.53;2011-03-31
2011-03-31;2014-04-05;3.691;267.49;2011-03-31
2011-03-31;2016-04-18;3.871;131.25;2011-03-30
2011-03-31;2020-03-03;4.062;100.59;2011-03-31
2011-03-31;2021-01-02;4.123;22.11;2011-03-31
2011-03-31;2022-02-05;4.158;25.42;2011-03-09
2011-03-31;2024-04-05;4.237;124.36;2011-03-31
2011-03-31;2030-05-03;4.391;103.82;2011-03-07
2011-03-31;2036-12-04;4.496;32.47;2011-03-31
2011-04-29;2011-05-16;3.270;31.38;2011-04-28
2011-04-29;2011-05-23;3.270;202.90;2011-04-28
2011-04-29;2011-07-04;3.300;93.57;2011-04-11
2011-04-29;2011-09-19;3.340;40.92;2011-04-21
2011-04-29;2012-03-19;3.425;50.41;2011-04-29
2011-04-29;2013-03-18;3.571;64.68;2011-04-29
2011-04-29;2014-05-18;3.685;207.83;2011-04-28
2011-04-29;2016-01-30;3.800;41.99;2011-04-29
2011-04-29;2021-04-19;4.122;602.20;2011-04-11
2011-04-29;2021-04-19;4.120;24.18;2011-04-25
2011-04-29;2025-03-01;4.276;88.22;2011-04-11
2011-04-29;2030-05-03;4.394;52.19;2011-04-25
2011-04-29;2036-12-04;4.496;32.47;2011-03-31
2011-05-31;2011-06-06;3.302;301.99;2011-05-30
2011-05-31;2011-07-04;3.300;401.54;2011-05-30
2011-05-31;2011-07-18;3.300;69.36;2011-05-23
2011-05-31;2011-07-18;3.300;20.35;2011-05-30
2011-05-31;2011-09-19;3.315;62.38;2011-05-20
2011-05-31;2012-05-14;3.437;301.14;2011-06-06
2011-05-31;2013-05-16;3.625;2503.91;2011-06-06
2011-05-31;2014-06-14;3.697;210.06;2011-05-27
2011-05-31;2014-11-16;3.728;413.65;2011-05-27
2011-05-31;2016-04-18;3.822;24.88;2011-05-31
2011-05-31;2021-04-19;4.129;1015.52;2011-06-06
2011-05-31;2025-03-01;4.289;25.01;2011-05-25
2011-05-31;2030-05-03;4.394;52.19;2011-04-25
2011-05-31;2036-12-04;4.496;32.47;2011-03-31
2011-06-30;2011-07-18;3.300;209.42;2011-06-30
2011-06-30;2011-08-15;3.270;104.05;2011-06-30
2011-06-30;2011-08-22;3.300;82.80;2011-06-14
2011-06-30;2011-09-19;3.288;118.94;2011-06-20
2011-06-30;2012-05-14;3.400;161.02;2011-06-30
2011-06-30;2012-11-19;3.555;76.84;2011-06-30
2011-06-30;2013-05-16;3.594;97.63;2011-06-30
2011-06-30;2014-06-14;3.682;161.30;2011-06-30
2011-06-30;2015-02-15;3.745;101.94;2011-06-30
2011-06-30;2016-04-18;3.820;318.07;2011-06-30
2011-06-30;2021-04-19;4.130;254.55;2011-06-30
2011-06-30;2022-02-05;4.169;41.12;2011-06-24
2011-06-30;2025-03-01;4.287;50.23;2011-06-29
2011-06-30;2030-05-03;4.394;52.19;2011-04-25
2011-06-30;2036-12-04;4.497;41.03;2011-06-29
2011-07-29;2011-08-15;3.330;104.26;2011-07-22
2011-07-29;2011-09-19;3.260;154.54;2011-07-04
2011-07-29;2011-12-12;3.315;90.99;2011-07-26
2011-07-29;2012-04-16;3.390;98.70;2011-07-08
2011-07-29;2013-05-16;3.586;23.07;2011-07-29
2011-07-29;2014-11-16;3.717;46.30;2011-07-29
2011-07-29;2016-04-18;3.818;131.86;2011-07-29
2011-07-29;2021-04-19;4.118;674.99;2011-08-01
2011-07-29;2025-03-01;4.278;151.42;2011-08-01
2011-07-29;2030-05-03;4.394;52.19;2011-04-25
2011-07-29;2036-12-04;4.497;61.56;2011-07-01
2011-08-30;2011-09-19;3.290;62.13;2011-08-29
2011-08-30;2011-10-17;3.300;200.77;2011-08-29
2011-08-30;2011-11-02;3.290;144.04;2011-08-29
2011-08-30;2012-02-18;3.335;30.23;2011-08-25
2011-08-30;2012-03-05;3.330;300.00;2011-09-05
2011-08-30;2012-08-13;3.449;751.84;2011-09-05
2011-08-30;2013-08-22;3.600;1221.64;2011-09-05
2011-08-30;2014-11-16;3.700;103.26;2011-08-29
2011-08-30;2016-03-06;3.810;26.17;2011-08-26
2011-08-30;2021-04-19;4.120;944.41;2011-09-05
2011-08-30;2030-05-03;4.394;52.19;2011-04-25
2011-08-30;2036-12-04;4.497;61.56;2011-07-01
2011-09-30;2011-11-02;3.300;154.78;2011-09-30
2011-09-30;2011-12-12;3.285;308.45;2011-09-26
2011-09-30;2012-01-02;3.300;100.00;2011-10-03
2011-09-30;2012-05-24;3.383;95.35;2011-09-30
2011-09-30;2013-04-15;3.585;188.17;2011-09-26
2011-09-30;2014-06-14;3.692;40.81;2011-09-30
2011-09-30;2014-10-18;3.717;62.04;2011-09-30
2011-09-30;2015-03-15;3.748;226.10;2011-09-30
2011-09-30;2015-11-14;3.802;25.63;2011-09-29
2011-09-30;2016-03-06;3.829;87.35;2011-09-29
2011-09-30;2016-10-17;3.861;301.90;2011-09-29
2011-09-30;2021-04-19;4.123;102.91;2011-09-30
2011-09-30;2025-03-01;4.250;91.56;2011-09-14
2011-09-30;2030-05-03;4.394;52.19;2011-04-25
2011-09-30;2036-12-04;4.497;61.56;2011-07-01
2011-10-31;2011-11-02;3.278;1499.66;2011-10-25
2011-10-31;2011-12-12;3.300;21.43;2011-10-17
2011-10-31;2011-12-12;3.290;324.72;2011-10-25
2011-10-31;2012-01-30;3.343;150.00;2011-10-31
2011-10-31;2012-05-14;3.390;101.79;2011-10-31
2011-10-31;2012-09-17;3.474;85.36;2011-10-31
2011-10-31;2013-10-17;3.679;49.99;2011-10-31
2011-10-31;2014-11-16;3.725;44.62;2011-10-24
2011-10-31;2015-01-31;3.760;222.46;2011-10-24
2011-10-31;2015-02-15;3.756;61.87;2011-10-24
2011-10-31;2016-10-17;3.870;40.37;2011-10-31
2011-10-31;2021-04-19;4.147;71.33;2011-10-31
2011-10-31;2025-03-01;4.246;40.90;2011-10-24
2011-10-31;2030-05-03;4.420;30.56;2011-10-27
2011-10-31;2036-12-04;4.491;33.35;2011-10-31
2011-11-30;2011-12-05;3.300;1603.99;2011-11-29
2011-11-30;2011-12-12;3.330;402.85;2011-11-29
2011-11-30;2012-02-18;3.340;34.42;2011-11-29
2011-11-30;2012-02-27;3.346;350.00;2011-11-28
2011-11-30;2012-11-07;3.488;100.19;2011-11-28
2011-11-30;2012-12-02;3.560;583.36;2011-11-29
2011-11-30;2013-11-21;3.732;1160.91;2011-12-05
2011-11-30;2014-04-05;3.743;53.30;2011-11-30
2011-11-30;2014-05-18;3.750;47.80;2011-11-30
2011-11-30;2016-10-17;3.910;101.07;2011-11-30
2011-11-30;2021-04-19;4.186;567.52;2011-12-05
2011-11-30;2025-03-01;4.337;305.49;2011-12-05
2011-11-30;2025-10-03;4.330;58.76;2011-11-29
2011-11-30;2030-05-03;4.425;30.56;2011-11-01
2011-11-30;2036-12-04;4.490;10.43;2011-11-09
2011-12-30;2012-01-16;3.350;20.13;2011-12-30
2011-12-30;2012-02-18;3.340;40.85;2011-12-20
2011-12-30;2012-05-24;3.431;245.46;2011-12-30
2011-12-30;2012-08-13;3.490;130.45;2011-12-27
2011-12-30;2013-04-15;3.620;51.49;2011-12-29
2011-12-30;2013-12-01;3.700;400.57;2011-12-29
2011-12-30;2014-04-05;3.778;197.41;2011-12-29
2011-12-30;2014-05-18;3.787;138.38;2011-12-29
2011-12-30;2014-06-14;3.801;55.90;2011-12-29
2011-12-30;2014-11-16;3.842;20.07;2011-12-29
2011-12-30;2016-10-17;3.967;121.37;2011-12-30
2011-12-30;2021-01-02;4.185;113.48;2011-12-30
2011-12-30;2027-04-19;4.450;49.71;2012-01-02
2011-12-30;2030-05-03;4.510;102.54;2011-12-30
2011-12-30;2036-12-04;4.626;37.41;2011-12-29
2012-01-31;2012-03-19;3.350;33.01;2012-01-31
2012-01-31;2012-04-16;3.422;250.73;2012-01-31
2012-01-31;2012-05-24;3.430;28.01;2012-01-31
2012-01-31;2012-12-02;3.526;143.88;2012-01-31
2012-01-31;2013-02-18;3.630;169.98;2012-01-31
2012-01-31;2014-02-17;3.819;99.58;2012-01-31
2012-01-31;2016-10-17;3.970;126.84;2012-01-31
2012-01-31;2021-04-19;4.185;27.00;2012-01-31
2012-01-31;2021-04-19;4.254;2533.85;2012-02-07
2012-01-31;2022-02-05;4.277;25.72;2012-01-27
2012-01-31;2027-04-19;4.472;1543.89;2012-02-07
2012-01-31;2030-05-03;4.510;102.54;2011-12-30
2012-01-31;2036-12-04;4.626;37.41;2011-12-29
2012-02-29;2012-04-16;3.440;51.47;2012-02-20
2012-02-29;2012-04-16;3.420;144.26;2012-02-29
2012-02-29;2012-06-04;3.450;500.00;2012-03-05
2012-02-29;2012-12-02;3.605;205.89;2012-02-24
2012-02-29;2014-02-17;3.895;100.24;2012-02-29
2012-02-29;2014-03-17;3.931;900.88;2012-03-05
2012-02-29;2016-03-06;3.982;151.80;2012-02-29
2012-02-29;2016-10-17;4.020;24.07;2012-02-29
2012-02-29;2021-01-02;4.290;213.01;2012-02-29
2012-02-29;2021-04-19;4.251;26.96;2012-02-29
2012-02-29;2022-04-18;4.355;1974.90;2012-03-05
2012-02-29;2025-03-01;4.488;101.38;2012-02-27
2012-02-29;2027-04-19;4.504;110.44;2012-02-27
2012-02-29;2030-05-03;4.510;102.54;2011-12-30
2012-02-29;2036-12-04;4.626;37.41;2011-12-29
2012-03-30;2012-05-14;3.300;51.62;2012-03-29
2012-03-30;2012-05-28;3.425;384.41;2012-03-26
2012-03-30;2012-08-13;3.370;92.01;2012-03-29
2012-03-30;2013-02-18;3.460;735.74;2012-03-30
2012-03-30;2013-06-02;3.516;90.48;2012-03-28
2012-03-30;2014-08-02;3.825;86.58;2012-03-30
2012-03-30;2015-03-15;3.902;42.22;2012-03-30
2012-03-30;2016-01-30;3.960;20.67;2012-03-30
2012-03-30;2016-10-17;3.920;1023.15;2012-03-30
2012-03-30;2021-04-19;4.253;26.01;2012-03-30
2012-03-30;2025-02-28;4.490;28.69;2012-03-08
2012-03-30;2027-04-19;4.484;40.04;2012-03-30
2012-03-30;2030-05-03;4.602;48.69;2012-03-22
2012-03-30;2036-12-04;4.626;37.41;2011-12-29
2012-04-30;2012-05-14;3.280;40.38;2012-04-30
2012-04-30;2012-05-28;3.425;384.41;2012-03-26
2012-04-30;2012-09-03;3.300;153.77;2012-04-30
2012-04-30;2012-11-19;3.399;118.53;2012-04-25
2012-04-30;2013-02-18;3.448;64.49;2012-04-25
2012-04-30;2013-05-16;3.560;103.44;2012-04-26
2012-04-30;2014-07-07;3.690;81.72;2012-04-26
2012-04-30;2016-04-18;3.850;30.76;2012-04-19
2012-04-30;2016-10-17;3.913;133.33;2012-04-19
2012-04-30;2021-01-02;4.294;28.30;2012-04-30
2012-04-30;2022-04-18;4.279;483.97;2012-04-30
2012-04-30;2027-04-19;4.498;300.97;2012-04-30
2012-04-30;2030-05-03;4.507;98.88;2012-04-25
2012-04-30;2036-12-04;4.620;31.92;2012-04-05
2012-05-31;2012-07-06;3.190;80.06;2012-05-31
2012-05-31;2012-08-19;3.380;85.78;2012-05-21
2012-05-31;2012-09-03;3.220;300.00;2012-06-04
2012-05-31;2013-05-06;3.517;252.42;2012-06-04
2012-05-31;2013-07-11;3.600;61.91;2012-05-31
2012-05-31;2016-03-06;3.903;178.24;2012-05-25
2012-05-31;2017-04-17;3.961;23.30;2012-05-24
2012-05-31;2022-04-18;4.298;501.24;2012-06-04
2012-05-31;2026-01-02;4.438;22.32;2012-05-24
2012-05-31;2026-06-05;4.457;22.42;2012-05-24
2012-05-31;2030-05-03;4.507;11.37;2012-05-17
2012-05-31;2036-12-04;4.620;31.92;2012-04-05
2012-06-29;2012-07-06;3.341;551.79;2012-06-29
2012-06-29;2012-08-19;3.350;105.90;2012-06-29
2012-06-29;2012-09-03;3.350;206.13;2012-06-29
2012-06-29;2012-11-07;3.320;102.29;2012-06-28
2012-06-29;2013-06-02;3.514;44.14;2012-06-29
2012-06-29;2013-12-01;3.660;30.10;2012-06-28
2012-06-29;2015-02-15;3.809;32.32;2012-06-28
2012-06-29;2015-03-15;3.816;20.29;2012-06-28
2012-06-29;2017-04-17;4.034;99.34;2012-06-28
2012-06-29;2021-04-19;4.325;59.72;2012-06-29
2012-06-29;2025-02-28;4.480;50.62;2012-06-25
2012-06-29;2027-04-19;4.544;1004.35;2012-06-18
2012-06-29;2030-05-03;4.507;11.37;2012-05-17
2012-06-29;2036-12-04;4.620;31.92;2012-04-05
2012-07-31;2012-08-13;3.350;51.69;2012-07-27
2012-07-31;2012-08-19;3.352;26.54;2012-07-27
2012-07-31;2012-09-17;3.352;293.26;2012-07-12
2012-07-31;2012-12-17;3.365;50.18;2012-07-26
2012-07-31;2012-12-24;3.365;20.06;2012-07-26
2012-07-31;2013-05-06;3.551;50.70;2012-07-23
2012-07-31;2014-07-07;3.740;41.04;2012-07-26
2012-07-31;2014-08-02;3.741;231.39;2012-07-27
2012-07-31;2016-10-17;3.986;46.53;2012-07-31
2012-07-31;2019-10-18;4.230;112.05;2012-07-31
2012-07-31;2020-02-28;4.270;30.17;2012-07-31
2012-07-31;2020-03-03;4.271;30.07;2012-07-31
2012-07-31;2022-04-18;4.464;1674.92;2012-08-06
2012-07-31;2025-03-01;4.554;29.50;2012-07-26
2012-07-31;2027-04-19;4.688;398.18;2012-08-06
2012-07-31;2030-05-03;4.601;11.34;2012-07-26
2012-07-31;2036-12-04;4.620;31.92;2012-04-05
2012-08-31;2012-09-03;3.450;25.08;2012-08-28
2012-08-31;2012-09-17;3.352;293.26;2012-07-12
2012-08-31;2012-10-15;3.550;412.85;2012-08-28
2012-08-31;2012-11-12;3.367;300.00;2012-08-13
2012-08-31;2012-12-24;3.420;80.36;2012-08-13
2012-08-31;2013-09-16;3.898;503.08;2012-09-03
2012-08-31;2014-09-15;4.089;1201.30;2012-09-03
2012-08-31;2017-07-17;4.244;27.14;2012-08-31
2012-08-31;2020-09-05;4.539;440.92;2012-08-30
2012-08-31;2027-04-19;4.739;1190.73;2012-08-22
2012-08-31;2030-05-03;4.869;191.68;2012-08-22
2012-08-31;2036-12-04;4.634;60.82;2012-08-30
2012-09-28;2012-09-17;3.352;293.26;2012-07-12
2012-09-28;2012-11-19;3.450;123.75;2012-09-27
2012-09-28;2013-03-18;3.510;61.16;2012-09-27
2012-09-28;2013-06-02;3.640;112.91;2012-09-27
2012-09-28;2014-01-06;3.889;37.55;2012-09-20
2012-09-28;2014-03-17;3.933;31.59;2012-09-20
2012-09-28;2015-02-15;4.165;27.08;2012-09-28
2012-09-28;2016-04-18;4.290;25.12;2012-09-28
2012-09-28;2017-02-04;4.395;48.90;2012-09-27
2012-09-28;2022-04-18;4.603;1138.32;2012-09-03
2012-09-28;2025-03-01;4.696;85.07;2012-09-25
2012-09-28;2030-05-03;4.869;191.68;2012-08-22
2012-09-28;2036-12-04;4.634;60.82;2012-08-30
2012-10-31;2012-11-12;3.595;331.37;2012-10-29
2012-10-31;2012-12-02;3.370;22.63;2012-10-02
2012-10-31;2012-12-02;3.380;316.54;2012-10-29
2012-10-31;2013-02-04;3.400;600.00;2012-11-05
2012-10-31;2013-05-06;3.550;300.00;2012-11-05
2012-10-31;2014-09-15;4.080;30.23;2012-10-30
2012-10-31;2014-12-15;4.199;50.08;2012-10-31
2012-10-31;2019-02-03;4.530;20.15;2012-10-29
2012-10-31;2022-04-18;4.838;2254.82;2012-11-05
2012-10-31;2030-05-03;4.869;191.68;2012-08-22
2012-10-31;2036-12-04;4.634;60.82;2012-08-30
2012-11-30;2012-12-17;3.850;150.28;2012-11-30
2012-11-30;2013-01-17;3.972;6022.30;2012-12-03
2012-11-30;2013-02-18;3.409;20.56;2012-11-23
2012-11-30;2013-03-18;3.455;22.96;2012-11-23
2012-11-30;2013-06-03;3.590;200.00;2012-12-03
2012-11-30;2013-11-04;3.827;341.19;2012-12-03
2012-11-30;2014-03-17;3.970;61.72;2012-11-23
2012-11-30;2015-02-15;4.230;27.13;2012-11-30
2012-11-30;2018-04-16;4.602;426.79;2012-11-19
2012-11-30;2021-04-19;4.810;48.99;2012-11-23
2012-11-30;2025-10-03;5.070;54.80;2012-11-20
2012-11-30;2027-04-19;5.050;875.53;2012-11-19
2012-11-30;2030-05-03;4.967;11.04;2012-11-28
2012-11-30;2036-12-04;4.634;60.82;2012-08-30
2012-12-31;2013-02-06;4.120;4958.00;2013-01-02
2012-12-31;2013-03-18;3.700;205.55;2012-12-25
2012-12-31;2013-06-02;3.656;1041.29;2012-12-26
2012-12-31;2013-09-12;3.660;25.24;2012-12-28
2012-12-31;2014-01-04;3.820;266.02;2012-12-31
2012-12-31;2014-08-04;3.970;83.11;2012-12-31
2012-12-31;2014-12-15;4.120;50.50;2012-12-31
2012-12-31;2015-02-15;4.204;20.55;2012-12-28
2012-12-31;2015-03-15;4.250;26.65;2012-12-28
2012-12-31;2015-11-14;4.338;41.68;2012-12-28
2012-12-31;2017-04-17;4.373;88.04;2012-12-31
2012-12-31;2021-04-19;4.752;71.04;2012-12-28
2012-12-31;2030-05-03;5.144;14.14;2012-12-11
2012-12-31;2036-12-04;4.634;60.82;2012-08-30
2013-01-31;2013-02-06;4.200;25.00;2013-01-03
2013-01-31;2013-04-15;3.950;51.40;2013-01-30
2013-01-31;2013-05-06;3.919;2200.00;2013-02-04
2013-01-31;2013-08-22;4.082;198.49;2013-01-31
2013-01-31;2014-12-15;4.350;30.28;2013-01-30
2013-01-31;2016-03-06;4.550;22.82;2013-01-31
2013-01-31;2018-04-16;4.765;27.38;2013-01-31
2013-01-31;2021-04-19;4.760;29.72;2013-01-21
2013-01-31;2024-04-05;5.186;66.71;2013-01-23
2013-01-31;2027-04-19;5.442;23.60;2013-01-16
2013-01-31;2030-05-03;5.144;14.14;2012-12-11
2013-01-31;2036-12-04;4.634;60.82;2012-08-30
2013-02-28;2013-04-15;3.930;30.38;2013-02-14
2013-02-28;2013-04-15;3.930;29.50;2013-02-28
2013-02-28;2013-08-12;4.055;50.11;2013-02-28
2013-02-28;2013-08-19;4.010;30.05;2013-02-28
2013-02-28;2013-09-02;4.038;1600.00;2013-03-04
2013-02-28;2015-02-15;4.460;24.78;2013-02-28
2013-02-28;2015-07-06;4.587;916.08;2013-03-04
2013-02-28;2019-02-03;4.764;158.66;2013-02-19
2013-02-28;2026-01-02;5.393;21.40;2013-02-27
2013-02-28;2026-06-05;5.366;77.51;2013-02-08
2013-02-28;2030-05-03;5.159;346.08;2013-02-06
2013-02-28;2036-12-04;4.634;60.82;2012-08-30
2013-03-29;2013-04-15;3.900;54.42;2013-03-29
2013-03-29;2013-04-29;3.850;150.98;2013-03-29
2013-03-29;2013-06-17;3.900;100.12;2013-03-28
2013-03-29;2013-09-09;4.050;50.10;2013-03-29
2013-03-29;2013-09-16;4.050;50.07;2013-03-29
2013-03-29;2013-11-21;4.180;87.79;2013-03-28
2013-03-29;2014-03-17;4.230;100.78;2013-03-18
2013-03-29;2014-03-17;4.180;40.09;2013-03-28
2013-03-29;2016-03-06;4.650;21.94;2013-03-28
2013-03-29;2020-03-03;5.002;112.79;2013-03-28
2013-03-29;2021-01-02;5.147;67.23;2013-03-28
2013-03-29;2028-08-14;5.700;1049.29;2013-03-18
2013-03-29;2030-05-03;5.159;346.08;2013-02-06
2013-03-29;2036-12-04;4.634;60.82;2012-08-30
2013-04-30;2013-05-13;3.900;201.69;2013-04-30
2013-04-30;2013-05-16;3.930;315.84;2013-04-30
2013-04-30;2013-07-15;3.950;80.12;2013-04-29
2013-04-30;2013-10-07;4.080;202.31;2013-04-30
2013-04-30;2013-11-04;4.118;2780.00;2013-05-06
2013-04-30;2014-05-05;4.246;2557.39;2013-05-06
2013-04-30;2015-09-14;4.698;178.97;2013-04-29
2013-04-30;2018-04-16;4.851;27.55;2013-04-19
2013-04-30;2022-02-05;5.260;27.53;2013-04-26
2013-04-30;2024-04-05;5.380;81.97;2013-04-08
2013-04-30;2030-05-03;5.159;346.08;2013-02-06
2013-04-30;2036-12-04;4.681;12.48;2013-04-18
2013-05-31;2013-06-02;3.800;105.68;2013-05-22
2013-05-31;2013-08-22;3.923;307.98;2013-05-30
2013-05-31;2013-08-26;3.938;46.51;2013-05-30
2013-05-31;2013-09-02;3.950;100.98;2013-05-31
2013-05-31;2013-10-17;4.020;81.61;2013-05-31
2013-05-31;2013-11-21;4.080;101.69;2013-05-31
2013-05-31;2013-12-01;4.121;52.46;2013-05-31
2013-05-31;2014-08-04;4.336;52.73;2013-05-31
2013-05-31;2014-12-15;4.466;42.31;2013-05-31
2013-05-31;2016-04-18;4.783;27.18;2013-05-31
2013-05-31;2017-07-17;4.900;49.99;2013-05-16
2013-05-31;2018-04-16;4.980;24.00;2013-05-16
2013-05-31;2020-02-28;5.171;150.66;2013-05-16
2013-05-31;2022-04-18;5.290;23.23;2013-05-31
2013-05-31;2030-05-03;5.159;346.08;2013-02-06
2013-05-31;2036-12-04;4.681;12.48;2013-04-18
2013-06-28;2013-08-22;3.765;106.61;2013-06-28
2013-06-28;2013-08-26;3.900;46.66;2013-06-28
2013-06-28;2013-10-14;3.785;53.09;2013-06-28
2013-06-28;2013-11-04;3.832;25.18;2013-06-28
2013-06-28;2013-11-21;3.830;40.85;2013-06-28
2013-06-28;2014-05-05;4.080;32.66;2013-06-28
2013-06-28;2014-07-14;4.205;60.03;2013-06-28
2013-06-28;2015-07-06;4.570;40.41;2013-06-28
2013-06-28;2018-06-16;4.885;42.30;2013-06-19
2013-06-28;2022-02-05;5.320;28.29;2013-06-05
2013-06-28;2024-04-05;5.439;31.97;2013-06-21
2013-06-28;2028-08-14;5.700;324.01;2013-06-17
2013-06-28;2030-05-03;5.255;45.58;2013-06-20
2013-06-28;2036-12-04;4.681;12.48;2013-04-18
2013-07-31;2013-08-22;3.500;222.22;2013-07-29
2013-07-31;2013-09-09;3.550;20.33;2013-07-29
2013-07-31;2013-10-21;3.623;262.00;2013-07-31
2013-07-31;2013-11-18;3.720;75.29;2013-07-29
2013-07-31;2013-11-21;3.705;33.10;2013-07-29
2013-07-31;2014-01-13;3.820;75.15;2013-07-29
2013-07-31;2014-02-03;3.830;300.00;2013-08-05
2013-07-31;2014-10-13;4.230;1246.52;2013-08-05
2013-07-31;2015-10-19;4.590;280.65;2013-07-22
2013-07-31;2016-01-30;4.566;21.53;2013-07-22
2013-07-31;2020-03-03;5.085;39.62;2013-07-24
2013-07-31;2022-04-18;5.280;23.44;2013-07-29
2013-07-31;2023-08-05;5.350;2232.90;2013-08-05
2013-07-31;2028-08-14;5.680;39.05;2013-08-05
2013-07-31;2030-05-03;5.255;45.58;2013-06-20
2013-07-31;2036-12-04;4.681;12.48;2013-04-18
2013-08-30;2013-10-07;3.520;26.84;2013-08-29
2013-08-30;2013-10-28;3.540;101.48;2013-08-30
2013-08-30;2013-12-09;3.570;76.39;2013-08-28
2013-08-30;2014-01-20;3.690;100.45;2013-08-28
2013-08-30;2014-02-10;3.750;200.41;2013-08-28
2013-08-30;2014-05-18;3.960;100.90;2013-08-30
2013-08-30;2014-10-13;4.240;99.98;2013-08-29
2013-08-30;2015-08-03;4.520;37.26;2013-08-29
2013-08-30;2015-12-14;4.641;1996.02;2013-09-02
2013-08-30;2018-04-16;4.864;620.55;2013-08-19
2013-08-30;2023-08-05;5.350;1488.60;2013-08-05
2013-08-30;2028-08-14;5.700;976.45;2013-08-19
2013-08-30;2030-05-03;5.255;45.58;2013-06-20
2013-08-30;2036-12-04;4.681;12.48;2013-04-18
2013-09-30;2013-10-07;3.480;119.95;2013-09-30
2013-09-30;2013-10-14;3.485;126.60;2013-09-30
2013-09-30;2013-11-04;3.480;470.03;2013-09-30
2013-09-30;2013-11-21;3.488;120.20;2013-09-30
2013-09-30;2013-12-09;3.480;89.22;2013-09-30
2013-09-30;2014-01-13;3.520;65.00;2013-09-30
2013-09-30;2014-01-20;3.590;121.51;2013-09-30
2013-09-30;2014-03-17;3.730;44.41;2013-09-30
2013-09-30;2014-03-24;3.750;37.70;2013-09-23
2013-09-30;2014-07-07;3.950;50.34;2013-09-23
2013-09-30;2014-08-02;3.980;36.52;2013-09-23
2013-09-30;2015-07-06;4.486;54.75;2013-09-30
2013-09-30;2017-07-17;4.825;35.06;2013-09-23
2013-09-30;2020-03-03;5.050;43.49;2013-09-18
2013-09-30;2023-08-05;5.476;2824.41;2013-09-30
2013-09-30;2025-03-01;5.516;1093.99;2013-09-06
2013-09-30;2028-08-14;5.758;975.02;2013-09-16
2013-09-30;2030-05-03;5.255;45.58;2013-06-20
2013-09-30;2036-12-04;4.681;12.48;2013-04-18
2013-10-31;2013-11-11;3.490;101.99;2013-10-31
2013-10-31;2013-11-21;3.500;70.58;2013-10-31
2013-10-31;2014-01-13;3.520;30.06;2013-10-28
2013-10-31;2014-02-17;3.590;86.14;2013-10-22
2013-10-31;2014-07-14;3.885;50.62;2013-10-31
2013-10-31;2014-12-08;4.250;55.15;2013-10-31
2013-10-31;2016-03-14;4.723;97.92;2013-10-28
2013-10-31;2019-04-05;5.075;21.22;2013-10-29
2013-10-31;2023-08-05;5.519;4098.00;2013-11-04
2013-10-31;2028-08-14;5.789;1155.78;2013-11-04
2013-10-31;2030-05-03;5.255;45.58;2013-06-20
2013-10-31;2036-12-04;4.681;12.48;2013-04-18
2013-11-29;2014-01-20;3.480;25.36;2013-11-25
2013-11-29;2014-01-20;3.480;54.79;2013-11-29
2013-11-29;2014-05-18;3.710;51.00;2013-11-28
2013-11-29;2014-08-04;3.860;21.22;2013-11-28
2013-11-29;2015-10-19;4.500;37.15;2013-11-28
2013-11-29;2015-12-14;4.590;60.59;2013-11-28
2013-11-29;2016-04-18;4.705;70.42;2013-11-28
2013-11-29;2018-11-19;5.137;4692.57;2013-12-02
2013-11-29;2023-08-05;5.551;1181.45;2013-11-19
2013-11-29;2024-06-17;5.669;1678.81;2013-12-02
2013-11-29;2028-08-14;5.928;2815.27;2013-12-02
2013-11-29;2030-05-03;5.255;45.58;2013-06-20
2013-11-29;2036-12-04;4.681;12.48;2013-04-18
2013-12-31;2014-01-13;3.350;50.92;2013-12-31
2013-12-31;2014-01-20;3.380;184.59;2013-12-31
2013-12-31;2014-02-17;3.380;30.44;2013-12-31
2013-12-31;2014-03-17;3.400;51.53;2013-12-31
2013-12-31;2014-04-05;3.499;90.68;2013-12-30
2013-12-31;2014-05-05;3.518;250.78;2013-12-30
2013-12-31;2014-07-14;3.600;91.18;2013-12-31
2013-12-31;2014-09-15;3.770;50.51;2013-12-31
2013-12-31;2014-12-15;3.889;32.59;2013-12-31
2013-12-31;2015-04-20;4.137;26.61;2013-12-27
2013-12-31;2015-08-03;4.294;21.94;2013-12-27
2013-12-31;2016-07-18;4.515;400.71;2013-12-31
2013-12-31;2018-04-16;4.830;72.54;2013-12-30
2013-12-31;2020-03-03;5.040;24.62;2013-12-30
2013-12-31;2023-08-05;5.582;994.10;2013-12-13
2013-12-31;2024-06-17;5.661;987.61;2014-01-06
2013-12-31;2029-04-16;5.961;771.12;2014-01-06
2013-12-31;2030-05-03;5.255;45.58;2013-06-20
2013-12-31;2036-12-04;4.735;43.57;2013-12-09
2014-01-31;2014-02-24;3.057;70.19;2014-01-31
2014-01-31;2014-03-17;3.138;498.05;2014-01-31
2014-01-31;2014-04-07;3.220;175.74;2014-01-30
2014-01-31;2014-07-07;3.430;95.04;2014-01-29
2014-01-31;2015-01-19;3.726;21.29;2014-01-31
2014-01-31;2015-11-14;4.056;76.63;2014-01-31
2014-01-31;2016-07-18;4.180;49.45;2014-01-31
2014-01-31;2017-04-17;4.350;20.39;2014-01-31
2014-01-31;2018-11-19;4.712;45.98;2014-01-30
2014-01-31;2020-03-03;4.960;27.61;2014-01-30
2014-01-31;2021-01-02;5.070;28.28;2014-01-30
2014-01-31;2024-06-17;5.560;1199.43;2014-02-03
2014-01-31;2029-04-16;5.949;2088.91;2014-02-03
2014-01-31;2030-05-03;5.255;45.58;2013-06-20
2014-01-31;2036-12-04;4.735;43.57;2013-12-09
2014-02-28;2014-03-17;3.220;111.30;2014-02-27
2014-02-28;2014-04-05;3.226;220.19;2014-02-27
2014-02-28;2014-04-07;3.220;92.50;2014-02-27
2014-02-28;2014-05-18;3.200;60.79;2014-02-24
2014-02-28;2014-07-07;3.260;51.33;2014-02-28
2014-02-28;2015-01-19;3.490;46.24;2014-02-28
2014-02-28;2015-02-15;3.520;39.88;2014-02-28
2014-02-28;2015-05-11;3.631;80.53;2014-02-28
2014-02-28;2015-07-06;3.645;86.15;2014-02-28
2014-02-28;2016-07-18;3.999;29.90;2014-02-27
2014-02-28;2020-10-17;4.918;32.55;2014-02-28
2014-02-28;2021-04-19;5.045;28.35;2014-02-13
2014-02-28;2024-06-17;5.372;1476.40;2014-03-03
2014-02-28;2029-04-16;5.907;977.71;2014-03-03
2014-02-28;2030-05-03;5.255;45.58;2013-06-20
2014-02-28;2036-12-04;4.735;43.57;2013-12-09
2014-03-31;2014-04-05;3.250;29.64;2014-03-28
2014-03-31;2014-05-05;3.235;76.73;2014-03-28
2014-03-31;2014-06-14;3.220;83.25;2014-03-18
2014-03-31;2014-07-07;3.225;1265.83;2014-03-31
2014-03-31;2014-08-02;3.249;1551.74;2014-03-31
2014-03-31;2014-08-04;3.243;3010.78;2014-03-31
2014-03-31;2014-09-15;3.268;107.20;2014-03-31
2014-03-31;2014-11-16;3.320;58.14;2014-03-31
2014-03-31;2015-02-15;3.350;35.31;2014-03-31
2014-03-31;2015-04-20;3.435;37.16;2014-03-31
2014-03-31;2015-08-03;3.494;67.00;2014-03-31
2014-03-31;2015-09-05;3.540;26.40;2014-03-31
2014-03-31;2015-09-14;3.517;21.07;2014-03-31
2014-03-31;2015-12-14;3.627;26.03;2014-03-31
2014-03-31;2016-02-08;3.673;46.55;2014-03-31
2014-03-31;2016-03-14;3.660;30.00;2014-03-31
2014-03-31;2016-05-16;3.750;249.94;2014-03-31
2014-03-31;2016-07-18;3.780;51.75;2014-03-31
2014-03-31;2017-07-17;3.940;20.48;2014-03-31
2014-03-31;2018-11-19;4.150;41.70;2014-03-31
2014-03-31;2024-06-17;4.951;2752.82;2014-03-31
2014-03-31;2027-04-19;5.270;48.03;2014-03-28
2014-03-31;2030-05-03;5.255;45.58;2013-06-20
2014-03-31;2034-03-31;5.919;4591.23;2014-03-31
2014-03-31;2036-12-04;4.735;43.57;2013-12-09
2014-04-30;2014-06-09;3.100;23.31;2014-04-29
2014-04-30;2014-07-07;3.080;50.08;2014-04-30
2014-04-30;2014-08-04;3.090;30.87;2014-04-30
2014-04-30;2014-10-13;3.135;51.94;2014-04-30
2014-04-30;2014-11-16;3.180;51.00;2014-04-30
2014-04-30;2016-04-18;3.450;184.67;2014-04-30
2014-04-30;2018-04-16;3.872;56.14;2014-04-30
2014-04-30;2018-06-16;3.900;22.79;2014-04-25
2014-04-30;2022-02-05;4.460;23.90;2014-04-30
2014-04-30;2024-06-17;4.585;218.10;2014-05-05
2014-04-30;2029-04-16;5.120;23.88;2014-04-30
2014-04-30;2034-03-31;5.951;39.54;2014-04-01
2014-04-30;2034-03-31;5.740;509.15;2014-05-05
2014-04-30;2036-12-04;4.735;43.57;2013-12-09
2014-05-30;2014-07-14;3.150;145.54;2014-05-29
2014-05-30;2014-08-04;3.086;175.43;2014-06-02
2014-05-30;2014-09-15;3.097;513.97;2014-05-30
2014-05-30;2015-01-19;3.140;25.74;2014-05-30
2014-05-30;2015-08-03;3.304;31.65;2014-05-30
2014-05-30;2016-10-17;3.515;48.52;2014-05-29
2014-05-30;2018-04-16;3.757;36.49;2014-05-29
2014-05-30;2018-11-19;3.854;21.43;2014-05-23
2014-05-30;2019-04-14;3.932;143.75;2014-05-23
2014-05-30;2024-06-17;4.432;77.24;2014-05-30
2014-05-30;2029-04-16;4.910;75.20;2014-05-30
2014-05-30;2029-08-06;4.915;216.55;2014-05-30
2014-05-30;2034-03-31;5.951;39.54;2014-04-01
2014-05-30;2034-03-31;5.590;31.20;2014-05-29
2014-05-30;2036-12-04;4.735;43.57;2013-12-09
2014-06-30;2014-07-14;3.080;51.43;2014-06-30
2014-06-30;2014-08-02;3.101;592.44;2014-06-30
2014-06-30;2014-09-15;3.086;1001.22;2014-06-30
2014-06-30;2014-10-18;3.082;818.31;2014-06-30
2014-06-30;2014-11-16;3.095;905.11;2014-06-30
2014-06-30;2015-02-15;3.131;4074.50;2014-06-30
2014-06-30;2015-11-14;3.300;87.02;2014-06-27
2014-06-30;2016-07-18;3.390;219.69;2014-06-30
2014-06-30;2020-12-12;3.999;36.34;2014-06-27
2014-06-30;2024-06-17;4.430;55.46;2014-06-17
2014-06-30;2029-04-16;4.920;21.91;2014-06-24
2014-06-30;2034-03-31;5.951;39.54;2014-04-01
2014-06-30;2034-03-31;5.578;6768.02;2014-06-30
2014-06-30;2036-12-04;4.735;43.57;2013-12-09
2014-07-31;2014-09-15;3.060;146.23;2014-07-31
2014-07-31;2014-10-13;3.060;119.20;2014-07-31
2014-07-31;2014-12-08;3.050;42.58;2014-07-31
2014-07-31;2015-05-11;3.080;35.14;2014-07-22
2014-07-31;2015-06-01;3.127;100.72;2014-07-28
2014-07-31;2016-04-18;3.300;24.30;2014-07-31
2014-07-31;2018-04-16;3.650;51.88;2014-07-25
2014-07-31;2018-11-19;3.740;24.39;2014-07-31
2014-07-31;2022-04-18;4.156;60.88;2014-07-31
2014-07-31;2027-04-19;4.700;24.57;2014-07-21
2014-07-31;2029-04-16;4.910;41.87;2014-07-31
2014-07-31;2034-03-31;5.578;6768.02;2014-06-30
2014-07-31;2035-02-19;5.640;500.00;2014-08-04
2014-07-31;2036-12-04;4.735;43.57;2013-12-09
2014-08-29;2014-09-08;3.035;101.30;2014-08-29
2014-08-29;2014-10-06;3.035;70.92;2014-08-29
2014-08-29;2014-11-16;3.035;41.22;2014-08-22
2014-08-29;2015-01-31;3.080;32.61;2014-08-29
2014-08-29;2015-08-03;3.110;43.78;2014-08-19
2014-08-29;2016-07-18;3.336;60.44;2014-08-29
2014-08-29;2018-04-16;3.660;463.58;2014-08-29
2014-08-29;2018-11-19;3.780;54.25;2014-08-25
2014-08-29;2023-08-05;4.320;48.19;2014-08-27
2014-08-29;2034-03-31;5.559;13.21;2014-08-22
2014-08-29;2035-02-19;5.627;2514.34;2014-09-01
2014-08-29;2036-12-04;4.735;43.57;2013-12-09
2014-09-30;2014-10-13;2.850;42.91;2014-09-30
2014-09-30;2014-11-24;2.850;20.06;2014-09-26
2014-09-30;2015-01-19;2.880;93.72;2014-09-30
2014-09-30;2015-02-15;2.920;41.10;2014-09-30
2014-09-30;2015-06-01;2.900;111.56;2014-09-29
2014-09-30;2016-03-14;3.010;106.25;2014-09-30
2014-09-30;2016-04-18;3.000;30.93;2014-09-30
2014-09-30;2018-04-16;3.586;92.73;2014-09-19
2014-09-30;2018-11-19;3.665;216.39;2014-09-30
2014-09-30;2024-06-17;4.411;29.20;2014-09-19
2014-09-30;2029-04-16;4.875;146.90;2014-09-19
2014-09-30;2034-03-31;5.354;27.19;2014-09-26
2014-09-30;2045-02-06;5.700;499.65;2014-10-07
2014-10-31;2014-11-16;2.780;51.29;2014-10-23
2014-10-31;2014-11-24;2.850;20.06;2014-09-26
2014-10-31;2015-01-26;2.790;100.00;2014-10-27
2014-10-31;2015-06-01;2.850;24.61;2014-10-31
2014-10-31;2015-09-07;2.910;20.13;2014-10-31
2014-10-31;2016-03-14;2.936;287.88;2014-10-31
2014-10-31;2018-06-16;3.160;22.51;2014-10-31
2014-10-31;2018-11-19;3.290;51.53;2014-10-24
2014-10-31;2019-04-14;3.300;31.41;2014-10-24
2014-10-31;2024-06-17;3.870;23.46;2014-10-24
2014-10-31;2025-06-02;3.852;2265.21;2014-11-03
2014-10-31;2029-08-06;4.350;45.88;2014-10-30
2014-10-31;2034-03-31;4.898;119.98;2014-10-31
2014-10-31;2035-02-19;4.603;1034.16;2014-11-03
2014-10-31;2036-12-04;5.366;18.59;2014-10-28
2014-10-31;2045-02-06;5.700;499.65;2014-10-07
2014-11-28;2014-12-15;2.790;34.27;2014-11-19
2014-11-28;2015-01-19;2.750;73.23;2014-11-24
2014-11-28;2015-03-15;2.755;111.34;2014-11-26
2014-11-28;2015-05-11;2.755;68.67;2014-11-26
2014-11-28;2015-09-14;2.770;20.39;2014-11-28
2014-11-28;2015-11-03;2.790;47.10;2014-11-28
2014-11-28;2016-05-16;2.880;407.45;2014-11-28
2014-11-28;2016-10-17;2.945;112.39;2014-11-28
2014-11-28;2018-04-16;3.080;53.44;2014-11-28
2014-11-28;2018-11-19;3.183;84.10;2014-11-20
2014-11-28;2024-06-17;3.612;233.83;2014-11-26
2014-11-28;2025-06-02;3.702;30.66;2014-11-28
2014-11-28;2029-04-16;4.065;27.32;2014-11-28
2014-11-28;2034-03-31;4.563;67.80;2014-11-03
2014-11-28;2035-02-19;4.590;40.35;2014-11-17
2014-11-28;2045-02-06;5.700;499.65;2014-10-07
2014-12-31;2015-01-19;2.350;104.93;2014-12-31
2014-12-31;2015-02-15;2.500;103.99;2014-12-17
2014-12-31;2015-03-15;2.500;36.16;2014-12-17
2014-12-31;2015-05-11;2.540;33.21;2014-12-30
2014-12-31;2015-08-03;2.510;79.82;2014-12-31
2014-12-31;2016-01-18;2.636;62.87;2014-12-29
2014-12-31;2016-07-18;2.670;79.96;2014-12-29
2014-12-31;2017-02-04;2.770;50.65;2014-12-30
2014-12-31;2017-02-20;2.708;100.71;2015-01-06
2014-12-31;2019-10-21;3.219;1346.79;2014-12-15
2014-12-31;2024-06-17;3.420;103.32;2014-12-31
2014-12-31;2025-06-02;3.453;1121.48;2015-01-06
2014-12-31;2029-04-16;4.025;143.47;2014-12-29
2014-12-31;2034-03-31;4.563;67.80;2014-11-03
2014-12-31;2035-02-19;4.350;358.41;2015-01-06
2014-12-31;2045-02-06;5.000;1681.67;2015-01-06
2015-01-30;2015-02-15;2.500;103.99;2014-12-17
2015-01-30;2015-03-15;2.500;36.16;2014-12-17
2015-01-30;2015-03-15;2.403;2527.28;2015-02-02
2015-01-30;2015-07-06;2.485;67.00;2015-01-30
2015-01-30;2015-11-03;2.510;22.23;2015-01-30
2015-01-30;2015-12-14;2.514;61.92;2015-01-30
2015-01-30;2016-01-30;2.552;24.02;2015-01-26
2015-01-30;2017-03-06;2.583;1372.41;2015-02-02
2015-01-30;2019-10-21;2.949;26.62;2015-01-23
2015-01-30;2025-06-02;3.262;2357.84;2015-02-02
2015-01-30;2029-08-06;3.791;919.57;2015-02-02
2015-01-30;2034-03-31;4.200;25.99;2015-01-22
2015-01-30;2035-02-19;4.049;999.35;2015-02-02
2015-01-30;2045-02-06;4.990;1608.10;2015-02-02
2015-02-27;2015-03-15;2.450;50.46;2015-02-27
2015-02-27;2015-05-11;2.450;50.34;2015-02-27
2015-02-27;2015-07-06;2.437;309.73;2015-02-19
2015-02-27;2015-08-31;2.502;1450.00;2015-03-02
2015-02-27;2016-03-14;2.531;74.77;2015-02-27
2015-02-27;2018-04-16;2.760;54.32;2015-02-24
2015-02-27;2018-11-19;2.790;58.45;2015-02-24
2015-02-27;2019-10-21;2.900;74.87;2015-02-24
2015-02-27;2024-06-17;3.210;24.88;2015-02-18
2015-02-27;2025-06-02;3.225;26.97;2015-02-27
2015-02-27;2029-08-06;3.715;352.53;2015-02-16
2015-02-27;2034-03-31;4.007;12.95;2015-02-20
2015-02-27;2035-02-19;3.999;49.64;2015-02-16
2015-02-27;2045-02-06;4.990;43.50;2015-02-02
2015-03-31;2015-04-13;2.510;31.96;2015-03-27
2015-03-31;2015-05-02;2.510;86.72;2015-03-27
2015-03-31;2015-06-08;2.501;115.56;2015-03-27
2015-03-31;2015-07-06;2.507;714.16;2015-03-31
2015-03-31;2015-08-31;2.550;651.22;2015-03-31
2015-03-31;2016-03-14;2.610;85.57;2015-03-31
2015-03-31;2016-07-04;2.640;200.23;2015-03-30
2015-03-31;2018-04-16;2.950;600.03;2015-03-31
2015-03-31;2018-11-19;3.107;67.95;2015-03-31
2015-03-31;2020-03-03;3.200;37.04;2015-03-30
2015-03-31;2025-06-02;3.249;50.31;2015-03-30
2015-03-31;2035-02-19;4.160;37.02;2015-03-26
2015-03-31;2045-02-06;4.990;568.18;2015-04-06
2015-04-30;2015-06-01;2.530;76.87;2015-04-30
2015-04-30;2015-06-20;2.550;53.44;2015-04-30
2015-04-30;2015-07-13;2.550;100.08;2015-04-22
2015-04-30;2015-09-05;2.583;204.33;2015-05-04
2015-04-30;2015-09-14;2.565;536.08;2015-05-04
2015-04-30;2015-11-03;2.590;23.08;2015-04-30
2015-04-30;2016-06-13;2.730;20.82;2015-04-30
2015-04-30;2017-02-20;2.880;30.38;2015-04-30
2015-04-30;2018-11-19;3.110;54.23;2015-04-29
2015-04-30;2019-10-21;3.190;59.51;2015-04-29
2015-04-30;2022-04-18;3.490;26.11;2015-04-29
2015-04-30;2024-06-17;3.620;30.41;2015-04-29
2015-04-30;2027-04-19;3.675;32.09;2015-04-21
2015-04-30;2029-04-16;4.044;50.12;2015-04-30
2015-04-30;2029-08-06;4.169;250.36;2015-04-30
2015-04-30;2034-03-31;4.350;65.63;2015-04-14
2015-04-30;2045-02-06;4.990;740.55;2015-05-04
2015-05-29;2015-06-08;2.525;35.70;2015-05-29
2015-05-29;2015-08-10;2.525;25.00;2015-05-13
2015-05-29;2015-09-14;2.500;51.73;2015-05-28
2015-05-29;2016-01-18;2.547;23.39;2015-05-29
2015-05-29;2016-05-16;2.610;30.55;2015-05-29
2015-05-29;2016-07-18;2.680;141.87;2015-05-27
2015-05-29;2017-02-20;2.743;25.12;2015-05-27
2015-05-29;2017-05-25;2.870;50.03;2015-05-25
2015-05-29;2022-04-18;3.497;24.39;2015-05-28
2015-05-29;2024-06-17;3.682;25.51;2015-05-28
2015-05-29;2025-06-02;3.663;939.58;2015-06-01
2015-05-29;2029-04-16;4.051;50.24;2015-05-29
2015-05-29;2034-03-31;4.350;65.63;2015-04-14
2015-05-29;2036-12-04;4.503;20.39;2015-05-18
2015-05-29;2045-02-06;4.990;1428.98;2015-05-04
2015-06-30;2015-07-13;2.450;32.79;2015-06-30
2015-06-30;2015-07-20;2.460;52.58;2015-06-30
2015-06-30;2015-08-03;2.450;127.07;2015-06-30
2015-06-30;2015-09-07;2.450;128.89;2015-06-30
2015-06-30;2015-12-14;2.490;51.41;2015-06-26
2015-06-30;2016-02-08;2.522;115.41;2015-06-29
2015-06-30;2016-05-02;2.520;215.86;2015-06-29
2015-06-30;2016-08-15;2.588;30.17;2015-06-29
2015-06-30;2017-05-25;2.680;100.68;2015-06-29
2015-06-30;2017-08-15;2.673;200.10;2015-07-06
2015-06-30;2022-04-18;3.361;40.12;2015-06-30
2015-06-30;2024-06-17;3.583;39.77;2015-06-30
2015-06-30;2025-06-02;3.585;32.48;2015-06-30
2015-06-30;2025-06-02;3.591;2165.91;2015-07-06
2015-06-30;2026-01-02;3.638;51.14;2015-06-18
2015-06-30;2029-04-16;3.908;55.89;2015-06-30
2015-06-30;2035-02-19;4.356;89.44;2015-06-30
2015-06-30;2036-02-04;4.494;197.34;2015-07-06
2015-06-30;2045-02-06;4.975;1844.28;2015-07-06
2015-07-31;2015-09-05;2.499;186.34;2015-08-03
2015-07-31;2015-09-07;2.500;73.79;2015-07-31
2015-07-31;2015-09-07;2.461;201.66;2015-08-03
2015-07-31;2015-10-19;2.460;51.91;2015-07-29
2015-07-31;2015-11-03;2.478;178.38;2015-07-29
2015-07-31;2016-04-18;2.533;989.18;2015-08-03
2015-07-31;2016-08-15;2.645;201.47;2015-07-31
2015-07-31;2017-02-04;2.674;24.73;2015-07-31
2015-07-31;2018-04-16;2.817;88.69;2015-07-31
2015-07-31;2020-07-20;3.133;769.86;2015-08-03
2015-07-31;2025-06-02;3.500;51.83;2015-07-31
2015-07-31;2025-06-02;3.574;607.81;2015-08-03
2015-07-31;2027-04-19;3.720;21.47;2015-07-10
2015-07-31;2029-04-16;3.911;75.07;2015-07-22
2015-07-31;2035-02-19;4.306;21.63;2015-07-23
2015-07-31;2036-02-04;4.468;1837.90;2015-08-03
2015-07-31;2045-02-06;4.975;3015.61;2015-07-06
2015-08-31;2015-09-05;2.568;100.11;2015-08-31
2015-08-31;2015-10-19;2.508;307.66;2015-08-31
2015-08-31;2015-10-31;2.568;519.19;2015-08-31
2015-08-31;2015-11-30;2.510;150.95;2015-08-31
2015-08-31;2016-05-02;2.540;30.49;2015-08-31
2015-08-31;2016-09-05;2.645;201.54;2015-08-26
2015-08-31;2019-08-02;3.013;100.09;2015-08-31
2015-08-31;2020-07-20;3.164;156.80;2015-08-31
2015-08-31;2025-06-02;3.583;153.94;2015-08-31
2015-08-31;2027-04-19;3.700;30.04;2015-08-27
2015-08-31;2029-04-16;3.921;37.01;2015-08-18
2015-08-31;2029-08-06;3.941;52.27;2015-08-18
2015-08-31;2034-03-31;4.251;32.97;2015-08-24
2015-08-31;2045-02-06;4.975;415.17;2015-08-31
2015-09-30;2015-11-03;2.530;64.68;2015-09-30
2015-09-30;2015-12-07;2.530;36.72;2015-09-16
2015-09-30;2015-12-14;2.500;207.62;2015-09-16
2015-09-30;2016-02-08;2.530;103.18;2015-09-21
2015-09-30;2016-05-02;2.555;156.00;2015-09-30
2015-09-30;2017-09-18;2.796;200.14;2015-09-28
2015-09-30;2018-04-16;2.876;204.49;2015-09-30
2015-09-30;2020-03-03;3.119;309.68;2015-09-22
2015-09-30;2025-06-02;3.580;328.02;2015-10-05
2015-09-30;2029-08-06;3.960;58.13;2015-09-14
2015-09-30;2030-08-05;4.050;1816.90;2015-09-14
2015-09-30;2035-02-19;4.331;46.45;2015-09-30
2015-09-30;2036-02-04;4.448;245.87;2015-10-05
2015-09-30;2045-02-06;4.950;1416.77;2015-10-05
2015-10-30;2015-11-14;2.520;39.55;2015-10-28
2015-10-30;2016-01-18;2.534;441.85;2015-10-22
2015-10-30;2016-01-30;2.536;52.01;2015-10-30
2015-10-30;2016-02-08;2.548;731.93;2015-11-02
2015-10-30;2016-02-15;2.547;1012.74;2015-11-02
2015-10-30;2016-04-18;2.568;2555.86;2015-11-02
2015-10-30;2016-06-13;2.588;130.49;2015-10-30
2015-10-30;2016-08-15;2.588;81.12;2015-10-30
2015-10-30;2017-04-17;2.713;30.12;2015-10-30
2015-10-30;2017-05-25;2.740;101.48;2015-10-30
2015-10-30;2018-11-19;2.925;55.35;2015-10-30
2015-10-30;2021-07-19;3.217;2780.32;2015-11-02
2015-10-30;2025-06-02;3.565;351.46;2015-11-02
2015-10-30;2030-08-05;4.030;1520.95;2015-11-02
2015-10-30;2035-02-19;4.315;63.06;2015-10-09
2015-10-30;2036-02-04;4.436;176.49;2015-11-02
2015-10-30;2045-02-06;4.950;1334.15;2015-10-05
2015-11-30;2015-12-14;2.520;46.96;2015-11-30
2015-11-30;2016-01-30;2.511;120.83;2015-11-30
2015-11-30;2016-02-08;2.400;28.94;2015-11-30
2015-11-30;2016-02-22;2.510;27.51;2015-11-30
2015-11-30;2016-04-18;2.529;2057.76;2015-11-30
2015-11-30;2016-08-15;2.570;82.83;2015-11-30
2015-11-30;2016-11-14;2.595;20.06;2015-11-30
2015-11-30;2017-04-17;2.711;52.97;2015-11-27
2015-11-30;2017-11-02;2.805;30.03;2015-11-27
2015-11-30;2018-11-19;2.917;22.68;2015-11-30
2015-11-30;2020-07-20;3.097;35.39;2015-11-30
2015-11-30;2021-04-19;3.169;69.97;2015-11-30
2015-11-30;2021-07-19;3.222;844.29;2015-11-30
2015-11-30;2025-06-02;3.575;1402.10;2015-11-30
2015-11-30;2029-08-06;3.944;27.00;2015-11-30
2015-11-30;2030-08-05;4.030;20.86;2015-11-30
2015-11-30;2035-02-19;4.315;63.06;2015-10-09
2015-11-30;2036-02-04;4.430;162.03;2015-11-30
2015-11-30;2045-02-06;4.950;1212.43;2015-11-30
2015-12-31;2016-01-30;2.448;393.29;2016-01-04
2015-12-31;2016-02-08;2.501;221.62;2016-01-04
2015-12-31;2016-03-14;2.497;246.91;2015-12-31
2015-12-31;2016-04-18;2.470;150.05;2015-12-31
2015-12-31;2016-05-30;2.505;73.17;2015-12-31
2015-12-31;2016-08-15;2.525;40.75;2015-12-31
2015-12-31;2017-02-20;2.680;23.58;2015-12-31
2015-12-31;2017-05-25;2.693;59.68;2015-12-31
2015-12-31;2019-04-05;2.941;45.21;2015-12-31
2015-12-31;2020-03-03;3.033;53.96;2015-12-29
2015-12-31;2025-06-02;3.435;169.87;2015-12-31
2015-12-31;2026-06-15;3.621;321.79;2016-01-04
2015-12-31;2029-04-16;3.773;117.22;2015-12-29
2015-12-31;2030-08-05;3.891;176.77;2015-12-29
2015-12-31;2035-02-19;4.240;126.11;2015-12-28
2015-12-31;2036-02-04;4.381;20.46;2015-12-31
2015-12-31;2046-02-19;4.920;129.95;2016-01-04
2016-01-29;2016-03-06;2.473;813.75;2016-02-01
2016-01-29;2016-03-14;2.474;902.77;2016-02-01
2016-01-29;2016-04-18;2.445;1909.88;2016-02-01
2016-01-29;2016-05-02;2.489;1801.25;2016-02-01
2016-01-29;2016-05-16;2.502;660.84;2016-02-01
2016-01-29;2016-05-30;2.460;35.16;2016-01-29
2016-01-29;2016-09-05;2.515;88.07;2016-01-28
2016-01-29;2016-10-17;2.526;39.48;2016-01-28
2016-01-29;2017-05-25;2.610;102.29;2016-01-22
2016-01-29;2017-11-02;2.643;50.39;2016-01-22
2016-01-29;2018-02-19;2.640;201.04;2016-02-01
2016-01-29;2021-10-18;2.995;1225.54;2016-02-01
2016-01-29;2025-03-01;3.449;43.82;2016-01-25
2016-01-29;2026-06-15;3.392;1593.80;2016-02-01
2016-01-29;2030-08-05;3.886;41.57;2016-01-22
2016-01-29;2035-02-19;4.240;126.11;2015-12-28
2016-01-29;2036-02-04;4.209;2212.48;2016-02-01
2016-01-29;2046-02-19;4.729;1059.45;2016-02-01
2016-02-29;2016-03-06;2.430;73.09;2016-02-29
2016-02-29;2016-04-18;2.427;671.68;2016-02-29
2016-02-29;2016-05-02;2.440;41.18;2016-02-29
2016-02-29;2016-05-16;2.458;179.75;2016-02-29
2016-02-29;2016-06-13;2.436;160.76;2016-02-29
2016-02-29;2016-11-14;2.493;20.20;2016-02-29
2016-02-29;2017-02-04;2.503;52.31;2016-02-29
2016-02-29;2018-02-19;2.590;40.33;2016-02-29
2016-02-29;2019-04-14;2.709;197.66;2016-02-29
2016-02-29;2020-07-20;2.800;124.66;2016-02-29
2016-02-29;2021-04-19;2.890;38.66;2016-02-29
2016-02-29;2021-10-18;2.899;811.73;2016-02-29
2016-02-29;2025-06-02;3.170;34.28;2016-02-26
2016-02-29;2026-06-15;3.241;298.63;2016-02-29
2016-02-29;2030-08-05;3.617;464.94;2016-02-29
2016-02-29;2036-02-04;4.048;483.72;2016-02-29
2016-02-29;2046-02-19;4.672;664.71;2016-02-29
2016-03-31;2016-04-18;2.110;129.49;2016-03-25
2016-03-31;2016-06-13;2.161;322.68;2016-03-31
2016-03-31;2016-09-05;2.190;41.01;2016-03-31
2016-03-31;2016-11-14;2.148;404.40;2016-03-31
2016-03-31;2017-02-04;2.170;23.97;2016-03-31
2016-03-31;2017-04-17;2.254;99.91;2016-03-31
2016-03-31;2017-08-15;2.250;100.83;2016-03-31
2016-03-31;2018-04-16;2.409;91.15;2016-03-31
2016-03-31;2019-04-05;2.616;42.60;2016-03-31
2016-03-31;2019-10-21;2.682;86.54;2016-03-31
2016-03-31;2021-10-18;2.620;183.05;2016-03-31
2016-03-31;2024-06-17;2.799;28.53;2016-03-31
2016-03-31;2025-06-02;2.900;124.48;2016-03-31
2016-03-31;2026-06-15;3.000;21.03;2016-03-31
2016-03-31;2030-08-05;3.251;33.58;2016-03-31
2016-03-31;2036-02-04;3.700;33.86;2016-03-31
2016-03-31;2045-02-06;4.426;16.37;2016-03-25
2016-03-31;2046-02-19;4.494;25.21;2016-03-24
2016-04-29;2016-05-16;1.900;146.30;2016-04-28
2016-04-29;2016-07-04;2.252;494.27;2016-04-19
2016-04-29;2016-07-18;2.183;303.86;2016-04-19
2016-04-29;2016-10-17;1.935;823.85;2016-05-04
2016-04-29;2017-02-20;1.940;30.40;2016-04-29
2016-04-29;2017-02-20;1.938;701.59;2016-05-04
2016-04-29;2017-09-18;1.970;30.84;2016-04-28
2016-04-29;2019-04-14;2.082;69.87;2016-04-29
2016-04-29;2020-07-20;2.243;191.64;2016-04-29
2016-04-29;2021-10-18;2.185;105.49;2016-04-29
2016-04-29;2021-10-18;2.327;1064.18;2016-05-04
2016-04-29;2025-06-02;2.638;235.23;2016-04-29
2016-04-29;2026-06-15;2.736;53.88;2016-04-29
2016-04-29;2026-06-15;2.749;30.47;2016-05-04
2016-04-29;2030-08-05;3.156;79.34;2016-04-29
2016-04-29;2036-02-04;3.495;29.07;2016-04-29
2016-04-29;2046-02-19;4.294;431.42;2016-05-04
2016-05-31;2016-06-20;1.830;23.38;2016-05-05
2016-05-31;2016-07-04;2.252;494.27;2016-04-19
2016-05-31;2016-07-18;2.183;303.86;2016-04-19
2016-05-31;2016-10-17;1.770;55.73;2016-05-31
2016-05-31;2017-02-20;1.860;30.47;2016-05-31
2016-05-31;2018-04-16;2.002;26.23;2016-05-31
2016-05-31;2019-04-14;2.070;105.34;2016-05-31
2016-05-31;2021-04-19;2.340;31.53;2016-05-31
2016-05-31;2021-10-18;2.371;26.18;2016-05-31
2016-05-31;2024-06-17;2.670;106.28;2016-05-26
2016-05-31;2026-06-15;2.802;126.92;2016-05-27
2016-05-31;2029-04-16;2.990;44.87;2016-05-27
2016-05-31;2029-08-06;3.027;26.08;2016-05-27
2016-05-31;2035-02-19;3.430;39.56;2016-05-31
2016-05-31;2036-02-04;3.500;38.11;2016-05-31
2016-05-31;2046-02-19;4.250;55.97;2016-05-30
2016-06-30;2016-07-04;2.252;494.27;2016-04-19
2016-06-30;2016-07-18;2.183;303.86;2016-04-19
2016-06-30;2016-08-15;1.800;65.47;2016-06-28
2016-06-30;2016-10-17;1.860;30.99;2016-06-28
2016-06-30;2017-05-15;2.150;30.11;2016-06-30
2016-06-30;2017-09-18;2.187;72.03;2016-06-30
2016-06-30;2019-08-02;2.119;23.07;2016-06-23
2016-06-30;2021-04-19;2.470;104.00;2016-06-30
2016-06-30;2025-06-02;2.990;39.34;2016-06-28
2016-06-30;2026-06-15;2.820;24.70;2016-06-16
2016-06-30;2030-08-05;3.231;113.05;2016-06-29
2016-06-30;2036-02-04;3.496;24.44;2016-06-30
2016-06-30;2046-02-19;4.245;34.51;2016-06-30
2016-07-29;2016-08-15;2.080;404.95;2016-07-29
2016-07-29;2016-09-26;2.080;54.03;2016-07-27
2016-07-29;2017-01-16;2.225;41.50;2016-07-29
2016-07-29;2017-02-20;2.250;34.25;2016-07-27
2016-07-29;2017-05-15;2.300;34.74;2016-07-27
2016-07-29;2018-04-16;2.478;120.20;2016-07-29
2016-07-29;2019-04-05;2.455;76.28;2016-07-28
2016-07-29;2021-10-18;2.600;38.79;2016-07-28
2016-07-29;2024-06-17;2.793;32.18;2016-07-28
2016-07-29;2025-06-02;2.946;59.90;2016-07-28
2016-07-29;2026-06-15;2.939;26.67;2016-07-28
2016-07-29;2029-04-16;3.136;48.54;2016-07-26
2016-07-29;2029-08-06;3.230;35.11;2016-07-29
2016-07-29;2030-08-05;3.270;39.51;2016-07-29
2016-07-29;2036-02-04;3.581;23.19;2016-07-28
2016-07-29;2045-02-06;4.165;84.85;2016-07-12
2016-07-29;2046-02-19;4.243;90.53;2016-07-12
2016-08-31;2016-09-05;2.200;39.32;2016-08-29
2016-08-31;2016-11-21;2.190;75.71;2016-08-23
2016-08-31;2016-11-28;2.220;192.60;2016-08-29
2016-08-31;2017-04-17;2.282;238.74;2016-08-31
2016-08-31;2017-05-25;2.306;119.89;2016-08-31
2016-08-31;2017-08-15;2.360;118.48;2016-08-31
2016-08-31;2018-05-14;2.515;60.15;2016-08-31
2016-08-31;2018-11-19;2.569;87.23;2016-08-26
2016-08-31;2021-04-19;2.775;626.74;2016-08-31
2016-08-31;2026-06-15;3.282;86.36;2016-08-31
2016-08-31;2027-06-14;3.240;597.42;2016-09-05
2016-08-31;2030-08-05;3.270;20.54;2016-08-05
2016-08-31;2036-02-04;3.740;39.88;2016-08-25
2016-08-31;2046-02-19;4.320;33.49;2016-08-11
2016-09-30;2016-10-17;2.180;289.58;2016-09-30
2016-09-30;2016-11-14;2.110;164.10;2016-09-30
2016-09-30;2016-11-14;2.180;153.73;2016-09-19
2016-09-30;2016-11-21;2.180;89.11;2016-09-30
2016-09-30;2016-12-14;2.180;40.01;2016-09-19
2016-09-30;2017-03-06;2.200;64.74;2016-09-30
2016-09-30;2017-05-25;2.240;101.40;2016-09-30
2016-09-30;2017-09-18;2.330;95.47;2016-09-30
2016-09-30;2017-11-02;2.397;182.29;2016-09-30
2016-09-30;2018-04-16;2.455;148.13;2016-09-30
2016-09-30;2020-03-03;2.667;39.79;2016-09-26
2016-09-30;2021-10-18;2.790;31.06;2016-09-29
2016-09-30;2025-06-02;3.180;56.98;2016-09-30
2016-09-30;2029-04-16;3.350;133.12;2016-09-26
2016-09-30;2029-08-06;3.369;133.06;2016-09-26
2016-09-30;2036-02-04;3.820;39.59;2016-09-23
2016-09-30;2046-02-19;4.380;47.71;2016-09-08
2016-10-31;2016-11-14;2.100;25.58;2016-10-31
2016-10-31;2017-01-09;2.080;92.65;2016-10-19
2016-10-31;2017-02-20;2.108;1574.38;2016-11-01
2016-10-31;2017-03-20;2.150;60.47;2016-10-28
2016-10-31;2017-04-17;2.152;3247.32;2016-11-01
2016-10-31;2017-05-01;2.150;25.60;2016-10-31
2016-10-31;2017-05-25;2.173;66.06;2016-10-31
2016-10-31;2017-09-18;2.220;20.10;2016-10-31
2016-10-31;2018-05-14;2.330;80.75;2016-10-31
2016-10-31;2018-08-22;2.355;95.60;2016-10-31
2016-10-31;2018-11-19;2.380;109.92;2016-10-31
2016-10-31;2019-04-14;2.440;554.93;2016-10-31
2016-10-31;2020-04-20;2.520;51.48;2016-10-31
2016-10-31;2021-07-19;2.589;95.11;2016-10-31
2016-10-31;2025-06-02;2.950;227.70;2016-10-31
2016-10-31;2027-06-14;3.121;394.81;2016-10-31
2016-10-31;2030-08-05;3.370;43.10;2016-10-27
2016-10-31;2036-08-18;3.850;454.08;2016-11-01
2016-10-31;2046-02-19;4.275;24.95;2016-10-27
2016-11-30;2017-01-15;2.050;70.12;2016-11-28
2016-11-30;2017-01-16;2.050;37.09;2016-11-28
2016-11-30;2017-01-30;2.050;82.84;2016-11-28
2016-11-30;2017-05-15;2.148;43.73;2016-11-23
2016-11-30;2017-09-18;2.246;70.64;2016-11-30
2016-11-30;2018-11-19;2.415;178.71;2016-11-30
2016-11-30;2018-12-05;2.412;799.82;2016-12-05
2016-11-30;2020-04-20;2.494;41.30;2016-11-29
2016-11-30;2021-04-19;2.570;43.60;2016-11-29
2016-11-30;2024-04-05;2.812;70.27;2016-11-25
2016-11-30;2027-06-14;3.060;26.67;2016-11-15
2016-11-30;2030-08-05;3.310;54.31;2016-11-16
2016-11-30;2036-02-04;3.694;28.91;2016-11-22
2016-11-30;2046-02-19;4.195;14.97;2016-11-22
2016-12-30;2017-02-13;2.173;31.57;2016-12-30
2016-12-30;2017-03-06;2.172;31.68;2016-12-30
2016-12-30;2017-05-25;2.224;31.51;2016-12-30
2016-12-30;2017-07-17;2.250;307.72;2016-12-30
2016-12-30;2017-08-15;2.266;31.39;2016-12-30
2016-12-30;2017-09-18;2.286;25.27;2016-12-30
2016-12-30;2018-01-15;2.390;68.73;2016-12-30
2016-12-30;2018-04-16;2.403;120.40;2016-12-30
2016-12-30;2018-05-14;2.445;20.54;2016-12-30
2016-12-30;2019-08-02;2.565;49.41;2016-12-30
2016-12-30;2019-10-21;2.525;21.93;2016-12-30
2016-12-30;2020-02-28;2.609;135.91;2016-12-30
2016-12-30;2020-03-03;2.610;49.19;2016-12-30
2016-12-30;2020-09-05;2.612;33.30;2016-12-30
2016-12-30;2022-05-16;2.690;100.13;2016-12-30
2016-12-30;2026-06-15;3.140;42.53;2016-12-30
2016-12-30;2029-04-16;3.410;254.76;2016-12-29
2016-12-30;2029-08-06;3.305;37.19;2016-12-29
2016-12-30;2030-08-05;3.446;69.82;2016-12-19
2016-12-30;2036-02-04;3.831;456.06;2016-12-21
2016-12-30;2046-02-19;4.190;15.05;2016-12-29
2017-01-31;2017-02-13;2.226;500.83;2017-01-31
2017-01-31;2017-02-20;2.093;172.45;2017-01-31
2017-01-31;2017-04-17;2.191;51.73;2017-01-30
2017-01-31;2017-07-17;2.270;102.77;2017-01-31
2017-01-31;2017-08-07;2.290;500.00;2017-02-06
2017-01-31;2017-09-18;2.350;75.72;2017-01-31
2017-01-31;2018-05-14;2.530;49.95;2017-01-31
2017-01-31;2018-06-16;2.501;27.96;2017-01-31
2017-01-31;2018-12-05;2.606;3141.49;2017-02-06
2017-01-31;2020-03-03;2.700;88.10;2017-01-31
2017-01-31;2022-10-17;2.989;1095.23;2017-01-31
2017-01-31;2025-06-02;3.230;56.21;2017-01-20
2017-01-31;2027-04-19;3.335;175.91;2017-01-24
2017-01-31;2030-08-05;3.437;67.49;2017-01-17
2017-01-31;2036-02-04;3.782;23.04;2017-01-31
2017-01-31;2036-12-04;3.814;23.13;2017-01-31
2017-01-31;2046-02-19;4.190;15.05;2016-12-29
2017-02-28;2017-04-17;2.167;559.92;2017-02-28
2017-02-28;2017-05-15;2.160;25.44;2017-02-21
2017-02-28;2017-07-17;2.125;1729.14;2017-02-28
2017-02-28;2017-08-15;2.168;47.79;2017-02-28
2017-02-28;2017-09-18;2.175;108.53;2017-02-28
2017-02-28;2017-11-02;2.194;349.53;2017-02-28
2017-02-28;2018-04-16;2.345;53.05;2017-02-28
2017-02-28;2018-05-14;2.379;101.65;2017-02-28
2017-02-28;2019-03-18;2.475;500.47;2017-03-06
2017-02-28;2019-03-18;2.480;50.02;2017-02-28
2017-02-28;2019-10-18;2.550;25.60;2017-02-28
2017-02-28;2022-10-17;2.890;2160.45;2017-02-28
2017-02-28;2024-06-17;3.037;83.57;2017-02-28
2017-02-28;2027-06-14;3.281;2419.56;2017-03-06
2017-02-28;2027-06-14;3.319;296.28;2017-02-28
2017-02-28;2029-08-06;3.544;31.34;2017-02-28
2017-02-28;2030-08-05;3.550;53.46;2017-02-20
2017-02-28;2036-08-18;4.000;96.96;2017-03-06
2017-02-28;2046-02-19;4.185;13.62;2017-02-14
2017-03-31;2017-05-01;2.115;61.12;2017-03-30
2017-03-31;2017-05-15;2.115;20.40;2017-03-30
2017-03-31;2017-05-15;2.115;46.89;2017-03-17
2017-03-31;2017-09-18;2.202;226.86;2017-03-31
2017-03-31;2018-01-15;2.222;52.66;2017-03-30
2017-03-31;2019-03-18;2.457;20.06;2017-03-31
2017-03-31;2020-03-03;2.577;105.17;2017-03-31
2017-03-31;2021-07-19;2.640;26.65;2017-03-31
2017-03-31;2022-05-16;2.740;44.55;2017-03-31
2017-03-31;2024-06-17;3.083;103.84;2017-03-30
2017-03-31;2025-06-02;3.124;79.72;2017-03-30
2017-03-31;2026-06-15;3.161;160.47;2017-03-30
2017-03-31;2027-06-14;3.220;30.47;2017-03-31
2017-03-31;2029-08-06;3.561;232.05;2017-03-31
2017-03-31;2030-08-05;3.480;32.42;2017-03-30
2017-03-31;2036-02-04;3.827;62.99;2017-03-30
2017-03-31;2046-02-19;4.401;29.10;2017-03-30
2017-04-28;2017-05-25;2.146;2441.80;2017-05-03
2017-04-28;2017-05-25;2.115;107.36;2017-04-28
2017-04-28;2017-07-17;2.141;98.22;2017-05-03
2017-04-28;2017-09-18;2.185;106.81;2017-04-28
2017-04-28;2018-01-15;2.220;21.12;2017-04-28
2017-04-28;2018-05-14;2.280;32.64;2017-04-27
2017-04-28;2018-07-09;2.290;41.50;2017-04-27
2017-04-28;2019-03-18;2.413;43.54;2017-04-27
2017-04-28;2019-10-18;2.465;59.42;2017-04-24
2017-04-28;2023-04-03;2.891;2418.68;2017-05-03
2017-04-28;2026-06-15;3.183;107.06;2017-04-27
2017-04-28;2027-06-14;3.275;15.51;2017-05-03
2017-04-28;2031-07-18;3.770;30.91;2017-05-03
2017-04-28;2036-08-18;3.995;75.66;2017-05-03
2017-04-28;2046-02-19;4.350;53.90;2017-04-18
2017-05-31;2017-07-17;2.146;517.77;2017-05-30
2017-05-31;2017-08-15;2.120;51.12;2017-05-31
2017-05-31;2017-09-18;2.103;142.83;2017-05-31
2017-05-31;2018-01-15;2.186;30.38;2017-05-30
2017-05-31;2018-02-19;2.210;37.51;2017-05-30
2017-05-31;2018-03-19;2.250;25.93;2017-05-30
2017-05-31;2018-05-14;2.250;61.51;2017-05-30
2017-05-31;2018-08-22;2.335;35.30;2017-05-31
2017-05-31;2018-10-10;2.324;23.70;2017-05-31
2017-05-31;2019-10-21;2.465;316.94;2017-05-30
2017-05-31;2022-05-16;2.790;657.35;2017-05-31
2017-05-31;2022-10-17;2.839;50.53;2017-05-31
2017-05-31;2023-04-03;2.892;264.60;2017-05-31
2017-05-31;2024-06-17;3.032;342.22;2017-05-31
2017-05-31;2027-06-14;3.337;101.11;2017-05-31
2017-05-31;2029-08-06;3.580;43.17;2017-05-31
2017-05-31;2030-08-05;3.569;30.16;2017-05-30
2017-05-31;2036-12-04;4.067;22.77;2017-05-30
2017-05-31;2045-02-06;4.421;16.81;2017-05-22
2017-05-31;2046-02-19;4.450;21.51;2017-05-18
2017-06-30;2017-08-15;2.245;2519.29;2017-06-30
2017-06-30;2017-09-18;2.245;166.12;2017-06-23
2017-06-30;2017-09-18;2.150;49.21;2017-06-13
2017-06-30;2018-02-19;2.312;101.23;2017-06-30
2017-06-30;2018-05-14;2.360;50.06;2017-06-30
2017-06-30;2018-06-16;2.353;62.29;2017-06-30
2017-06-30;2018-12-05;2.435;50.65;2017-06-29
2017-06-30;2020-04-20;2.537;81.33;2017-06-29
2017-06-30;2023-04-03;2.880;30.02;2017-06-30
2017-06-30;2026-06-15;3.230;51.11;2017-06-30
2017-06-30;2029-04-16;3.482;36.40;2017-06-29
2017-06-30;2029-08-06;3.600;50.34;2017-06-29
2017-06-30;2030-08-05;3.706;389.06;2017-06-23
2017-06-30;2031-07-18;3.771;146.07;2017-06-23
2017-06-30;2036-02-04;4.045;11.38;2017-06-30
2017-06-30;2046-02-19;4.447;12.66;2017-06-30
2017-07-31;2017-08-15;2.345;1251.80;2017-08-01
2017-07-31;2017-08-15;2.250;35.91;2017-07-31
2017-07-31;2017-09-18;2.282;1624.67;2017-08-01
2017-07-31;2017-09-18;2.255;66.51;2017-07-31
2017-07-31;2017-09-18;2.252;220.87;2017-07-17
2017-07-31;2017-11-02;2.260;153.19;2017-07-28
2017-07-31;2018-04-16;2.296;2746.15;2017-08-01
2017-07-31;2018-11-19;2.407;32.03;2017-07-31
2017-07-31;2018-12-05;2.402;101.56;2017-07-31
2017-07-31;2020-04-20;2.583;210.52;2017-07-28
2017-07-31;2021-04-19;2.694;65.01;2017-07-28
2017-07-31;2023-04-03;2.926;3433.98;2017-08-01
2017-07-31;2027-06-14;3.352;101.50;2017-07-26
2017-07-31;2029-08-06;3.585;36.58;2017-07-20
2017-07-31;2031-07-18;3.767;2190.47;2017-08-01
2017-07-31;2036-02-04;4.043;319.89;2017-07-24
2017-07-31;2046-02-19;4.430;42.13;2017-07-31
2017-08-31;2017-09-18;2.220;41.02;2017-08-18
2017-08-31;2017-11-27;2.170;50.00;2017-08-29
2017-08-31;2018-02-19;2.250;35.58;2017-08-31
2017-08-31;2018-04-16;2.255;2560.56;2017-09-05
2017-08-31;2018-09-17;2.405;50.05;2017-08-31
2017-08-31;2018-12-05;2.430;30.01;2017-08-31
2017-08-31;2020-07-20;2.600;21.36;2017-08-31
2017-08-31;2020-09-05;2.606;42.13;2017-08-31
2017-08-31;2021-07-19;2.719;98.16;2017-08-31
2017-08-31;2022-05-16;2.795;336.78;2017-08-31
2017-08-31;2023-04-03;2.914;643.29;2017-09-05
2017-08-31;2023-04-03;2.911;50.20;2017-08-31
2017-08-31;2027-06-14;3.299;41.23;2017-09-05
2017-08-31;2030-08-05;3.650;31.13;2017-08-23
2017-08-31;2031-07-18;3.740;1876.69;2017-09-05
2017-08-31;2036-02-04;4.010;32.25;2017-08-31
2017-08-31;2046-02-19;4.446;33.35;2017-08-04
2017-09-29;2017-10-14;2.180;84.91;2017-09-29
2017-09-29;2017-11-02;2.177;1833.02;2017-10-03
2017-09-29;2017-11-27;2.180;100.12;2017-09-18
2017-09-29;2018-02-19;2.215;26.48;2017-09-28
2017-09-29;2018-05-14;2.248;238.83;2017-09-29
2017-09-29;2018-06-16;2.261;62.70;2017-09-29
2017-09-29;2018-07-09;2.274;30.50;2017-09-29
2017-09-29;2018-08-22;2.286;191.90;2017-09-29
2017-09-29;2018-11-19;2.369;1480.85;2017-10-03
2017-09-29;2019-04-14;2.393;28.48;2017-09-29
2017-09-29;2020-04-20;2.510;122.85;2017-09-29
2017-09-29;2023-06-19;2.859;866.85;2017-10-03
2017-09-29;2025-06-02;3.049;27.90;2017-09-29
2017-09-29;2027-06-14;3.230;182.34;2017-10-03
2017-09-29;2029-08-06;3.380;22.58;2017-09-28
2017-09-29;2031-07-18;3.644;1987.93;2017-10-03
2017-09-29;2036-08-18;3.950;35.41;2017-10-03
2017-09-29;2046-02-19;4.349;241.98;2017-10-03
2017-10-31;2017-11-02;2.150;66.34;2017-10-23
2017-10-31;2017-11-27;2.150;44.35;2017-10-23
2017-10-31;2018-01-15;2.150;128.81;2017-10-31
2017-10-31;2018-03-19;2.170;66.88;2017-10-31
2017-10-31;2018-05-08;2.190;300.00;2017-11-07
2017-10-31;2018-05-14;2.192;23.45;2017-10-31
2017-10-31;2019-10-21;2.425;65.25;2017-10-31
2017-10-31;2019-11-07;2.421;149.94;2017-11-07
2017-10-31;2023-04-03;2.810;25.84;2017-10-27
2017-10-31;2024-06-17;2.917;190.89;2017-10-27
2017-10-31;2027-06-14;3.256;567.83;2017-11-07
2017-10-31;2029-04-16;3.381;306.93;2017-10-27
2017-10-31;2031-07-18;3.577;26.93;2017-10-31
2017-10-31;2036-02-04;3.879;115.39;2017-10-26
2017-10-31;2046-02-19;4.350;339.09;2017-10-02
2017-11-30;2018-01-15;2.159;26.83;2017-11-28
2017-11-30;2018-02-19;2.158;112.47;2017-11-28
2017-11-30;2018-04-16;2.179;103.54;2017-11-30
2017-11-30;2018-09-17;2.260;100.77;2017-11-30
2017-11-30;2018-10-10;2.270;100.46;2017-11-30
2017-11-30;2018-11-19;2.280;41.08;2017-11-30
2017-11-30;2019-08-02;2.412;26.75;2017-11-30
2017-11-30;2019-10-21;2.435;52.06;2017-11-30
2017-11-30;2020-09-05;2.537;33.32;2017-11-30
2017-11-30;2020-11-14;2.559;82.03;2017-11-30
2017-11-30;2020-12-12;2.567;82.49;2017-11-30
2017-11-30;2021-07-19;2.632;77.19;2017-11-30
2017-11-30;2021-10-18;2.665;37.31;2017-11-30
2017-11-30;2022-02-05;2.700;94.63;2017-11-30
2017-11-30;2023-08-05;2.865;94.62;2017-11-30
2017-11-30;2024-06-17;2.955;245.93;2017-11-30
2017-11-30;2025-06-02;3.045;145.86;2017-11-30
2017-11-30;2026-06-05;3.140;98.54;2017-11-30
2017-11-30;2027-06-14;3.245;103.54;2017-11-30
2017-11-30;2029-04-16;3.403;148.68;2017-11-29
2017-11-30;2031-07-18;3.570;1155.51;2017-11-28
2017-11-30;2035-02-19;3.820;29.25;2017-11-30
2017-11-30;2036-02-04;3.915;33.82;2017-11-30
2017-11-30;2046-02-19;4.350;339.09;2017-10-02
2017-12-29;2018-01-15;2.200;65.00;2017-12-20
2017-12-29;2018-03-19;2.184;76.38;2017-12-28
2017-12-29;2018-06-16;2.350;52.51;2017-12-27
2017-12-29;2018-09-17;2.362;40.35;2017-12-29
2017-12-29;2018-10-10;2.380;80.44;2017-12-29
2017-12-29;2018-11-19;2.392;270.01;2017-12-29
2017-12-29;2018-12-05;2.370;513.78;2017-12-29
2017-12-29;2019-01-14;2.400;55.63;2017-12-29
2017-12-29;2019-03-18;2.433;49.04;2017-12-29
2017-12-29;2019-04-14;2.460;40.29;2017-12-29
2017-12-29;2019-09-16;2.533;160.81;2017-12-29
2017-12-29;2020-04-20;2.577;39.29;2017-12-29
2017-12-29;2020-07-20;2.605;55.90;2017-12-29
2017-12-29;2021-10-18;2.798;50.84;2017-12-29
2017-12-29;2023-04-03;2.800;244.52;2017-12-29
2017-12-29;2027-06-14;3.200;270.82;2017-12-29
2017-12-29;2029-04-16;3.513;430.89;2017-12-29
2017-12-29;2031-07-18;3.650;24.84;2017-12-28
2017-12-29;2036-08-18;3.877;145.49;2017-12-29
2017-12-29;2046-02-19;4.326;56.28;2017-12-28
2018-01-31;2018-02-19;2.240;30.79;2018-01-30
2018-01-31;2018-04-16;2.250;24.42;2018-01-30
2018-01-31;2018-07-09;2.285;85.44;2018-01-29
2018-01-31;2019-01-14;2.385;50.30;2018-01-31
2018-01-31;2019-04-14;2.409;31.05;2018-01-31
2018-01-31;2019-08-02;2.439;30.50;2018-01-31
2018-01-31;2019-09-16;2.536;42.74;2018-01-31
2018-01-31;2019-10-21;2.531;94.05;2018-01-31
2018-01-31;2021-01-02;2.592;109.34;2018-01-31
2018-01-31;2022-10-17;2.887;224.08;2018-01-31
2018-01-31;2025-06-02;3.114;47.17;2018-01-31
2018-01-31;2028-06-19;3.357;149.23;2018-02-05
2018-01-31;2031-07-18;3.682;275.55;2018-01-26
2018-01-31;2035-02-19;3.823;161.63;2018-01-26
2018-01-31;2046-02-19;4.340;58.00;2018-01-19
2018-02-28;2018-04-16;2.250;71.40;2018-02-27
2018-02-28;2018-05-14;2.259;460.44;2018-02-27
2018-02-28;2018-08-22;2.280;50.66;2018-02-26
2018-02-28;2018-09-17;2.290;48.73;2018-02-28
2018-02-28;2018-12-05;2.322;51.70;2018-02-28
2018-02-28;2019-04-14;2.412;426.09;2018-02-28
2018-02-28;2020-05-18;2.480;50.15;2018-02-28
2018-02-28;2022-10-17;2.740;334.11;2018-02-28
2018-02-28;2023-06-19;2.814;506.94;2018-02-28
2018-02-28;2025-06-02;3.000;40.80;2018-02-28
2018-02-28;2027-04-19;3.175;56.69;2018-02-28
2018-02-28;2027-06-14;3.210;251.64;2018-02-28
2018-02-28;2029-04-16;3.375;62.61;2018-02-28
2018-02-28;2031-07-18;3.585;213.86;2018-02-28
2018-02-28;2035-02-19;3.816;141.02;2018-02-27
2018-02-28;2046-02-19;4.339;27.06;2018-02-22
2018-03-30;2018-05-14;2.220;61.15;2018-03-30
2018-03-30;2018-06-25;2.185;71.31;2018-03-29
2018-03-30;2018-09-17;2.227;148.55;2018-03-30
2018-03-30;2019-01-14;2.284;22.13;2018-03-30
2018-03-30;2019-03-18;2.316;152.34;2018-03-30
2018-03-30;2019-09-16;2.400;74.20;2018-03-30
2018-03-30;2019-11-07;2.410;211.62;2018-03-30
2018-03-30;2020-05-18;2.461;132.01;2018-03-30
2018-03-30;2023-06-19;2.777;101.80;2018-03-30
2018-03-30;2025-06-02;3.030;34.02;2018-03-30
2018-03-30;2027-06-14;3.120;36.96;2018-03-30
2018-03-30;2029-04-16;3.340;161.19;2018-03-30
2018-03-30;2031-07-18;3.550;162.61;2018-03-29
2018-03-30;2036-02-04;3.887;20.90;2018-03-30
2018-03-30;2038-08-16;4.005;99.20;2018-04-02
2018-03-30;2046-02-19;4.336;108.43;2018-03-06
2018-04-30;2018-05-14;2.200;339.40;2018-04-26
2018-04-30;2018-06-16;2.225;31.75;2018-04-20
2018-04-30;2018-08-22;2.257;350.88;2018-04-27
2018-04-30;2018-09-17;2.267;20.14;2018-04-27
2018-04-30;2018-10-10;2.272;60.83;2018-04-27
2018-04-30;2018-12-05;2.290;20.20;2018-04-30
2018-04-30;2019-10-21;2.422;37.49;2018-04-30
2018-04-30;2021-07-19;2.605;97.63;2018-04-26
2018-04-30;2023-08-05;2.780;107.08;2018-04-27
2018-04-30;2025-06-02;3.002;185.35;2018-04-26
2018-04-30;2028-06-19;3.257;101.06;2018-04-26
2018-04-30;2029-08-06;3.300;243.56;2018-04-26
2018-04-30;2033-07-18;3.690;1023.58;2018-05-02
2018-04-30;2035-02-19;3.769;74.47;2018-04-25
2018-04-30;2038-08-16;3.971;104.83;2018-04-17
2018-04-30;2046-02-19;4.336;108.43;2018-03-06
2018-05-31;2018-06-16;2.250;84.88;2018-05-31
2018-05-31;2018-07-09;2.250;75.06;2018-05-09
2018-05-31;2018-09-17;2.273;24.97;2018-05-31
2018-05-31;2018-10-10;2.286;84.83;2018-05-31
2018-05-31;2018-12-05;2.320;20.23;2018-05-29
2018-05-31;2019-10-18;2.467;60.71;2018-05-31
2018-05-31;2019-11-07;2.470;50.62;2018-05-31
2018-05-31;2020-03-03;2.506;32.25;2018-05-31
2018-05-31;2020-07-20;2.537;51.91;2018-05-31
2018-05-31;2021-07-19;2.621;52.15;2018-05-31
2018-05-31;2023-04-03;2.795;30.93;2018-05-31
2018-05-31;2023-08-05;2.830;34.74;2018-05-31
2018-05-31;2025-10-03;3.045;61.38;2018-05-31
2018-05-31;2026-01-02;3.029;73.17;2018-05-31
2018-05-31;2028-06-19;3.290;60.65;2018-05-31
2018-05-31;2029-04-16;3.354;120.87;2018-05-31
2018-05-31;2029-08-06;3.378;80.38;2018-05-31
2018-05-31;2031-07-18;3.537;47.45;2018-05-29
2018-05-31;2036-12-04;3.866;132.54;2018-05-31
2018-05-31;2046-02-19;4.355;65.52;2018-05-31
2018-06-29;2018-07-09;2.258;829.43;2018-06-29
2018-06-29;2018-08-22;2.296;234.68;2018-07-03
2018-06-29;2018-08-22;2.277;354.09;2018-06-29
2018-06-29;2018-09-17;2.275;217.88;2018-06-29
2018-06-29;2018-10-10;2.266;194.87;2018-07-03
2018-06-29;2018-12-05;2.294;359.57;2018-06-29
2018-06-29;2019-01-14;2.323;65.85;2018-06-29
2018-06-29;2019-03-18;2.349;72.68;2018-07-03
2018-06-29;2019-03-18;2.348;43.03;2018-06-29
2018-06-29;2019-04-14;2.349;513.70;2018-07-03
2018-06-29;2019-04-14;2.361;154.88;2018-06-29
2018-06-29;2019-05-20;2.378;230.80;2018-06-29
2018-06-29;2019-09-16;2.462;102.17;2018-06-29
2018-06-29;2020-03-03;2.505;100.68;2018-06-29
2018-06-29;2020-04-20;2.516;233.03;2018-06-29
2018-06-29;2020-05-18;2.510;142.09;2018-06-29
2018-06-29;2020-08-17;2.531;64.06;2018-06-29
2018-06-29;2021-10-18;2.637;71.48;2018-06-29
2018-06-29;2022-04-18;2.683;130.67;2018-06-29
2018-06-29;2022-10-17;2.729;75.75;2018-06-29
2018-06-29;2023-04-03;2.720;31.10;2018-06-29
2018-06-29;2023-06-19;2.775;225.41;2018-06-29
2018-06-29;2023-10-16;2.815;965.31;2018-07-03
2018-06-29;2027-06-14;3.149;55.29;2018-06-29
2018-06-29;2028-06-19;3.264;51.10;2018-07-03
2018-06-29;2028-06-19;3.261;280.91;2018-06-29
2018-06-29;2030-08-05;3.454;631.51;2018-06-29
2018-06-29;2031-07-18;3.536;318.60;2018-06-29
2018-06-29;2034-03-31;3.690;124.85;2018-06-29
2018-06-29;2036-02-04;3.796;661.85;2018-06-29
2018-06-29;2036-08-18;3.812;199.34;2018-06-29
2018-06-29;2036-12-04;3.821;288.08;2018-06-29
2018-06-29;2046-02-19;4.350;33.66;2018-06-29
2018-07-31;2018-08-22;2.285;34.89;2018-07-31
2018-07-31;2018-10-10;2.287;77.00;2018-07-31
2018-07-31;2019-01-14;2.303;708.61;2018-07-31
2018-07-31;2019-03-18;2.343;100.99;2018-07-31
2018-07-31;2019-05-20;2.367;202.45;2018-07-31
2018-07-31;2020-03-03;2.498;21.87;2018-07-31
2018-07-31;2020-04-20;2.513;31.68;2018-07-31
2018-07-31;2020-08-17;2.553;50.14;2018-07-31
2018-07-31;2020-09-14;2.558;2245.01;2018-07-31
2018-07-31;2023-04-03;2.760;41.47;2018-07-26
2018-07-31;2023-06-19;2.772;25.68;2018-07-26
2018-07-31;2024-06-17;2.867;102.96;2018-07-26
2018-07-31;2025-06-02;2.930;232.35;2018-07-26
2018-07-31;2028-06-19;3.274;2077.19;2018-08-06
2018-07-31;2029-08-06;3.352;62.18;2018-07-26
2018-07-31;2030-08-05;3.443;40.44;2018-07-26
2018-07-31;2031-07-18;3.531;27.34;2018-07-19
2018-07-31;2035-02-19;3.774;125.27;2018-07-31
2018-07-31;2046-02-19;4.348;33.76;2018-07-20
2018-08-31;2018-09-17;2.300;20.09;2018-08-31
2018-08-31;2018-11-19;2.301;40.72;2018-08-24
2018-08-31;2018-12-05;2.303;20.05;2018-08-31
2018-08-31;2019-05-20;2.357;30.43;2018-08-30
2018-08-31;2019-06-17;2.385;37.27;2018-08-30
2018-08-31;2019-11-07;2.478;49.40;2018-08-31
2018-08-31;2020-08-17;2.580;86.38;2018-08-31
2018-08-31;2020-09-14;2.567;20.04;2018-08-31
2018-08-31;2023-04-03;2.792;250.20;2018-08-30
2018-08-31;2023-06-19;2.813;283.05;2018-08-30
2018-08-31;2027-06-14;3.210;65.28;2018-08-30
2018-08-31;2028-06-19;3.300;81.46;2018-08-30
2018-08-31;2031-07-18;3.540;62.40;2018-08-30
2018-08-31;2034-03-31;3.730;197.98;2018-08-13
2018-08-31;2036-02-04;3.792;32.99;2018-08-16
2018-08-31;2038-08-16;3.920;20.36;2018-08-13
2018-08-31;2046-02-19;4.348;33.76;2018-07-20
2018-09-28;2018-11-19;2.275;1964.16;2018-10-02
2018-09-28;2018-12-05;2.300;52.92;2018-09-28
2018-09-28;2019-03-18;2.335;25.65;2018-09-28
2018-09-28;2019-04-14;2.337;573.17;2018-10-02
2018-09-28;2019-05-20;2.363;68.59;2018-09-28
2018-09-28;2019-11-07;2.484;168.37;2018-09-28
2018-09-28;2019-12-16;2.495;116.20;2018-09-28
2018-09-28;2020-04-20;2.543;181.29;2018-09-28
2018-09-28;2020-05-18;2.556;357.27;2018-09-28
2018-09-28;2020-08-17;2.583;45.28;2018-09-28
2018-09-28;2020-09-14;2.595;148.64;2018-09-28
2018-09-28;2020-11-09;2.610;390.41;2018-09-28
2018-09-28;2020-11-14;2.610;148.65;2018-09-28
2018-09-28;2022-05-16;2.732;40.05;2018-09-28
2018-09-28;2022-10-17;2.767;115.80;2018-09-28
2018-09-28;2023-04-03;2.806;208.18;2018-09-28
2018-09-28;2023-06-19;2.830;180.18;2018-09-28
2018-09-28;2023-10-16;2.867;2538.22;2018-10-02
2018-09-28;2023-10-16;2.847;203.29;2018-09-28
2018-09-28;2024-06-17;2.910;79.96;2018-09-28
2018-09-28;2026-01-02;3.078;38.07;2018-09-28
2018-09-28;2026-06-15;3.080;44.96;2018-09-28
2018-09-28;2027-06-14;3.215;131.05;2018-09-28
2018-09-28;2028-06-19;3.272;39.90;2018-09-28
2018-09-28;2029-04-16;3.350;53.78;2018-09-27
2018-09-28;2031-07-18;3.551;131.41;2018-09-27
2018-09-28;2033-07-18;3.620;50.16;2018-09-27
2018-09-28;2036-02-04;3.777;11.84;2018-09-28
2018-09-28;2046-02-19;4.337;34.09;2018-09-28
2018-10-31;2018-11-12;2.297;55.44;2018-10-25
2018-10-31;2018-11-19;2.297;41.93;2018-10-25
2018-10-31;2019-01-14;2.310;102.40;2018-10-25
2018-10-31;2019-03-18;2.330;101.56;2018-10-26
2018-10-31;2019-09-16;2.417;35.10;2018-10-31
2018-10-31;2019-11-07;2.476;54.00;2018-10-31
2018-10-31;2019-12-16;2.495;307.42;2018-10-31
2018-10-31;2020-05-18;2.532;30.56;2018-10-31
2018-10-31;2020-11-09;2.603;652.12;2018-10-31
2018-10-31;2021-10-18;2.700;101.23;2018-10-31
2018-10-31;2022-05-16;2.725;853.34;2018-10-31
2018-10-31;2023-06-19;2.810;177.28;2018-10-31
2018-10-31;2023-10-16;2.810;100.96;2018-10-31
2018-10-31;2028-06-19;3.290;102.47;2018-10-31
2018-10-31;2030-08-05;3.535;119.36;2018-10-31
2018-10-31;2034-03-31;3.716;100.56;2018-10-31
2018-10-31;2036-02-04;3.775;33.27;2018-10-19
2018-10-31;2046-02-19;4.336;33.40;2018-10-19
2018-11-30;2018-12-05;2.307;317.22;2018-11-29
2018-11-30;2019-01-14;2.307;114.56;2018-11-19
2018-11-30;2019-05-20;2.356;51.02;2018-11-30
2018-11-30;2019-09-16;2.413;92.05;2018-11-30
2018-11-30;2019-10-21;2.426;177.52;2018-11-30
2018-11-30;2019-11-07;2.429;45.04;2018-11-30
2018-11-30;2019-12-16;2.489;36.82;2018-11-30
2018-11-30;2020-01-20;2.491;324.92;2018-11-30
2018-11-30;2020-03-03;2.512;150.34;2018-11-30
2018-11-30;2020-04-20;2.524;30.71;2018-11-30
2018-11-30;2020-05-18;2.534;236.85;2018-11-30
2018-11-30;2020-06-06;2.540;82.19;2018-11-30
2018-11-30;2020-07-20;2.551;32.33;2018-11-30
2018-11-30;2020-09-14;2.570;88.75;2018-11-30
2018-11-30;2020-11-09;2.584;386.40;2018-11-30
2018-11-30;2020-11-14;2.585;105.34;2018-11-30
2018-11-30;2021-02-15;2.615;50.11;2018-11-30
2018-11-30;2021-07-19;2.654;21.71;2018-11-30
2018-11-30;2021-10-18;2.682;32.68;2018-11-30
2018-11-30;2022-04-18;2.740;536.20;2018-11-30
2018-11-30;2023-06-19;2.828;175.90;2018-11-30
2018-11-30;2023-10-16;2.830;98.17;2018-11-30
2018-11-30;2026-01-02;3.072;38.28;2018-11-30
2018-11-30;2026-06-05;3.116;24.93;2018-11-30
2018-11-30;2028-06-19;3.290;41.10;2018-11-30
2018-11-30;2030-08-05;3.520;52.89;2018-11-29
2018-11-30;2033-07-18;3.714;412.10;2018-11-30
2018-11-30;2036-02-04;3.765;106.75;2018-11-02
2018-11-30;2046-02-19;4.336;33.40;2018-10-19
2018-12-31;2019-01-14;2.332;41.13;2018-12-31
2018-12-31;2019-03-18;2.332;305.91;2018-12-28
2018-12-31;2019-04-14;2.352;20.79;2018-12-31
2018-12-31;2019-08-02;2.421;68.28;2018-12-28
2018-12-31;2019-09-16;2.403;51.35;2018-12-28
2018-12-31;2019-10-18;2.435;46.65;2018-12-28
2018-12-31;2019-10-21;2.430;66.21;2018-12-28
2018-12-31;2019-12-16;2.460;100.79;2018-12-28
2018-12-31;2020-08-17;2.554;61.82;2018-12-31
2018-12-31;2020-09-14;2.563;25.27;2018-12-31
2018-12-31;2021-04-19;2.634;42.50;2018-12-31
2018-12-31;2022-05-16;2.716;40.35;2018-12-31
2018-12-31;2023-10-16;2.830;304.03;2018-12-31
2018-12-31;2027-06-14;3.223;355.50;2018-12-31
2018-12-31;2028-06-19;3.312;31.88;2018-12-31
2018-12-31;2029-04-16;3.411;66.84;2018-12-28
2018-12-31;2030-05-03;3.465;26.76;2018-12-28
2018-12-31;2033-07-18;3.704;155.11;2018-12-27
2018-12-31;2034-03-31;3.760;53.87;2018-12-27
2018-12-31;2036-12-04;3.762;32.95;2018-12-31
2018-12-31;2046-02-19;4.326;195.25;2018-12-28
2019-01-31;2019-03-18;2.320;204.38;2019-01-30
2019-01-31;2019-03-18;2.360;102.13;2019-01-21
2019-01-31;2019-06-17;2.370;25.17;2019-01-31
2019-01-31;2019-09-16;2.398;136.24;2019-01-31
2019-01-31;2019-12-16;2.421;131.37;2019-01-31
2019-01-31;2020-05-18;2.500;53.85;2019-01-31
2019-01-31;2020-07-20;2.510;53.80;2019-01-31
2019-01-31;2020-09-14;2.523;155.08;2019-01-31
2019-01-31;2021-04-19;2.569;107.25;2019-01-31
2019-01-31;2021-07-19;2.595;283.74;2019-01-31
2019-01-31;2023-04-03;2.768;173.45;2019-01-31
2019-01-31;2023-10-16;2.810;853.94;2019-01-31
2019-01-31;2028-06-19;3.318;222.31;2019-01-24
2019-01-31;2029-06-18;3.286;3216.94;2019-02-04
2019-01-31;2033-07-18;3.688;773.43;2019-01-18
2019-01-31;2038-08-16;3.905;327.16;2019-02-04
2019-01-31;2046-02-19;4.318;178.37;2019-01-24
2019-02-28;2019-04-05;2.338;61.35;2019-03-05
2019-02-28;2019-04-14;2.324;366.27;2019-03-05
2019-02-28;2019-05-20;2.340;26.69;2019-02-28
2019-02-28;2019-06-17;2.327;40.69;2019-03-05
2019-02-28;2019-08-02;2.335;98.28;2019-02-28
2019-02-28;2019-09-16;2.337;214.41;2019-02-28
2019-02-28;2019-10-18;2.340;27.65;2019-02-28
2019-02-28;2019-10-21;2.339;290.43;2019-02-28
2019-02-28;2019-12-16;2.339;68.58;2019-02-28
2019-02-28;2020-03-03;2.351;1426.40;2019-03-05
2019-02-28;2020-04-20;2.390;99.75;2019-02-28
2019-02-28;2020-05-18;2.395;99.49;2019-02-28
2019-02-28;2020-09-14;2.420;125.51;2019-02-28
2019-02-28;2021-03-15;2.454;50.32;2019-02-28
2019-02-28;2023-06-19;2.638;68.22;2019-02-28
2019-02-28;2023-10-16;2.640;51.31;2019-02-28
2019-02-28;2024-04-15;2.701;1749.55;2019-03-05
2019-02-28;2026-06-15;2.892;156.41;2019-02-27
2019-02-28;2028-06-19;3.070;105.31;2019-02-27
2019-02-28;2029-04-16;3.141;290.37;2019-02-28
2019-02-28;2029-08-06;3.142;37.00;2019-02-28
2019-02-28;2033-07-18;3.515;145.62;2019-03-05
2019-02-28;2038-08-16;3.765;159.10;2019-02-28
2019-02-28;2046-02-19;4.265;399.18;2019-02-13
2019-03-29;2019-05-20;2.333;20.56;2019-03-26
2019-03-29;2019-06-17;2.323;737.45;2019-04-02
2019-03-29;2019-08-02;2.337;21.47;2019-03-28
2019-03-29;2019-09-16;2.338;22.29;2019-03-28
2019-03-29;2019-10-18;2.354;46.85;2019-03-29
2019-03-29;2020-01-20;2.347;495.25;2019-03-29
2019-03-29;2020-04-20;2.395;20.67;2019-03-29
2019-03-29;2020-05-18;2.405;263.54;2019-03-29
2019-03-29;2020-07-20;2.406;598.94;2019-03-29
2019-03-29;2020-08-17;2.410;20.43;2019-03-29
2019-03-29;2020-09-14;2.414;101.91;2019-03-29
2019-03-29;2020-11-09;2.427;101.66;2019-03-29
2019-03-29;2020-12-12;2.423;98.85;2019-03-29
2019-03-29;2021-03-15;2.445;368.23;2019-03-29
2019-03-29;2021-07-19;2.472;54.43;2019-03-29
2019-03-29;2021-10-18;2.503;56.66;2019-03-29
2019-03-29;2022-04-18;2.549;21.75;2019-03-29
2019-03-29;2022-05-16;2.553;30.60;2019-03-29
2019-03-29;2022-10-17;2.574;88.41;2019-03-29
2019-03-29;2023-04-03;2.597;703.26;2019-03-29
2019-03-29;2023-06-19;2.607;25.90;2019-03-29
2019-03-29;2023-10-16;2.623;137.59;2019-03-29
2019-03-29;2024-04-15;2.681;105.20;2019-03-29
2019-03-29;2024-06-17;2.689;41.13;2019-03-29
2019-03-29;2026-06-15;2.920;32.47;2019-03-29
2019-03-29;2027-06-14;3.009;294.74;2019-03-29
2019-03-29;2028-06-19;3.039;359.80;2019-03-29
2019-03-29;2029-04-16;3.113;22.77;2019-03-29
2019-03-29;2029-06-18;3.138;374.57;2019-03-29
2019-03-29;2030-08-05;3.228;139.13;2019-03-29
2019-03-29;2033-07-18;3.511;134.20;2019-03-29
2019-03-29;2036-02-04;3.614;30.81;2019-03-29
2019-03-29;2038-08-16;3.761;23.52;2019-03-29
2019-03-29;2046-02-19;4.232;33.86;2019-03-29
2019-04-30;2019-05-20;2.300;61.83;2019-04-30
2019-04-30;2019-06-17;2.323;254.75;2019-04-02
2019-04-30;2019-09-16;2.322;1197.15;2019-04-30
2019-04-30;2019-10-21;2.355;322.57;2019-04-30
2019-04-30;2019-12-16;2.337;72.21;2019-04-30
2019-04-30;2020-04-20;2.333;508.68;2019-04-30
2019-04-30;2020-05-18;2.352;125.10;2019-04-30
2019-04-30;2020-07-20;2.378;247.84;2019-04-30
2019-04-30;2020-09-14;2.379;46.79;2019-04-30
2019-04-30;2021-01-30;2.397;96.57;2019-04-30
2019-04-30;2021-03-15;2.447;211.33;2019-04-30
2019-04-30;2021-04-19;2.405;68.69;2019-04-30
2019-04-30;2021-07-19;2.415;25.59;2019-04-30
2019-04-30;2022-05-16;2.477;266.38;2019-04-30
2019-04-30;2022-10-17;2.498;164.99;2019-04-30
2019-04-30;2023-06-19;2.542;25.39;2019-04-30
2019-04-30;2023-10-16;2.566;144.73;2019-04-30
2019-04-30;2024-04-15;2.596;724.84;2019-04-30
2019-04-30;2027-06-14;2.960;209.02;2019-04-30
2019-04-30;2029-06-18;3.047;1464.02;2019-04-30
2019-04-30;2034-07-17;3.454;688.30;2019-04-30
2019-04-30;2038-08-16;3.714;537.51;2019-05-06
2019-04-30;2046-02-19;4.232;33.89;2019-04-05
2019-05-31;2019-05-20;2.323;175.11;2019-05-13
2019-05-31;2019-08-02;2.323;52.21;2019-05-14
2019-05-31;2019-11-07;2.282;20.58;2019-05-31
2019-05-31;2019-12-16;2.285;33.64;2019-05-31
2019-05-31;2020-09-14;2.350;40.96;2019-05-31
2019-05-31;2020-11-09;2.352;106.38;2019-05-31
2019-05-31;2021-02-15;2.359;42.51;2019-05-31
2019-05-31;2021-03-15;2.362;42.29;2019-05-31
2019-05-31;2021-10-18;2.373;51.78;2019-05-31
2019-05-31;2023-10-16;2.508;414.81;2019-05-30
2019-05-31;2024-10-14;2.594;257.50;2019-06-04
2019-05-31;2027-06-14;2.855;269.06;2019-05-30
2019-05-31;2029-06-18;2.977;510.78;2019-06-04
2019-05-31;2033-07-18;3.309;508.43;2019-05-30
2019-05-31;2034-07-17;3.392;1992.83;2019-06-04
2019-05-31;2036-02-04;3.460;107.93;2019-05-30
2019-05-31;2036-12-04;3.495;46.07;2019-05-30
2019-05-31;2038-08-16;3.567;219.63;2019-05-30
2019-05-31;2046-02-19;4.130;56.42;2019-05-30
2019-06-28;2019-08-02;2.300;28.45;2019-06-27
2019-06-28;2019-08-02;2.323;52.21;2019-05-14
2019-06-28;2019-10-18;2.319;20.95;2019-06-28
2019-06-28;2019-12-16;2.311;56.97;2019-06-28
2019-06-28;2020-03-03;2.320;174.89;2019-06-28
2019-06-28;2020-05-18;2.326;30.13;2019-06-28
2019-06-28;2020-06-06;2.323;45.84;2019-06-28
2019-06-28;2020-07-20;2.374;32.86;2019-06-28
2019-06-28;2020-08-17;2.370;20.56;2019-06-28
2019-06-28;2021-01-02;2.388;21.37;2019-06-28
2019-06-28;2021-03-15;2.390;30.47;2019-06-28
2019-06-28;2021-07-19;2.411;115.82;2019-06-28
2019-06-28;2021-10-18;2.399;96.13;2019-06-28
2019-06-28;2022-05-16;2.452;47.20;2019-06-28
2019-06-28;2023-04-03;2.503;56.45;2019-06-28
2019-06-28;2023-10-16;2.471;371.23;2019-06-28
2019-06-28;2024-04-05;2.579;23.40;2019-06-28
2019-06-28;2024-04-15;2.582;312.71;2019-06-28
2019-06-28;2025-06-02;2.659;35.16;2019-06-28
2019-06-28;2026-01-02;2.754;37.72;2019-06-28
2019-06-28;2029-04-16;2.939;192.64;2019-06-28
2019-06-28;2029-06-18;2.961;52.61;2019-06-28
2019-06-28;2030-08-05;3.026;176.64;2019-06-28
2019-06-28;2031-07-18;3.131;55.90;2019-06-28
2019-06-28;2033-07-18;3.292;58.02;2019-06-28
2019-06-28;2034-07-17;3.384;130.40;2019-06-28
2019-06-28;2036-12-04;3.442;36.96;2019-06-28
2019-06-28;2038-08-16;3.500;21.22;2019-06-28
2019-06-28;2046-02-19;4.094;569.31;2019-07-01
2019-07-31;2019-09-16;2.320;26.56;2019-07-31
2019-07-31;2019-10-18;2.320;52.46;2019-07-24
2019-07-31;2019-10-21;2.315;206.62;2019-07-24
2019-07-31;2019-12-16;2.288;103.14;2019-07-31
2019-07-31;2020-01-20;2.321;20.34;2019-07-31
2019-07-31;2020-03-03;2.318;77.00;2019-07-31
2019-07-31;2020-04-20;2.320;20.25;2019-07-31
2019-07-31;2020-05-18;2.326;172.72;2019-07-31
2019-07-31;2020-06-06;2.325;52.13;2019-07-31
2019-07-31;2020-08-17;2.364;36.06;2019-07-31
2019-07-31;2020-12-12;2.378;128.67;2019-07-31
2019-07-31;2021-03-15;2.382;42.75;2019-07-31
2019-07-31;2021-09-20;2.368;250.38;2019-08-05
2019-07-31;2024-04-15;2.548;73.23;2019-07-31
2019-07-31;2024-10-14;2.578;321.89;2019-07-31
2019-07-31;2028-06-19;2.891;51.77;2019-07-31
2019-07-31;2029-06-18;2.955;262.41;2019-08-05
2019-07-31;2029-06-18;2.956;34.20;2019-07-31
2019-07-31;2030-08-05;3.050;192.19;2019-07-31
2019-07-31;2034-07-17;3.376;116.97;2019-07-31
2019-07-31;2038-08-16;3.570;552.41;2019-08-05
2019-07-31;2046-02-19;4.090;38.52;2019-07-31
2019-08-30;2019-09-16;2.202;38.07;2019-08-29
2019-08-30;2019-11-07;2.211;78.31;2019-08-30
2019-08-30;2019-12-16;2.209;41.53;2019-08-30
2019-08-30;2020-07-20;2.319;864.76;2019-09-03
2019-08-30;2021-02-15;2.375;171.73;2019-08-30
2019-08-30;2021-03-15;2.378;69.96;2019-08-30
2019-08-30;2021-04-19;2.382;26.08;2019-08-30
2019-08-30;2021-10-18;2.382;46.87;2019-08-30
2019-08-30;2022-05-16;2.401;40.39;2019-08-30
2019-08-30;2022-10-17;2.416;57.37;2019-08-30
2019-08-30;2023-10-16;2.452;25.65;2019-08-30
2019-08-30;2024-04-15;2.522;51.59;2019-08-30
2019-08-30;2024-10-14;2.591;20.75;2019-08-30
2019-08-30;2027-06-14;2.795;73.77;2019-08-30
2019-08-30;2028-06-19;2.876;208.32;2019-08-30
2019-08-30;2029-04-16;2.937;86.88;2019-08-30
2019-08-30;2029-06-18;2.951;242.10;2019-08-30
2019-08-30;2031-07-18;3.136;56.66;2019-08-30
2019-08-30;2033-07-18;3.298;169.02;2019-08-30
2019-08-30;2034-07-17;3.378;60.17;2019-08-30
2019-08-30;2038-08-16;3.508;84.95;2019-08-29
2019-08-30;2046-02-19;4.010;34.77;2019-08-15
2019-09-30;2019-10-18;2.255;63.23;2019-09-30
2019-09-30;2019-11-07;2.255;95.72;2019-09-30
2019-09-30;2019-12-16;2.255;61.64;2019-09-30
2019-09-30;2020-01-20;2.263;204.20;2019-09-30
2019-09-30;2020-03-03;2.268;37.11;2019-09-30
2019-09-30;2020-05-18;2.281;38.38;2019-09-30
2019-09-30;2020-07-20;2.314;189.22;2019-09-30
2019-09-30;2020-08-17;2.306;194.83;2019-09-30
2019-09-30;2020-09-14;2.317;496.80;2019-09-30
2019-09-30;2020-12-07;2.358;70.19;2019-09-30
2019-09-30;2021-04-19;2.347;54.90;2019-09-30
2019-09-30;2021-09-20;2.370;100.51;2019-09-30
2019-09-30;2022-04-18;2.409;29.75;2019-09-30
2019-09-30;2022-10-17;2.440;206.65;2019-09-30
2019-09-30;2023-06-19;2.480;192.96;2019-09-30
2019-09-30;2024-04-15;2.515;142.62;2019-09-30
2019-09-30;2024-10-14;2.553;20.23;2019-09-30
2019-09-30;2029-06-18;2.899;52.96;2019-09-30
2019-09-30;2030-08-05;3.022;33.62;2019-09-27
2019-09-30;2031-07-18;3.120;44.82;2019-09-27
2019-09-30;2034-07-17;3.295;185.23;2019-09-30
2019-09-30;2036-12-04;3.440;58.61;2019-09-26
2019-09-30;2046-02-19;3.950;286.99;2019-09-30
2019-10-31;2019-11-07;2.310;102.35;2019-10-30
2019-10-31;2020-01-20;2.280;231.08;2019-10-31
2019-10-31;2020-04-20;2.300;342.46;2019-10-31
2019-10-31;2020-05-18;2.260;25.32;2019-10-30
2019-10-31;2020-08-17;2.297;20.13;2019-10-30
2019-10-31;2020-09-14;2.325;111.57;2019-10-30
2019-10-31;2020-12-07;2.351;50.24;2019-10-31
2019-10-31;2021-03-15;2.354;119.74;2019-10-31
2019-10-31;2021-09-20;2.357;72.02;2019-10-31
2019-10-31;2021-10-18;2.349;30.46;2019-10-31
2019-10-31;2022-05-16;2.374;114.53;2019-10-31
2019-10-31;2023-06-19;2.430;153.72;2019-10-31
2019-10-31;2024-04-15;2.450;76.37;2019-10-30
2019-10-31;2025-06-02;2.529;48.50;2019-10-30
2019-10-31;2027-06-14;2.624;25.65;2019-10-31
2019-10-31;2028-06-19;2.672;20.24;2019-10-31
2019-10-31;2029-06-18;2.721;60.20;2019-10-31
2019-10-31;2030-08-05;3.016;115.53;2019-10-25
2019-10-31;2033-07-18;3.050;54.12;2019-10-30
2019-10-31;2038-08-16;3.350;49.96;2019-10-31
2019-10-31;2046-02-19;3.918;17.77;2019-10-28
2019-11-29;2019-12-09;2.254;50.24;2019-11-28
2019-11-29;2020-01-20;2.304;111.59;2019-11-28
2019-11-29;2020-01-20;2.291;41.90;2019-11-22
2019-11-29;2020-03-03;2.290;22.66;2019-11-29
2019-11-29;2020-08-17;2.307;37.30;2019-11-29
2019-11-29;2020-12-07;2.363;119.37;2019-11-29
2019-11-29;2021-03-15;2.365;30.78;2019-11-29
2019-11-29;2021-07-19;2.360;102.39;2019-11-29
2019-11-29;2021-10-18;2.375;20.33;2019-11-29
2019-11-29;2021-11-12;2.364;100.08;2019-11-29
2019-11-29;2022-02-05;2.384;22.18;2019-11-29
2019-11-29;2022-05-16;2.393;20.32;2019-11-29
2019-11-29;2023-04-03;2.402;74.23;2019-11-29
2019-11-29;2023-06-19;2.404;22.61;2019-11-29
2019-11-29;2023-10-16;2.406;476.83;2019-11-29
2019-11-29;2024-04-15;2.415;162.01;2019-11-29
2019-11-29;2024-06-17;2.439;172.89;2019-11-29
2019-11-29;2024-10-14;2.443;304.14;2019-11-29
2019-11-29;2027-06-14;2.630;50.13;2019-11-29
2019-11-29;2029-06-18;2.750;218.91;2019-11-29
2019-11-29;2029-08-06;2.758;154.14;2019-11-29
2019-11-29;2031-07-18;2.856;56.34;2019-11-29
2019-11-29;2033-07-18;2.965;27.37;2019-11-29
2019-11-29;2034-07-17;3.020;389.11;2019-11-29
2019-11-29;2036-02-04;3.120;43.67;2019-11-29
2019-11-29;2038-08-16;3.280;220.76;2019-11-29
2019-11-29;2045-02-06;3.737;86.95;2019-11-29
2019-11-29;2046-02-19;3.805;82.21;2019-11-29
2019-12-31;2020-01-20;2.192;217.30;2019-12-31
2019-12-31;2020-03-03;2.230;159.17;2019-12-31
2019-12-31;2020-04-20;2.306;137.49;2019-12-31
2019-12-31;2020-05-18;2.251;338.65;2019-12-31
2019-12-31;2020-06-06;2.302;43.26;2019-12-31
2019-12-31;2020-07-20;2.232;208.74;2019-12-31
2019-12-31;2020-08-17;2.248;80.54;2019-12-31
2019-12-31;2020-09-05;2.313;115.04;2019-12-31
2019-12-31;2020-09-14;2.307;133.60;2019-12-31
2019-12-31;2020-10-17;2.330;21.92;2019-12-31
2019-12-31;2020-11-14;2.307;41.28;2019-12-31
2019-12-31;2020-12-07;2.310;40.35;2019-12-31
2019-12-31;2020-12-12;2.283;83.87;2019-12-31
2019-12-31;2021-04-19;2.342;92.35;2019-12-31
2019-12-31;2021-07-19;2.361;103.83;2019-12-31
2019-12-31;2021-09-20;2.300;30.37;2019-12-31
2019-12-31;2021-10-18;2.360;81.53;2019-12-31
2019-12-31;2022-05-16;2.375;61.11;2019-12-31
2019-12-31;2022-10-17;2.374;112.98;2019-12-31
2019-12-31;2023-04-03;2.378;27.19;2019-12-31
2019-12-31;2023-06-19;2.387;173.30;2019-12-31
2019-12-31;2023-10-16;2.380;72.58;2019-12-31
2019-12-31;2024-04-15;2.384;130.44;2019-12-31
2019-12-31;2024-06-17;2.386;57.87;2019-12-31
2019-12-31;2025-02-28;2.402;21.52;2019-12-31
2019-12-31;2025-10-03;2.424;40.38;2019-12-31
2019-12-31;2028-06-19;2.579;80.38;2019-12-31
2019-12-31;2029-06-18;2.687;81.35;2019-12-31
2019-12-31;2030-06-17;2.685;1001.16;2020-01-06
2019-12-31;2034-07-17;2.955;49.84;2019-12-31
2019-12-31;2036-02-04;3.067;64.22;2019-12-31
2019-12-31;2040-04-16;3.313;1507.71;2020-01-06
2019-12-31;2050-02-14;3.927;1518.90;2020-01-06
2020-01-31;2020-03-03;2.321;26.70;2020-01-31
2020-01-31;2020-04-20;2.321;204.83;2020-01-30
2020-01-31;2020-05-18;2.301;413.58;2020-01-31
2020-01-31;2020-07-20;2.323;71.38;2020-01-31
2020-01-31;2020-08-17;2.326;246.93;2020-01-31
2020-01-31;2020-09-14;2.330;60.61;2020-01-31
2020-01-31;2021-07-19;2.381;20.76;2020-01-31
2020-01-31;2021-10-18;2.377;193.96;2020-01-31
2020-01-31;2021-11-12;2.382;100.45;2020-01-31
2020-01-31;2022-10-17;2.401;101.55;2020-01-31
2020-01-31;2023-04-03;2.417;25.87;2020-01-31
2020-01-31;2023-10-16;2.446;139.61;2020-01-31
2020-01-31;2024-04-15;2.459;171.92;2020-01-31
2020-01-31;2024-10-14;2.472;98.37;2020-01-31
2020-01-31;2025-06-02;2.483;65.33;2020-01-31
2020-01-31;2025-10-03;2.455;28.62;2020-01-31
2020-01-31;2026-01-02;2.501;35.77;2020-01-31
2020-01-31;2026-06-15;2.515;32.92;2020-01-31
2020-01-31;2027-06-14;2.546;21.27;2020-01-31
2020-01-31;2028-06-19;2.578;100.21;2020-01-31
2020-01-31;2029-04-16;2.604;59.83;2020-01-31
2020-01-31;2029-06-18;2.610;348.78;2020-01-31
2020-01-31;2029-08-06;2.616;54.28;2020-01-31
2020-01-31;2030-08-05;2.668;467.55;2020-01-31
2020-01-31;2031-07-18;2.721;24.15;2020-01-31
2020-01-31;2033-07-18;2.842;39.01;2020-01-31
2020-01-31;2034-03-31;2.884;20.85;2020-01-31
2020-01-31;2034-07-17;2.902;141.78;2020-01-31
2020-01-31;2035-07-16;2.971;50.81;2020-01-31
2020-01-31;2038-08-16;3.114;119.67;2020-01-30
2020-01-31;2040-04-16;3.179;140.57;2020-02-04
2020-01-31;2046-02-19;3.613;25.05;2020-01-30
2020-01-31;2050-02-14;3.814;2340.68;2020-02-04
2020-02-28;2020-04-20;2.295;51.30;2020-02-27
2020-02-28;2020-05-18;2.307;364.66;2020-02-28
2020-02-28;2020-05-25;2.280;23.40;2020-02-28
2020-02-28;2020-06-06;2.321;35.99;2020-02-28
2020-02-28;2020-08-17;2.325;20.28;2020-02-28
2020-02-28;2020-09-05;2.325;52.01;2020-02-28
2020-02-28;2020-09-14;2.320;25.30;2020-02-28
2020-02-28;2020-12-07;2.334;120.96;2020-02-28
2020-02-28;2021-04-19;2.381;31.66;2020-02-28
2020-02-28;2021-09-20;2.372;304.44;2020-02-28
2020-02-28;2021-10-18;2.410;30.66;2020-02-28
2020-02-28;2022-05-16;2.394;275.91;2020-02-28
2020-02-28;2022-10-17;2.404;230.42;2020-02-28
2020-02-28;2023-04-03;2.424;570.01;2020-02-28
2020-02-28;2023-06-19;2.431;354.27;2020-02-28
2020-02-28;2024-10-14;2.500;51.21;2020-02-28
2020-02-28;2025-06-02;2.511;113.29;2020-02-28
2020-02-28;2026-06-15;2.496;32.47;2020-02-28
2020-02-28;2027-06-14;2.567;122.38;2020-02-28
2020-02-28;2030-08-05;2.720;113.67;2020-02-19
2020-02-28;2034-07-17;2.921;32.92;2020-02-28
2020-02-28;2035-02-19;2.938;106.09;2020-02-28
2020-02-28;2038-08-16;3.095;25.95;2020-02-11
2020-02-28;2050-02-14;3.759;125.83;2020-02-28
2020-03-31;2020-05-18;2.400;20.44;2020-03-27
2020-03-31;2020-06-06;2.400;57.43;2020-03-27
2020-03-31;2020-08-17;2.420;26.71;2020-03-30
2020-03-31;2020-09-05;2.400;30.74;2020-03-30
2020-03-31;2020-09-14;2.400;192.59;2020-03-30
2020-03-31;2021-03-15;2.345;20.06;2020-03-31
2020-03-31;2021-04-19;2.457;31.70;2020-03-31
2020-03-31;2021-05-17;2.427;30.07;2020-03-31
2020-03-31;2021-09-20;2.455;30.47;2020-03-31
2020-03-31;2023-10-16;2.480;25.59;2020-03-31
2020-03-31;2024-04-15;2.507;31.32;2020-03-31
2020-03-31;2025-02-28;2.518;20.02;2020-03-31
2020-03-31;2027-06-14;2.623;21.26;2020-03-31
2020-03-31;2030-08-05;2.737;44.40;2020-03-31
2020-03-31;2034-07-17;2.903;40.90;2020-03-31
2020-03-31;2038-08-16;3.064;56.21;2020-03-27
2020-03-31;2046-02-19;3.525;12.03;2020-03-27
2020-03-31;2050-02-14;3.771;204.40;2020-03-27
2020-04-30;2020-06-06;2.100;190.61;2020-04-21
2020-04-30;2020-07-20;2.140;184.75;2020-05-05
2020-04-30;2020-10-17;2.140;104.29;2020-04-29
2020-04-30;2020-11-02;2.164;500.00;2020-05-04
2020-04-30;2020-11-09;2.188;30.39;2020-04-28
2020-04-30;2021-07-19;2.286;386.63;2020-05-05
2020-04-30;2023-04-03;2.423;106.72;2020-04-30
2020-04-30;2023-06-19;2.399;65.81;2020-04-30
2020-04-30;2023-10-16;2.482;25.64;2020-04-30
2020-04-30;2024-04-15;2.487;65.85;2020-04-30
2020-04-30;2025-10-03;2.502;28.72;2020-04-30
2020-04-30;2029-06-18;2.649;46.09;2020-04-30
2020-04-30;2030-08-05;2.814;44.22;2020-04-30
2020-04-30;2033-07-18;2.872;27.96;2020-04-24
2020-04-30;2034-07-17;2.910;44.70;2020-04-24
2020-04-30;2038-08-16;3.068;40.24;2020-04-30
2020-04-30;2040-04-16;3.200;571.55;2020-05-05
2020-04-30;2050-02-14;3.774;50.82;2020-04-29
2020-05-28;2020-07-20;2.090;1409.47;2020-06-02
2020-05-28;2020-08-17;2.085;2057.86;2020-06-02
2020-05-28;2020-09-05;2.047;1434.86;2020-06-02
2020-05-28;2021-02-15;2.130;170.58;2020-06-02
2020-05-28;2021-04-19;2.173;1799.52;2020-06-02
2020-05-28;2021-07-19;2.212;1504.54;2020-06-02
2020-05-28;2023-04-03;2.324;114.13;2020-05-28
2020-05-28;2023-06-19;2.335;32.30;2020-05-28
2020-05-28;2023-10-16;2.351;131.33;2020-05-28
2020-05-28;2024-04-15;2.374;30.52;2020-05-28
2020-05-28;2025-04-14;2.400;7316.93;2020-06-02
2020-05-28;2025-10-03;2.443;60.62;2020-05-28
2020-05-28;2026-06-15;2.499;33.21;2020-05-28
2020-05-28;2027-06-14;2.598;21.38;2020-05-28
2020-05-28;2028-06-19;2.698;73.37;2020-05-28
2020-05-28;2029-04-16;2.780;347.63;2020-05-28
2020-05-28;2029-06-18;2.797;206.97;2020-05-28
2020-05-28;2029-08-06;2.799;54.02;2020-05-28
2020-05-28;2030-08-05;2.818;58.38;2020-05-28
2020-05-28;2031-07-18;2.861;230.34;2020-05-28
2020-05-28;2033-07-18;2.960;374.56;2020-05-28
2020-05-28;2034-03-31;2.986;39.90;2020-05-28
2020-05-28;2034-07-17;2.998;630.47;2020-05-28
2020-05-28;2035-02-19;2.950;166.62;2020-05-28
2020-05-28;2035-07-16;2.948;45.74;2020-05-28
2020-05-28;2038-08-16;3.067;30.84;2020-05-07
2020-05-28;2046-02-19;3.522;28.04;2020-05-28
2020-05-28;2050-02-14;3.737;1062.60;2020-06-02
2020-06-30;2020-07-20;1.805;533.93;2020-06-30
2020-06-30;2020-09-14;1.805;97.92;2020-06-30
2020-06-30;2020-10-17;1.498;41.95;2020-06-30
2020-06-30;2021-01-04;1.550;100.00;2020-07-06
2020-06-30;2021-04-19;1.555;509.51;2020-06-30
2020-06-30;2021-05-17;1.570;71.10;2020-06-30
2020-06-30;2021-07-19;1.768;1169.64;2020-06-30
2020-06-30;2022-05-16;1.815;20.31;2020-06-30
2020-06-30;2022-08-15;1.776;130.17;2020-06-30
2020-06-30;2023-04-03;1.823;698.56;2020-06-30
2020-06-30;2023-06-19;1.854;161.41;2020-06-30
2020-06-30;2023-10-16;1.887;133.49;2020-06-30
2020-06-30;2024-04-15;1.934;31.07;2020-06-30
2020-06-30;2025-04-14;2.029;66.85;2020-06-30
2020-06-30;2025-10-20;1.999;1632.44;2020-06-30
2020-06-30;2026-06-15;2.126;32.87;2020-06-30
2020-06-30;2027-06-14;2.208;21.29;2020-06-30
2020-06-30;2028-06-19;2.293;73.33;2020-06-30
2020-06-30;2029-04-16;2.343;68.45;2020-06-30
2020-06-30;2029-06-18;2.353;158.88;2020-06-30
2020-06-30;2030-06-17;2.381;832.89;2020-07-06
2020-06-30;2030-08-05;2.422;31.04;2020-06-30
2020-06-30;2031-07-18;2.480;390.78;2020-06-30
2020-06-30;2033-07-18;2.602;391.08;2020-06-30
2020-06-30;2034-03-31;2.619;41.51;2020-06-30
2020-06-30;2034-07-17;2.626;480.74;2020-06-30
2020-06-30;2035-02-19;2.629;280.83;2020-06-30
2020-06-30;2035-07-16;2.618;226.84;2020-06-30
2020-06-30;2038-08-16;2.781;191.85;2020-06-30
2020-06-30;2040-04-16;2.851;109.11;2020-07-06
2020-06-30;2046-02-19;3.241;55.28;2020-06-30
2020-06-30;2050-02-14;3.450;2241.18;2020-07-06
2020-07-29;2020-09-05;1.534;21.02;2020-07-21
2020-07-29;2020-10-17;1.520;30.03;2020-07-28
2020-07-29;2020-10-26;1.500;25.00;2020-07-27
2020-07-29;2020-11-09;1.520;412.27;2020-07-27
2020-07-29;2021-06-14;1.657;25.24;2020-07-29
2020-07-29;2021-07-19;1.660;130.11;2020-07-29
2020-07-29;2021-11-12;1.721;30.64;2020-07-29
2020-07-29;2023-04-03;1.890;64.01;2020-07-29
2020-07-29;2023-10-16;1.935;96.79;2020-07-29
2020-07-29;2024-04-15;1.976;31.07;2020-07-29
2020-07-29;2025-04-14;2.002;38.16;2020-07-29
2020-07-29;2025-10-20;2.037;32.66;2020-07-29
2020-07-29;2027-06-14;2.195;21.35;2020-07-29
2020-07-29;2028-06-19;2.263;73.61;2020-07-29
2020-07-29;2029-04-16;2.318;35.62;2020-07-29
2020-07-29;2029-06-18;2.329;45.56;2020-07-29
2020-07-29;2030-08-05;2.397;28.69;2020-07-29
2020-07-29;2031-07-18;2.439;285.64;2020-07-29
2020-07-29;2033-07-18;2.529;367.33;2020-07-29
2020-07-29;2034-03-31;2.560;41.84;2020-07-29
2020-07-29;2034-07-17;2.573;41.13;2020-07-29
2020-07-29;2035-07-16;2.610;31.89;2020-07-29
2020-07-29;2038-08-16;2.760;26.51;2020-07-29
2020-07-29;2046-02-19;3.242;55.41;2020-07-29
2020-07-29;2050-02-14;3.466;49.20;2020-07-14
2020-08-31;2020-09-05;1.586;75.17;2020-08-31
2020-08-31;2020-10-17;1.575;93.36;2020-08-31
2020-08-31;2020-10-26;1.575;24.03;2020-08-31
2020-08-31;2020-11-09;1.575;56.41;2020-08-31
2020-08-31;2020-12-07;1.569;71.85;2020-08-31
2020-08-31;2021-02-15;1.611;58.45;2020-08-31
2020-08-31;2021-03-01;1.620;199.98;2020-08-31
2020-08-31;2021-06-14;1.665;27.30;2020-08-31
2020-08-31;2021-07-19;1.682;24.39;2020-08-31
2020-08-31;2021-09-20;1.730;151.73;2020-08-31
2020-08-31;2021-10-18;1.741;83.36;2020-08-31
2020-08-31;2022-08-15;1.855;88.18;2020-08-31
2020-08-31;2023-04-03;1.891;43.44;2020-08-31
2020-08-31;2023-06-19;1.903;68.06;2020-08-31
2020-08-31;2023-10-16;1.923;26.27;2020-08-31
2020-08-31;2024-04-15;1.954;31.15;2020-08-31
2020-08-31;2025-04-14;2.043;27.85;2020-08-31
2020-08-31;2027-06-14;2.183;21.41;2020-08-31
2020-08-31;2028-06-19;2.268;73.73;2020-08-31
2020-08-31;2029-04-16;2.337;35.65;2020-08-31
2020-08-31;2029-06-18;2.351;159.54;2020-08-31
2020-08-31;2030-08-05;2.401;30.16;2020-08-31
2020-08-31;2031-07-18;2.447;310.13;2020-08-31
2020-08-31;2033-07-18;2.546;360.40;2020-08-31
2020-08-31;2034-03-31;2.581;41.85;2020-08-31
2020-08-31;2034-07-17;2.596;666.53;2020-08-31
2020-08-31;2035-07-16;2.645;53.06;2020-08-31
2020-08-31;2038-08-16;2.797;186.02;2020-08-31
2020-08-31;2040-04-16;2.898;27.21;2020-08-31
2020-08-31;2046-02-19;3.253;15.20;2020-08-31
2020-08-31;2050-02-14;3.466;49.20;2020-07-14
2020-09-30;2020-10-17;1.489;69.69;2020-09-30
2020-09-30;2020-12-07;1.489;524.94;2020-09-29
2020-09-30;2020-12-12;1.500;29.92;2020-09-29
2020-09-30;2021-02-01;1.489;28.88;2020-09-30
2020-09-30;2021-03-15;1.520;91.70;2020-09-30
2020-09-30;2021-04-19;1.531;27.16;2020-09-30
2020-09-30;2021-05-17;1.541;306.00;2020-09-30
2020-09-30;2021-06-14;1.573;27.36;2020-09-30
2020-09-30;2021-07-19;1.600;24.44;2020-09-30
2020-09-30;2021-10-18;1.714;156.35;2020-09-30
2020-09-30;2021-11-12;1.736;308.24;2020-09-30
2020-09-30;2022-03-09;1.780;61.33;2020-09-30
2020-09-30;2022-08-15;1.840;78.30;2020-09-30
2020-09-30;2022-10-17;1.854;104.26;2020-09-30
2020-09-30;2023-04-03;1.892;64.22;2020-09-30
2020-09-30;2023-06-19;1.910;94.49;2020-09-30
2020-09-30;2023-10-16;1.936;26.30;2020-09-30
2020-09-30;2024-04-15;1.977;31.17;2020-09-30
2020-09-30;2025-04-14;2.065;30.96;2020-09-30
2020-09-30;2025-10-20;2.106;90.85;2020-09-30
2020-09-30;2027-06-14;2.214;21.40;2020-09-30
2020-09-30;2028-06-19;2.282;73.80;2020-09-30
2020-09-30;2029-04-16;2.337;63.14;2020-09-30
2020-09-30;2029-06-18;2.349;89.18;2020-09-30
2020-09-30;2030-08-05;2.402;30.22;2020-09-30
2020-09-30;2031-07-18;2.468;116.65;2020-09-30
2020-09-30;2033-07-18;2.606;274.54;2020-09-30
2020-09-30;2034-03-31;2.623;41.76;2020-09-30
2020-09-30;2034-07-17;2.630;461.27;2020-09-30
2020-09-30;2035-02-19;2.671;140.72;2020-09-30
2020-09-30;2035-07-16;2.700;110.95;2020-09-30
2020-09-30;2038-08-16;2.697;253.84;2020-09-30
2020-09-30;2046-02-19;3.230;61.57;2020-09-30
2020-09-30;2050-02-14;3.446;159.41;2020-09-24
2020-10-28;2020-12-07;1.500;144.07;2020-10-28
2020-10-28;2021-01-02;1.500;45.36;2020-10-28
2020-10-28;2021-02-15;1.482;159.63;2020-10-27
2020-10-28;2021-05-17;1.536;153.19;2020-10-28
2020-10-28;2021-07-19;1.566;203.96;2020-10-28
2020-10-28;2021-10-18;1.626;81.18;2020-10-28
2020-10-28;2021-11-12;1.660;329.47;2020-10-28
2020-10-28;2023-04-03;1.894;40.97;2020-10-28
2020-10-28;2023-06-19;1.914;68.25;2020-10-28
2020-10-28;2023-10-16;1.944;25.63;2020-10-28
2020-10-28;2024-04-15;1.976;31.22;2020-10-28
2020-10-28;2025-04-14;2.040;155.22;2020-10-28
2020-10-28;2025-10-20;2.079;20.47;2020-10-28
2020-10-28;2027-06-14;2.201;21.46;2020-10-28
2020-10-28;2028-06-19;2.277;73.95;2020-10-28
2020-10-28;2029-06-18;2.351;89.32;2020-10-28
2020-10-28;2030-08-05;2.478;30.09;2020-10-28
2020-10-28;2031-07-18;2.508;116.44;2020-10-28
2020-10-28;2033-07-18;2.651;167.78;2020-10-28
2020-10-28;2034-03-31;2.702;27.68;2020-10-28
2020-10-28;2034-07-17;2.723;350.62;2020-10-28
2020-10-28;2035-02-19;2.728;140.19;2020-10-28
2020-10-28;2035-07-16;2.732;106.65;2020-10-28
2020-10-28;2038-08-16;2.784;309.97;2020-10-28
2020-10-28;2046-02-19;3.217;25.47;2020-10-28
2020-10-28;2050-02-14;3.460;79.14;2020-10-28
2020-11-30;2020-12-07;1.574;27.51;2020-11-30
2020-11-30;2021-01-02;1.574;45.42;2020-11-30
2020-11-30;2021-02-15;1.575;26.59;2020-11-30
2020-11-30;2021-05-17;1.700;153.26;2020-11-27
2020-11-30;2021-05-31;1.750;73.50;2020-11-30
2020-11-30;2021-10-18;1.807;61.89;2020-11-30
2020-11-30;2022-11-14;2.084;937.68;2020-11-30
2020-11-30;2023-06-19;2.098;91.78;2020-11-30
2020-11-30;2023-10-16;2.127;97.09;2020-11-30
2020-11-30;2024-04-15;2.172;31.08;2020-11-30
2020-11-30;2025-06-02;2.274;20.14;2020-11-30
2020-11-30;2025-10-20;2.308;121.81;2020-11-30
2020-11-30;2027-06-14;2.392;21.26;2020-11-30
2020-11-30;2029-04-16;2.486;89.24;2020-11-30
2020-11-30;2029-06-18;2.495;88.57;2020-11-30
2020-11-30;2030-06-17;2.575;944.10;2020-11-30
2020-11-30;2031-07-18;2.574;53.47;2020-11-30
2020-11-30;2033-07-18;2.649;291.97;2020-11-30
2020-11-30;2034-03-31;2.703;41.62;2020-11-30
2020-11-30;2034-07-17;2.726;351.36;2020-11-30
2020-11-30;2035-02-19;2.775;270.90;2020-11-30
2020-11-30;2035-07-16;2.807;87.02;2020-11-30
2020-11-30;2040-04-16;3.034;64.54;2020-11-30
2020-11-30;2046-02-19;3.252;57.63;2020-11-30
2020-11-30;2050-02-14;3.460;79.14;2020-10-28
2020-12-31;2021-02-08;1.461;173.09;2020-12-31
2020-12-31;2021-02-15;1.461;53.25;2020-12-31
2020-12-31;2021-03-15;1.461;1392.82;2020-12-31
2020-12-31;2021-04-19;1.479;48.01;2020-12-31
2020-12-31;2021-05-17;1.482;118.14;2020-12-31
2020-12-31;2021-05-31;1.482;40.10;2020-12-31
2020-12-31;2021-06-14;1.472;39.08;2020-12-31
2020-12-31;2021-07-19;1.450;107.95;2020-12-31
2020-12-31;2021-09-13;1.465;120.80;2020-12-31
2020-12-31;2021-09-20;1.520;30.08;2020-12-31
2020-12-31;2022-01-17;1.620;230.74;2020-12-31
2020-12-31;2022-03-09;1.647;87.40;2020-12-31
2020-12-31;2022-04-18;1.670;39.71;2020-12-31
2020-12-31;2022-07-18;1.723;117.61;2020-12-31
2020-12-31;2022-08-15;1.737;47.47;2020-12-31
2020-12-31;2022-10-17;1.800;39.01;2020-12-31
2020-12-31;2023-03-20;1.896;190.87;2020-12-31
2020-12-31;2023-06-19;1.929;41.49;2020-12-31
2020-12-31;2023-10-16;1.942;97.74;2020-12-31
2020-12-31;2024-10-14;1.991;135.73;2020-12-31
2020-12-31;2025-04-14;2.043;343.29;2020-12-31
2020-12-31;2025-06-02;2.005;48.15;2020-12-31
2020-12-31;2026-06-15;2.135;124.53;2020-12-31
2020-12-31;2027-04-19;2.171;26.00;2020-12-31
2020-12-31;2029-04-16;2.272;57.47;2020-12-31
2020-12-31;2029-06-18;2.289;102.28;2020-12-31
2020-12-31;2029-08-06;2.291;25.32;2020-12-31
2020-12-31;2030-08-05;2.354;48.32;2020-12-31
2020-12-31;2031-07-18;2.414;280.31;2020-12-31
2020-12-31;2033-07-18;2.540;68.40;2020-12-31
2020-12-31;2034-03-31;2.585;22.50;2020-12-31
2020-12-31;2034-07-17;2.605;132.14;2020-12-31
2020-12-31;2035-07-16;2.669;94.80;2020-12-31
2020-12-31;2038-08-16;2.810;51.54;2020-12-31
2020-12-31;2046-02-19;3.196;34.57;2020-12-31
2020-12-31;2050-02-14;3.400;25.74;2020-12-31
2020-12-31;2051-02-20;3.374;507.05;2021-01-04
2021-01-29;2021-02-15;1.436;48.19;2021-01-29
2021-01-29;2021-04-19;1.436;20.24;2021-01-26
2021-01-29;2021-05-17;1.360;30.77;2021-01-29
2021-01-29;2021-07-19;1.430;24.08;2021-01-29
2021-01-29;2021-09-13;1.447;212.17;2021-01-28
2021-01-29;2021-10-18;1.485;86.49;2021-01-28
2021-01-29;2022-01-17;1.535;140.91;2021-01-28
2021-01-29;2022-02-14;1.570;30.17;2021-01-29
2021-01-29;2022-03-09;1.622;37.08;2021-01-29
2021-01-29;2023-03-20;1.696;82.64;2021-01-29
2021-01-29;2023-04-03;1.680;49.62;2021-01-29
2021-01-29;2025-10-20;1.900;31.12;2021-01-29
2021-01-29;2030-06-17;2.297;139.88;2021-01-27
2021-01-29;2031-07-18;2.382;46.07;2021-01-26
2021-01-29;2036-02-04;2.703;31.26;2021-01-29
2021-01-29;2036-12-04;2.703;53.52;2021-01-29
2021-01-29;2040-04-16;2.859;553.84;2021-02-01
2021-01-29;2046-02-19;3.112;41.83;2021-01-29
2021-01-29;2051-02-20;3.307;231.93;2021-01-26
2021-02-26;2021-03-15;1.353;182.20;2021-02-26
2021-02-26;2021-04-19;1.353;93.55;2021-02-26
2021-02-26;2021-05-17;1.354;86.47;2021-02-26
2021-02-26;2021-06-14;1.337;183.69;2021-02-26
2021-02-26;2021-09-20;1.430;203.14;2021-02-26
2021-02-26;2021-11-12;1.463;31.70;2021-02-26
2021-02-26;2022-02-05;1.522;25.95;2021-02-26
2021-02-26;2022-02-14;1.530;186.28;2021-02-26
2021-02-26;2022-03-09;1.570;46.43;2021-02-26
2021-02-26;2022-04-18;1.569;319.67;2021-02-26
2021-02-26;2022-05-16;1.583;577.30;2021-02-26
2021-02-26;2023-03-20;1.680;30.36;2021-02-26
2021-02-26;2023-05-15;1.687;97.10;2021-02-26
2021-02-26;2025-04-14;1.852;230.84;2021-02-26
2021-02-26;2025-10-20;1.880;20.79;2021-02-26
2021-02-26;2030-06-17;2.245;85.48;2021-02-26
2021-02-26;2033-07-18;2.468;23.05;2021-02-22
2021-02-26;2034-07-17;2.510;101.95;2021-02-26
2021-02-26;2035-07-16;2.570;29.16;2021-02-26
2021-02-26;2038-08-16;2.710;35.75;2021-02-25
2021-02-26;2046-02-19;3.055;81.05;2021-02-26
2021-02-26;2050-02-14;3.236;68.62;2021-02-26
2021-02-26;2051-02-20;3.268;93.64;2021-02-26
2021-03-31;2021-05-17;1.357;115.90;2021-03-31
2021-03-31;2021-06-14;1.355;20.43;2021-03-24
2021-03-31;2021-07-19;1.380;35.03;2021-03-31
2021-03-31;2021-09-13;1.440;80.84;2021-03-31
2021-03-31;2021-11-12;1.470;57.10;2021-03-31
2021-03-31;2022-01-17;1.500;154.72;2021-03-31
2021-03-31;2022-02-14;1.513;447.04;2021-03-31
2021-03-31;2022-03-09;1.537;85.78;2021-03-31
2021-03-31;2022-05-16;1.575;214.57;2021-03-31
2021-03-31;2022-07-18;1.581;96.88;2021-03-31
2021-03-31;2023-03-20;1.679;147.45;2021-03-31
2021-03-31;2023-05-15;1.670;25.07;2021-03-31
2021-03-31;2023-06-19;1.690;39.27;2021-03-31
2021-03-31;2023-10-16;1.736;26.91;2021-03-31
2021-03-31;2025-06-02;1.900;48.92;2021-03-31
2021-03-31;2025-10-20;1.952;159.05;2021-03-31
2021-03-31;2026-04-20;1.980;100.73;2021-03-31
2021-03-31;2027-06-14;2.074;51.79;2021-03-31
2021-03-31;2028-06-19;2.160;55.06;2021-03-31
2021-03-31;2029-04-16;2.209;270.60;2021-03-31
2021-03-31;2029-06-18;2.219;111.03;2021-03-31
2021-03-31;2029-08-06;2.227;82.58;2021-03-31
2021-03-31;2030-06-17;2.278;68.99;2021-03-31
2021-03-31;2030-08-05;2.286;28.40;2021-03-31
2021-03-31;2031-07-18;2.343;66.00;2021-03-31
2021-03-31;2033-07-18;2.462;26.58;2021-03-31
2021-03-31;2034-03-31;2.512;40.99;2021-03-31
2021-03-31;2034-07-17;2.533;20.39;2021-03-31
2021-03-31;2035-07-16;2.605;48.70;2021-03-31
2021-03-31;2040-04-16;2.783;22.48;2021-03-31
2021-03-31;2050-02-14;3.226;127.07;2021-03-31
2021-03-31;2051-02-20;3.265;287.46;2021-04-05
2021-04-30;2021-05-31;1.362;62.48;2021-04-30
2021-04-30;2021-06-14;1.397;102.30;2021-05-04
2021-04-30;2021-07-19;1.363;1019.80;2021-05-04
2021-04-30;2021-09-13;1.410;50.60;2021-05-04
2021-04-30;2021-09-20;1.409;101.85;2021-05-04
2021-04-30;2021-10-18;1.428;225.33;2021-05-04
2021-04-30;2021-11-12;1.446;383.86;2021-04-30
2021-04-30;2022-01-17;1.481;898.45;2021-05-04
2021-04-30;2022-02-14;1.498;148.44;2021-04-30
2021-04-30;2022-03-09;1.521;471.46;2021-04-30
2021-04-30;2022-04-18;1.533;125.75;2021-04-30
2021-04-30;2022-05-16;1.570;236.35;2021-04-30
2021-04-30;2022-08-15;1.602;50.88;2021-04-30
2021-04-30;2022-11-14;1.636;40.56;2021-04-30
2021-04-30;2023-03-20;1.689;50.73;2021-04-30
2021-04-30;2023-04-03;1.682;358.07;2021-04-30
2021-04-30;2023-05-15;1.703;100.36;2021-04-30
2021-04-30;2023-06-19;1.707;73.38;2021-04-30
2021-04-30;2023-07-17;1.708;139.98;2021-04-30
2021-04-30;2023-10-16;1.729;67.64;2021-04-30
2021-04-30;2024-04-05;1.771;170.14;2021-04-30
2021-04-30;2026-04-20;1.952;2218.67;2021-05-04
2021-04-30;2029-04-16;2.162;23.77;2021-04-30
2021-04-30;2030-06-17;2.247;129.80;2021-05-04
2021-04-30;2033-07-18;2.499;57.69;2021-04-27
2021-04-30;2035-02-19;2.565;58.04;2021-04-30
2021-04-30;2038-08-16;2.724;17.92;2021-04-29
2021-04-30;2041-08-19;2.848;50.62;2021-05-04
2021-04-30;2045-02-06;3.012;29.29;2021-04-30
2021-04-30;2050-02-14;3.236;23.00;2021-04-30
2021-04-30;2051-02-20;3.266;104.55;2021-04-30
2021-05-31;2021-07-19;1.363;51.99;2021-05-31
2021-05-31;2021-07-19;1.363;125.37;2021-05-24
2021-05-31;2021-09-13;1.400;65.80;2021-05-31
2021-05-31;2021-10-18;1.417;22.25;2021-05-31
2021-05-31;2022-02-14;1.482;153.70;2021-05-31
2021-05-31;2022-04-18;1.517;146.29;2021-05-31
2021-05-31;2022-08-15;1.580;42.29;2021-05-31
2021-05-31;2023-03-20;1.659;101.66;2021-05-31
2021-05-31;2023-04-03;1.666;273.32;2021-05-31
2021-05-31;2023-05-15;1.678;418.32;2021-05-31
2021-05-31;2023-06-19;1.688;414.11;2021-05-31
2021-05-31;2023-07-17;1.697;230.52;2021-05-31
2021-05-31;2024-06-17;1.775;203.00;2021-05-31
2021-05-31;2027-06-14;2.035;58.11;2021-05-31
2021-05-31;2028-08-14;2.122;62.42;2021-05-28
2021-05-31;2029-04-16;2.162;49.12;2021-05-28
2021-05-31;2029-06-18;2.190;55.82;2021-05-28
2021-05-31;2031-06-16;2.326;512.43;2021-05-31
2021-05-31;2034-07-17;2.513;56.94;2021-05-20
2021-05-31;2040-04-16;2.777;662.55;2021-05-28
2021-05-31;2041-08-19;2.840;271.53;2021-05-31
2021-05-31;2050-02-14;3.215;57.86;2021-05-31
2021-05-31;2051-02-20;3.266;104.55;2021-04-30
2021-06-30;2021-07-19;1.386;22.66;2021-06-16
2021-06-30;2021-09-20;1.384;51.04;2021-06-29
2021-06-30;2021-10-18;1.402;214.77;2021-06-30
2021-06-30;2021-11-12;1.419;30.54;2021-06-30
2021-06-30;2022-01-17;1.450;51.61;2021-06-30
2021-06-30;2022-02-14;1.463;140.75;2021-06-30
2021-06-30;2022-03-09;1.473;29.70;2021-06-30
2021-06-30;2022-04-18;1.492;20.59;2021-06-30
2021-06-30;2022-05-16;1.505;85.87;2021-06-30
2021-06-30;2022-07-18;1.566;20.08;2021-06-30
2021-06-30;2022-11-14;1.612;25.12;2021-06-30
2021-06-30;2023-04-03;1.655;30.48;2021-06-30
2021-06-30;2023-05-15;1.671;20.14;2021-06-30
2021-06-30;2023-06-19;1.685;71.63;2021-06-30
2021-06-30;2023-10-16;1.717;97.18;2021-06-30
2021-06-30;2024-04-15;1.771;60.96;2021-06-30
2021-06-30;2025-04-14;1.867;233.50;2021-06-30
2021-06-30;2025-10-20;1.912;104.49;2021-06-30
2021-06-30;2026-06-15;1.968;142.30;2021-06-30
2021-06-30;2026-10-19;1.994;53.46;2021-06-30
2021-06-30;2027-06-14;2.060;21.29;2021-06-30
2021-06-30;2028-06-19;2.120;80.75;2021-06-30
2021-06-30;2029-06-18;2.205;544.15;2021-06-30
2021-06-30;2029-08-06;2.209;32.17;2021-06-30
2021-06-30;2031-06-16;2.342;99.82;2021-06-30
2021-06-30;2031-07-18;2.350;33.17;2021-06-30
2021-06-30;2033-07-18;2.450;49.48;2021-06-30
2021-06-30;2034-03-31;2.495;24.79;2021-06-30
2021-06-30;2034-07-17;2.514;42.59;2021-06-30
2021-06-30;2035-02-19;2.539;27.50;2021-06-30
2021-06-30;2035-07-16;2.557;60.23;2021-06-30
2021-06-30;2036-02-04;2.581;21.27;2021-06-30
2021-06-30;2036-07-14;2.600;20.81;2021-06-30
2021-06-30;2036-08-18;2.605;32.94;2021-06-30
2021-06-30;2040-04-16;2.765;43.67;2021-06-30
2021-06-30;2050-02-14;3.221;22.02;2021-06-30
2021-06-30;2051-02-20;3.265;420.72;2021-07-05
2021-07-29;2021-07-19;1.386;22.66;2021-06-16
2021-07-29;2021-10-18;1.427;106.33;2021-07-20
2021-07-29;2021-11-12;1.402;50.96;2021-07-29
2021-07-29;2022-01-17;1.454;125.63;2021-07-29
2021-07-29;2022-02-14;1.500;93.15;2021-07-29
2021-07-29;2022-05-16;1.523;217.59;2021-07-29
2021-07-29;2022-07-18;1.560;49.49;2021-07-29
2021-07-29;2022-08-15;1.614;612.83;2021-07-29
2021-07-29;2022-11-14;1.648;27.38;2021-07-29
2021-07-29;2023-05-15;1.689;178.53;2021-07-29
2021-07-29;2023-06-19;1.716;204.80;2021-07-29
2021-07-29;2023-08-05;1.750;54.90;2021-07-29
2021-07-29;2023-09-18;1.782;150.10;2021-07-29
2021-07-29;2023-10-16;1.788;156.55;2021-07-29
2021-07-29;2024-04-15;1.846;25.86;2021-07-29
2021-07-29;2024-06-17;1.860;50.00;2021-07-29
2021-07-29;2025-04-14;1.929;374.09;2021-07-29
2021-07-29;2025-10-03;1.966;225.70;2021-07-27
2021-07-29;2029-06-18;2.191;263.01;2021-07-29
2021-07-29;2029-08-06;2.225;32.20;2021-07-29
2021-07-29;2030-06-17;2.283;51.61;2021-07-29
2021-07-29;2030-08-05;2.292;235.98;2021-07-29
2021-07-29;2031-07-18;2.355;58.06;2021-07-29
2021-07-29;2034-07-17;2.504;346.18;2021-07-29
2021-07-29;2035-07-16;2.551;75.73;2021-07-29
2021-07-29;2036-08-18;2.602;33.02;2021-07-29
2021-07-29;2036-12-04;2.619;57.90;2021-07-29
2021-07-29;2038-08-16;2.692;168.87;2021-07-02
2021-07-29;2046-02-19;3.033;27.58;2021-07-29
2021-07-29;2050-02-14;3.215;34.89;2021-07-29
2021-07-29;2051-02-20;3.262;19.40;2021-07-28
2021-08-31;2021-09-20;1.409;32.13;2021-08-30
2021-08-31;2021-11-12;1.409;61.20;2021-08-18
2021-08-31;2022-01-17;1.409;149.76;2021-08-30
2021-08-31;2022-02-14;1.428;51.57;2021-08-30
2021-08-31;2022-03-07;1.400;300.00;2021-09-06
2021-08-31;2022-03-09;1.444;101.63;2021-08-31
2021-08-31;2022-05-16;1.494;345.11;2021-08-31
2021-08-31;2022-08-15;1.554;143.41;2021-08-31
2021-08-31;2022-09-19;1.591;99.99;2021-08-31
2021-08-31;2022-10-17;1.607;78.09;2021-08-31
2021-08-31;2022-11-14;1.615;142.27;2021-08-31
2021-08-31;2023-03-20;1.684;84.80;2021-08-31
2021-08-31;2023-09-18;1.746;35.71;2021-08-31
2021-08-31;2025-10-20;1.959;185.21;2021-08-31
2021-08-31;2026-10-19;2.044;523.55;2021-08-31
2021-08-31;2027-04-19;2.075;199.23;2021-08-31
2021-08-31;2031-06-16;2.360;1841.27;2021-09-06
2021-08-31;2031-07-18;2.351;32.34;2021-08-31
2021-08-31;2033-07-18;2.434;22.79;2021-08-30
2021-08-31;2034-03-31;2.482;27.69;2021-08-30
2021-08-31;2036-02-04;2.573;36.41;2021-08-31
2021-08-31;2038-08-16;2.687;33.98;2021-08-31
2021-08-31;2041-08-19;2.842;331.12;2021-09-06
2021-08-31;2046-02-19;3.034;55.29;2021-08-27
2021-08-31;2050-02-14;3.216;69.95;2021-08-27
2021-08-31;2051-02-20;3.262;19.40;2021-07-28
2021-09-30;2021-10-18;1.355;145.61;2021-10-05
2021-09-30;2021-11-12;1.434;475.82;2021-10-05
2021-09-30;2021-12-13;1.450;40.15;2021-09-24
2021-09-30;2022-01-17;1.474;184.04;2021-09-30
2021-09-30;2022-02-14;1.488;136.38;2021-09-30
2021-09-30;2022-03-09;1.505;167.84;2021-09-30
2021-09-30;2022-04-18;1.507;1167.61;2021-10-05
2021-09-30;2022-05-16;1.522;1450.13;2021-10-05
2021-09-30;2022-06-20;1.538;46.87;2021-09-30
2021-09-30;2022-07-18;1.558;204.18;2021-09-30
2021-09-30;2022-08-15;1.551;261.09;2021-09-30
2021-09-30;2022-10-17;1.568;935.62;2021-10-05
2021-09-30;2022-11-14;1.608;1021.25;2021-09-30
2021-09-30;2023-03-20;1.667;241.93;2021-09-30
2021-09-30;2023-04-03;1.672;206.08;2021-09-30
2021-09-30;2023-09-18;1.743;111.49;2021-09-30
2021-09-30;2023-10-16;1.759;199.96;2021-09-30
2021-09-30;2024-10-14;1.851;148.66;2021-09-30
2021-09-30;2025-10-20;1.956;733.72;2021-09-30
2021-09-30;2026-04-20;2.002;101.63;2021-09-30
2021-09-30;2026-10-19;2.060;2375.89;2021-10-05
2021-09-30;2027-04-19;2.088;34.19;2021-09-30
2021-09-30;2028-08-14;2.154;60.12;2021-09-30
2021-09-30;2029-04-16;2.198;125.96;2021-09-30
2021-09-30;2029-06-18;2.211;99.14;2021-09-30
2021-09-30;2029-08-06;2.215;206.27;2021-09-30
2021-09-30;2030-06-17;2.293;50.42;2021-09-30
2021-09-30;2031-06-16;2.360;1800.09;2021-10-05
2021-09-30;2031-07-18;2.369;64.70;2021-09-30
2021-09-30;2033-07-18;2.476;285.88;2021-09-30
2021-09-30;2034-07-17;2.529;437.20;2021-09-30
2021-09-30;2036-02-04;2.582;77.39;2021-09-30
2021-09-30;2038-08-16;2.701;139.74;2021-09-30
2021-09-30;2051-02-20;3.254;793.54;2021-10-04
2021-10-29;2021-11-12;1.455;296.75;2021-10-29
2021-10-29;2022-01-17;1.453;554.33;2021-10-29
2021-10-29;2022-02-05;1.458;103.24;2021-10-29
2021-10-29;2022-02-14;1.480;116.40;2021-10-29
2021-10-29;2022-04-18;1.505;85.25;2021-10-29
2021-10-29;2022-06-20;1.538;111.12;2021-10-29
2021-10-29;2022-10-17;1.581;51.58;2021-10-29
2021-10-29;2023-03-20;1.640;50.17;2021-10-29
2021-10-29;2023-04-03;1.635;118.51;2021-10-29
2021-10-29;2023-05-15;1.652;109.39;2021-10-29
2021-10-29;2023-06-19;1.675;46.72;2021-10-29
2021-10-29;2023-07-17;1.675;46.75;2021-10-29
2021-10-29;2023-10-16;1.710;63.05;2021-10-29
2021-10-29;2024-06-17;1.784;55.78;2021-10-29
2021-10-29;2025-03-01;1.901;63.00;2021-10-29
2021-10-29;2025-06-02;1.944;33.24;2021-10-29
2021-10-29;2026-04-20;1.961;147.44;2021-10-29
2021-10-29;2026-10-19;2.009;145.60;2021-10-29
2021-10-29;2027-06-14;2.047;107.26;2021-10-29
2021-10-29;2028-06-19;2.100;21.71;2021-10-29
2021-10-29;2029-06-18;2.169;30.10;2021-10-29
2021-10-29;2031-06-16;2.335;100.55;2021-10-29
2021-10-29;2031-07-18;2.331;54.19;2021-10-29
2021-10-29;2033-07-18;2.461;45.97;2021-10-29
2021-10-29;2034-07-17;2.500;59.01;2021-10-29
2021-10-29;2036-02-04;2.582;42.39;2021-10-29
2021-10-29;2038-08-16;2.697;205.22;2021-10-29
2021-10-29;2050-02-14;3.205;163.61;2021-10-29
2021-10-29;2051-02-20;3.256;212.84;2021-10-29
2021-11-30;2022-01-17;1.459;72.29;2021-11-29
2021-11-30;2022-02-05;1.459;26.15;2021-11-30
2021-11-30;2022-02-14;1.459;50.94;2021-11-30
2021-11-30;2022-03-09;1.498;45.89;2021-11-30
2021-11-30;2022-04-18;1.496;56.26;2021-11-30
2021-11-30;2022-05-16;1.510;20.76;2021-11-30
2021-11-30;2022-11-14;1.558;23.58;2021-11-30
2021-11-30;2023-01-16;1.620;30.02;2021-11-30
2021-11-30;2023-04-03;1.638;78.05;2021-11-30
2021-11-30;2023-10-16;1.694;81.90;2021-11-30
2021-11-30;2024-01-15;1.724;1383.45;2021-12-06
2021-11-30;2024-06-17;1.756;126.31;2021-11-30
2021-11-30;2025-10-20;1.859;51.14;2021-11-30
2021-11-30;2026-04-20;1.938;183.00;2021-11-30
2021-11-30;2026-10-19;1.988;457.78;2021-11-30
2021-11-30;2027-04-19;2.035;114.65;2021-11-30
2021-11-30;2029-06-18;2.163;46.07;2021-11-30
2021-11-30;2030-06-17;2.229;52.21;2021-11-30
2021-11-30;2031-06-16;2.289;708.94;2021-12-06
2021-11-30;2031-07-18;2.289;32.69;2021-11-30
2021-11-30;2033-07-18;2.429;46.44;2021-11-30
2021-11-30;2034-03-31;2.455;24.16;2021-11-30
2021-11-30;2034-07-17;2.489;495.99;2021-11-30
2021-11-30;2036-12-04;2.590;76.77;2021-11-30
2021-11-30;2038-08-16;2.648;130.38;2021-11-30
2021-11-30;2046-02-19;3.005;81.11;2021-11-30
2021-11-30;2050-02-14;3.152;404.08;2021-11-30
2021-11-30;2051-02-20;3.240;188.81;2021-11-30
2021-12-31;2022-01-17;1.530;31.40;2021-12-30
2021-12-31;2022-02-14;1.530;207.57;2021-12-30
2021-12-31;2022-03-09;1.530;67.90;2021-12-31
2021-12-31;2022-04-18;1.538;121.98;2021-12-31
2021-12-31;2022-09-19;1.563;221.15;2021-12-31
2021-12-31;2022-10-17;1.570;50.71;2021-12-31
2021-12-31;2022-11-14;1.581;30.13;2021-12-31
2021-12-31;2023-03-20;1.650;61.29;2021-12-31
2021-12-31;2023-04-03;1.639;100.41;2021-12-31
2021-12-31;2023-05-15;1.660;38.09;2021-12-31
2021-12-31;2023-06-19;1.680;103.40;2021-12-31
2021-12-31;2023-07-17;1.670;101.26;2021-12-31
2021-12-31;2023-09-18;1.691;156.00;2021-12-31
2021-12-31;2023-10-16;1.701;105.37;2021-12-31
2021-12-31;2024-01-15;1.730;99.95;2021-12-31
2021-12-31;2024-03-18;1.759;30.02;2021-12-31
2021-12-31;2024-04-15;1.765;177.96;2021-12-31
2021-12-31;2025-04-14;1.853;155.74;2021-12-31
2021-12-31;2025-06-02;1.863;50.71;2021-12-31
2021-12-31;2025-10-20;1.922;23.51;2021-12-31
2021-12-31;2026-04-20;2.007;170.74;2021-12-31
2021-12-31;2026-10-19;1.974;294.50;2021-12-31
2021-12-31;2027-04-19;2.010;60.25;2021-12-31
2021-12-31;2027-06-14;2.042;121.01;2021-12-31
2021-12-31;2028-06-19;2.095;198.33;2021-12-31
2021-12-31;2029-06-18;2.128;85.25;2021-12-31
2021-12-31;2029-08-06;2.165;124.97;2021-12-31
2021-12-31;2030-06-17;2.215;242.17;2021-12-31
2021-12-31;2030-08-05;2.221;164.66;2021-12-31
2021-12-31;2031-06-16;2.300;128.91;2021-12-31
2021-12-31;2033-07-18;2.420;405.66;2021-12-31
2021-12-31;2034-03-31;2.492;41.84;2021-12-31
2021-12-31;2035-02-19;2.430;70.36;2021-12-31
2021-12-31;2035-07-16;2.474;295.36;2021-12-31
2021-12-31;2038-08-16;2.636;130.87;2021-12-31
2021-12-31;2040-04-16;2.829;65.84;2021-12-31
2021-12-31;2046-02-19;3.008;311.17;2021-12-31
2021-12-31;2051-02-20;3.221;433.91;2021-12-31
2022-01-31;2022-02-14;1.526;122.06;2022-01-31
2022-01-31;2022-04-18;1.526;52.03;2022-01-31
2022-01-31;2022-05-16;1.535;61.23;2022-01-31
2022-01-31;2022-06-20;1.548;60.79;2022-01-31
2022-01-31;2022-09-19;1.585;178.44;2022-01-31
2022-01-31;2022-10-17;1.612;324.37;2022-01-31
2022-01-31;2023-01-16;1.650;150.44;2022-01-31
2022-01-31;2023-03-20;1.696;125.15;2022-01-31
2022-01-31;2023-04-03;1.702;126.16;2022-01-31
2022-01-31;2023-06-19;1.684;22.94;2022-01-31
2022-01-31;2023-09-18;1.750;161.63;2022-01-31
2022-01-31;2024-03-18;1.851;402.97;2022-01-31
2022-01-31;2024-04-15;1.858;222.25;2022-01-31
2022-01-31;2024-07-15;1.897;359.43;2022-01-31
2022-01-31;2025-04-14;1.904;199.35;2022-01-31
2022-01-31;2026-04-20;2.033;204.37;2022-01-31
2022-01-31;2026-06-15;2.049;324.61;2022-01-31
2022-01-31;2026-10-19;2.083;100.88;2022-01-31
2022-01-31;2027-04-19;2.099;57.35;2022-01-31
2022-01-31;2027-05-17;2.122;148.30;2022-01-31
2022-01-31;2029-06-18;2.199;57.88;2022-01-31
2022-01-31;2030-06-17;2.255;203.68;2022-01-31
2022-01-31;2030-08-05;2.264;23.05;2022-01-31
2022-01-31;2031-06-16;2.388;902.14;2022-01-31
2022-01-31;2031-07-18;2.366;77.08;2022-01-31
2022-01-31;2034-03-31;2.497;41.91;2022-01-31
2022-01-31;2034-07-17;2.546;41.76;2022-01-31
2022-01-31;2035-07-16;2.570;77.40;2022-01-31
2022-01-31;2036-08-18;2.555;32.59;2022-01-31
2022-01-31;2038-08-16;2.640;172.81;2022-01-31
2022-01-31;2040-04-16;2.744;802.36;2022-01-31
2022-01-31;2050-02-14;3.135;299.56;2022-01-31
2022-01-31;2051-02-20;3.237;99.14;2022-01-28
2022-02-28;2022-03-14;1.532;159.35;2022-02-28
2022-02-28;2022-04-18;1.532;68.11;2022-02-28
2022-02-28;2022-05-16;1.532;206.55;2022-02-25
2022-02-28;2022-06-20;1.551;119.48;2022-02-25
2022-02-28;2022-07-18;1.548;69.17;2022-02-25
2022-02-28;2022-08-15;1.556;63.46;2022-02-25
2022-02-28;2022-10-17;1.575;30.50;2022-02-25
2022-02-28;2022-11-14;1.586;65.65;2022-02-25
2022-02-28;2023-01-16;1.611;82.36;2022-02-25
2022-02-28;2023-03-20;1.646;41.69;2022-02-28
2022-02-28;2023-04-03;1.636;51.89;2022-02-28
2022-02-28;2023-07-17;1.686;24.36;2022-02-28
2022-02-28;2023-09-18;1.712;62.75;2022-02-28
2022-02-28;2024-03-18;1.841;94.17;2022-02-28
2022-02-28;2024-07-15;1.849;208.93;2022-02-28
2022-02-28;2025-10-20;1.961;215.42;2022-02-28
2022-02-28;2026-04-20;1.995;354.12;2022-02-28
2022-02-28;2026-10-19;2.065;137.22;2022-02-28
2022-02-28;2027-04-19;2.103;51.12;2022-02-28
2022-02-28;2029-04-16;2.212;27.18;2022-02-28
2022-02-28;2029-06-18;2.226;120.60;2022-02-28
2022-02-28;2030-06-17;2.292;221.00;2022-02-28
2022-02-28;2031-06-16;2.348;355.73;2022-02-28
2022-02-28;2031-07-18;2.360;144.26;2022-02-28
2022-02-28;2032-06-14;2.420;372.73;2022-02-28
2022-02-28;2035-07-16;2.615;53.08;2022-02-28
2022-02-28;2036-02-04;2.635;20.75;2022-02-28
2022-02-28;2038-08-16;2.746;31.83;2022-02-28
2022-02-28;2040-04-16;2.798;22.14;2022-02-28
2022-02-28;2051-02-20;3.170;36.85;2022-02-24
2022-03-31;2022-04-18;1.580;52.06;2022-03-31
2022-03-31;2022-05-16;1.580;20.87;2022-03-31
2022-03-31;2022-06-20;1.580;152.36;2022-03-31
2022-03-31;2022-09-19;1.574;153.26;2022-03-29
2022-03-31;2022-11-14;1.586;39.83;2022-03-31
2022-03-31;2023-01-16;1.606;70.42;2022-03-31
2022-03-31;2023-05-15;1.673;71.27;2022-03-31
2022-03-31;2024-01-15;1.790;20.13;2022-03-31
2022-03-31;2024-03-18;1.823;80.30;2022-03-31
2022-03-31;2024-06-17;1.869;78.27;2022-03-31
2022-03-31;2024-07-15;1.864;301.31;2022-03-31
2022-03-31;2025-04-14;1.933;26.95;2022-03-31
2022-03-31;2026-04-20;2.057;98.33;2022-03-31
2022-03-31;2026-06-05;2.074;32.01;2022-03-31
2022-03-31;2027-04-19;2.128;102.30;2022-03-31
2022-03-31;2029-06-18;2.264;57.85;2022-03-31
2022-03-31;2030-06-17;2.306;153.04;2022-03-31
2022-03-31;2031-06-16;2.381;34.93;2022-03-31
2022-03-31;2034-07-17;2.563;41.86;2022-03-31
2022-03-31;2035-07-16;2.611;195.31;2022-03-31
2022-03-31;2040-04-16;2.820;535.47;2022-03-31
2022-03-31;2045-02-06;3.057;69.33;2022-03-31
2022-03-31;2046-02-19;3.052;137.90;2022-03-31
2022-03-31;2051-02-20;3.225;37.63;2022-03-30
2022-04-29;2022-06-20;1.580;50.85;2022-04-27
2022-04-29;2022-07-18;1.598;92.71;2022-04-29
2022-04-29;2022-10-17;1.594;40.75;2022-04-19
2022-04-29;2023-03-20;1.644;59.03;2022-04-29
2022-04-29;2023-05-15;1.711;181.67;2022-04-29
2022-04-29;2023-07-17;1.770;101.69;2022-04-29
2022-04-29;2023-09-18;1.746;154.71;2022-04-29
2022-04-29;2023-10-16;1.746;23.28;2022-04-29
2022-04-29;2024-01-15;1.786;152.85;2022-04-29
2022-04-29;2024-03-18;1.817;100.53;2022-04-29
2022-04-29;2024-04-05;1.819;162.69;2022-04-29
2022-04-29;2024-04-15;1.822;204.14;2022-04-29
2022-04-29;2024-07-15;1.857;334.69;2022-04-29
2022-04-29;2025-04-14;1.935;227.63;2022-04-29
2022-04-29;2026-04-20;2.067;30.00;2022-04-29
2022-04-29;2026-10-19;2.144;79.18;2022-04-29
2022-04-29;2027-04-19;2.218;94.40;2022-04-29
2022-04-29;2027-10-18;2.232;39.89;2022-04-29
2022-04-29;2028-06-19;2.340;31.29;2022-04-29
2022-04-29;2029-06-18;2.281;174.67;2022-04-29
2022-04-29;2029-08-06;2.261;166.04;2022-04-29
2022-04-29;2030-06-17;2.334;88.95;2022-04-29
2022-04-29;2030-08-05;2.342;69.15;2022-04-29
2022-04-29;2031-06-16;2.481;356.73;2022-04-29
2022-04-29;2033-07-18;2.698;163.08;2022-04-29
2022-04-29;2034-07-17;2.562;131.92;2022-04-29
2022-04-29;2035-02-19;2.594;26.80;2022-04-29
2022-04-29;2035-07-16;2.614;265.58;2022-04-29
2022-04-29;2040-04-16;2.889;42.60;2022-04-29
2022-04-29;2050-02-14;3.267;41.86;2022-04-29
2022-04-29;2051-02-20;3.264;367.16;2022-04-29
2022-05-31;2022-06-20;1.580;101.84;2022-05-31
2022-05-31;2022-07-18;1.610;76.09;2022-05-31
2022-05-31;2022-08-22;1.600;200.03;2022-05-31
2022-05-31;2022-09-19;1.560;121.41;2022-05-31
2022-05-31;2022-10-17;1.593;130.14;2022-05-31
2022-05-31;2022-11-14;1.617;194.16;2022-05-31
2022-05-31;2022-12-05;1.670;1200.00;2022-06-06
2022-05-31;2023-03-20;1.701;140.92;2022-05-31
2022-05-31;2023-05-15;1.747;102.21;2022-05-31
2022-05-31;2023-05-22;1.756;550.73;2022-05-31
2022-05-31;2023-06-19;1.741;73.42;2022-05-31
2022-05-31;2023-09-18;1.767;232.00;2022-05-31
2022-05-31;2023-10-16;1.827;307.39;2022-05-31
2022-05-31;2023-11-20;1.837;20.46;2022-05-31
2022-05-31;2024-01-15;1.899;152.81;2022-05-31
2022-05-31;2024-03-18;1.969;23.50;2022-05-31
2022-05-31;2024-07-15;2.017;235.30;2022-05-31
2022-05-31;2024-09-16;2.030;40.66;2022-05-31
2022-05-31;2025-04-14;1.986;86.48;2022-05-31
2022-05-31;2026-04-20;2.180;672.80;2022-05-31
2022-05-31;2026-06-15;2.134;25.52;2022-05-31
2022-05-31;2026-10-19;2.244;486.46;2022-05-31
2022-05-31;2027-04-19;2.385;21.94;2022-05-31
2022-05-31;2027-05-17;2.268;208.60;2022-05-31
2022-05-31;2027-06-14;2.223;94.76;2022-05-31
2022-05-31;2029-04-16;2.254;71.85;2022-05-31
2022-05-31;2030-06-17;2.368;155.16;2022-05-31
2022-05-31;2031-07-18;2.420;56.73;2022-05-31
2022-05-31;2034-07-17;2.593;780.94;2022-05-31
2022-05-31;2035-07-16;2.627;85.48;2022-05-31
2022-05-31;2036-08-18;2.685;32.40;2022-05-31
2022-05-31;2040-04-16;2.875;219.93;2022-05-31
2022-05-31;2046-02-19;3.065;27.51;2022-05-20
2022-05-31;2051-02-20;3.220;315.31;2022-05-20
2022-06-30;2022-07-18;1.715;127.01;2022-06-30
2022-06-30;2022-09-19;1.616;34.44;2022-06-29
2022-06-30;2022-09-26;1.629;29.99;2022-06-29
2022-06-30;2022-10-17;1.649;20.44;2022-06-30
2022-06-30;2022-11-14;1.676;101.20;2022-06-30
2022-06-30;2023-05-22;1.770;50.13;2022-06-30
2022-06-30;2023-06-19;1.776;101.08;2022-06-30
2022-06-30;2023-07-17;1.810;71.37;2022-06-30
2022-06-30;2023-09-11;1.872;300.00;2022-06-30
2022-06-30;2023-09-18;1.818;29.48;2022-06-30
2022-06-30;2023-10-16;1.780;187.94;2022-06-30
2022-06-30;2024-03-18;1.998;340.40;2022-06-30
2022-06-30;2024-04-15;1.945;301.39;2022-06-30
2022-06-30;2024-07-15;1.977;377.51;2022-06-30
2022-06-30;2024-10-14;2.008;219.71;2022-06-30
2022-06-30;2025-04-14;2.108;629.76;2022-06-30
2022-06-30;2025-10-20;2.231;57.53;2022-06-30
2022-06-30;2027-05-17;2.217;159.47;2022-06-30
2022-06-30;2028-06-19;2.500;151.61;2022-06-30
2022-06-30;2029-06-18;2.422;105.99;2022-06-30
2022-06-30;2030-06-17;2.448;101.90;2022-06-30
2022-06-30;2031-06-16;2.440;387.37;2022-06-30
2022-06-30;2033-07-18;2.449;231.00;2022-06-30
2022-06-30;2035-07-16;2.654;149.18;2022-06-29
2022-06-30;2036-07-14;2.725;20.85;2022-06-29
2022-06-30;2038-08-16;2.888;14.27;2022-06-30
2022-06-30;2050-02-14;3.276;34.35;2022-06-30
2022-06-30;2051-02-20;3.310;97.02;2022-06-28
2022-07-29;2022-08-15;1.700;37.94;2022-07-29
2022-07-29;2022-09-12;1.577;50.10;2022-07-29
2022-07-29;2022-09-19;1.700;68.66;2022-07-29
2022-07-29;2022-10-17;1.700;40.62;2022-07-28
2022-07-29;2022-11-14;1.669;150.50;2022-07-29
2022-07-29;2022-12-19;1.725;100.17;2022-07-29
2022-07-29;2023-03-20;1.811;103.99;2022-07-29
2022-07-29;2023-04-03;1.781;170.92;2022-07-29
2022-07-29;2023-05-15;1.808;402.97;2022-07-29
2022-07-29;2023-05-22;1.811;473.56;2022-07-29
2022-07-29;2023-06-19;1.897;22.45;2022-07-29
2022-07-29;2023-08-05;1.904;108.49;2022-07-29
2022-07-29;2023-09-18;1.851;65.64;2022-07-29
2022-07-29;2023-10-16;1.914;230.24;2022-07-29
2022-07-29;2024-01-15;1.935;311.25;2022-07-29
2022-07-29;2024-03-18;2.093;90.48;2022-07-29
2022-07-29;2024-06-17;2.021;106.90;2022-07-29
2022-07-29;2024-07-15;1.997;341.67;2022-07-29
2022-07-29;2024-09-16;2.012;284.77;2022-07-29
2022-07-29;2025-04-14;2.187;71.08;2022-07-29
2022-07-29;2025-06-02;2.152;21.88;2022-07-29
2022-07-29;2026-04-20;2.145;41.59;2022-07-29
2022-07-29;2026-06-15;2.144;210.83;2022-07-29
2022-07-29;2026-10-19;2.172;390.06;2022-07-29
2022-07-29;2027-05-17;2.259;40.09;2022-07-29
2022-07-29;2027-06-14;2.277;139.13;2022-07-29
2022-07-29;2029-04-16;2.361;218.55;2022-07-29
2022-07-29;2030-06-17;2.421;151.18;2022-07-29
2022-07-29;2031-06-16;2.415;74.52;2022-07-29
2022-07-29;2031-07-18;2.413;182.32;2022-07-29
2022-07-29;2032-06-14;2.455;173.15;2022-07-29
2022-07-29;2033-07-18;2.669;126.82;2022-07-29
2022-07-29;2034-03-31;2.697;23.96;2022-07-29
2022-07-29;2035-07-16;2.752;82.33;2022-07-29
2022-07-29;2036-02-04;2.750;20.73;2022-07-29
2022-07-29;2038-08-16;2.843;163.23;2022-07-29
2022-07-29;2040-04-16;2.906;202.16;2022-07-29
2022-07-29;2050-02-14;3.222;47.27;2022-07-29
2022-07-29;2051-02-20;3.310;97.02;2022-06-28
2022-08-31;2022-09-19;1.819;119.54;2022-08-31
2022-08-31;2022-10-17;1.810;158.71;2022-08-31
2022-08-31;2022-11-07;1.830;300.29;2022-08-31
2022-08-31;2022-11-14;1.900;40.07;2022-08-31
2022-08-31;2022-11-28;1.900;150.02;2022-08-31
2022-08-31;2023-01-16;1.853;157.84;2022-08-30
2022-08-31;2023-02-13;1.920;23.02;2022-08-30
2022-08-31;2023-03-20;2.018;200.11;2022-08-31
2022-08-31;2023-05-15;2.005;65.17;2022-08-31
2022-08-31;2023-05-22;2.080;48.16;2022-08-31
2022-08-31;2023-06-19;2.110;109.82;2022-08-31
2022-08-31;2023-08-05;2.075;206.47;2022-08-31
2022-08-31;2023-09-11;2.134;33.02;2022-08-31
2022-08-31;2024-03-18;2.280;20.09;2022-08-31
2022-08-31;2024-07-15;2.350;55.02;2022-08-31
2022-08-31;2025-04-14;2.245;50.79;2022-08-31
2022-08-31;2026-04-20;2.169;41.64;2022-08-31
2022-08-31;2026-10-19;2.198;45.84;2022-08-31
2022-08-31;2027-06-14;2.237;92.40;2022-08-31
2022-08-31;2029-04-16;2.316;20.75;2022-08-31
2022-08-31;2030-06-17;2.366;152.09;2022-08-31
2022-08-31;2031-07-18;2.413;55.43;2022-08-31
2022-08-31;2033-07-18;2.530;67.43;2022-08-31
2022-08-31;2036-07-14;2.766;54.39;2022-08-05
2022-08-31;2040-04-16;2.897;160.43;2022-08-25
2022-08-31;2050-02-14;3.222;47.27;2022-07-29
2022-08-31;2051-02-20;3.310;97.02;2022-06-28
2022-09-30;2022-10-17;2.175;1025.95;2022-09-30
2022-09-30;2022-11-14;2.077;54.81;2022-09-30
2022-09-30;2022-11-28;2.077;189.25;2022-09-30
2022-09-30;2022-12-26;2.150;299.84;2022-09-30
2022-09-30;2023-03-06;2.074;200.21;2022-09-30
2022-09-30;2023-05-22;2.376;113.97;2022-09-30
2022-09-30;2023-06-19;2.374;213.33;2022-09-30
2022-09-30;2023-08-05;2.450;309.25;2022-09-30
2022-09-30;2023-09-11;2.288;170.88;2022-09-30
2022-09-30;2023-09-18;2.400;33.09;2022-09-30
2022-09-30;2023-10-16;2.400;33.71;2022-09-30
2022-09-30;2024-01-15;2.318;310.80;2022-09-30
2022-09-30;2024-03-18;2.372;81.51;2022-09-30
2022-09-30;2024-04-05;2.406;37.93;2022-09-30
2022-09-30;2024-04-15;2.427;142.71;2022-09-30
2022-09-30;2024-06-17;2.467;149.09;2022-09-30
2022-09-30;2024-07-15;2.485;149.98;2022-09-30
2022-09-30;2024-09-16;2.525;149.47;2022-09-30
2022-09-30;2024-10-14;2.490;51.36;2022-09-30
2022-09-30;2025-03-01;2.506;159.54;2022-09-30
2022-09-30;2025-04-14;2.489;133.15;2022-09-30
2022-09-30;2026-04-20;2.542;41.19;2022-09-30
2022-09-30;2026-10-19;2.606;195.66;2022-09-30
2022-09-30;2027-06-14;2.859;90.13;2022-09-30
2022-09-30;2028-06-19;2.896;41.21;2022-09-30
2022-09-30;2028-08-14;2.900;28.30;2022-09-30
2022-09-30;2029-04-16;2.920;25.32;2022-09-30
2022-09-30;2029-06-18;2.914;40.81;2022-09-30
2022-09-30;2030-06-17;3.010;145.82;2022-09-30
2022-09-30;2031-07-18;3.100;52.73;2022-09-30
2022-09-30;2033-07-18;3.353;208.70;2022-09-30
2022-09-30;2034-03-31;3.245;22.96;2022-09-30
2022-09-30;2034-07-17;3.300;224.06;2022-09-30
2022-09-30;2035-02-19;3.293;95.07;2022-09-30
2022-09-30;2036-08-18;3.374;29.37;2022-09-30
2022-09-30;2036-12-04;3.390;122.17;2022-09-30
2022-09-30;2040-04-16;3.488;39.89;2022-09-30
2022-09-30;2046-02-19;3.661;18.21;2022-09-30
2022-09-30;2050-02-14;3.628;112.46;2022-09-30
2022-09-30;2051-02-20;3.610;124.04;2022-09-29
2022-10-31;2022-11-14;2.350;36.63;2022-10-31
2022-10-31;2022-12-12;2.396;322.87;2022-10-31
2022-10-31;2023-01-02;2.270;149.81;2022-10-31
2022-10-31;2023-01-23;2.383;53.52;2022-10-31
2022-10-31;2023-03-20;2.343;281.24;2022-10-31
2022-10-31;2023-04-03;2.370;304.39;2022-10-31
2022-10-31;2023-07-17;2.430;137.13;2022-10-31
2022-10-31;2023-08-05;2.440;141.73;2022-10-31
2022-10-31;2023-09-11;2.472;214.28;2022-10-31
2022-10-31;2023-09-18;2.547;372.48;2022-10-31
2022-10-31;2024-01-15;2.550;310.57;2022-10-31
2022-10-31;2024-03-18;2.550;452.19;2022-10-31
2022-10-31;2024-04-15;2.550;144.90;2022-10-31
2022-10-31;2024-06-17;2.550;159.87;2022-10-31
2022-10-31;2024-07-15;2.550;150.14;2022-10-31
2022-10-31;2024-10-14;2.580;50.08;2022-10-31
2022-10-31;2025-10-20;2.539;60.21;2022-10-31
2022-10-31;2026-04-20;2.606;41.19;2022-10-31
2022-10-31;2026-06-15;2.604;41.75;2022-10-31
2022-10-31;2026-10-19;2.655;83.28;2022-10-31
2022-10-31;2027-05-17;2.730;148.52;2022-10-31
2022-10-31;2027-06-14;2.740;223.18;2022-10-31
2022-10-31;2030-06-17;3.049;210.33;2022-10-31
2022-10-31;2031-07-18;3.187;52.52;2022-10-31
2022-10-31;2033-07-18;3.173;63.99;2022-10-31
2022-10-31;2035-07-16;3.282;78.48;2022-10-31
2022-10-31;2036-07-14;3.365;59.22;2022-10-31
2022-10-31;2040-04-16;3.493;10.70;2022-10-31
2022-10-31;2046-02-19;3.660;43.02;2022-10-07
2022-10-31;2051-02-20;3.610;124.04;2022-09-29
2022-11-30;2022-12-05;2.350;20.16;2022-11-24
2022-11-30;2022-12-12;2.410;160.28;2022-11-24
2022-11-30;2023-02-27;2.580;75.01;2022-11-29
2022-11-30;2023-03-20;2.508;700.82;2022-11-30
2022-11-30;2023-05-15;2.633;210.51;2022-11-30
2022-11-30;2023-05-22;2.668;411.58;2022-11-30
2022-11-30;2023-09-11;2.815;496.60;2022-11-30
2022-11-30;2023-09-18;2.825;346.39;2022-11-30
2022-11-30;2023-10-16;2.846;146.89;2022-11-30
2022-11-30;2023-11-13;2.900;49.81;2022-11-30
2022-11-30;2024-03-18;2.957;50.08;2022-11-30
2022-11-30;2024-09-16;3.037;148.78;2022-11-30
2022-11-30;2026-04-20;2.914;40.88;2022-11-30
2022-11-30;2026-10-19;2.915;67.94;2022-11-30
2022-11-30;2027-05-17;2.916;113.81;2022-11-30
2022-11-30;2027-06-14;2.916;90.34;2022-11-30
2022-11-30;2030-06-17;3.042;146.24;2022-11-30
2022-11-30;2031-07-18;3.122;52.91;2022-11-30
2022-11-30;2032-06-14;3.183;38.24;2022-11-30
2022-11-30;2033-07-18;3.250;142.21;2022-11-30
2022-11-30;2035-02-19;3.300;31.93;2022-11-30
2022-11-30;2035-07-16;3.364;78.03;2022-11-30
2022-11-30;2036-07-14;3.362;26.44;2022-11-30
2022-11-30;2040-04-16;3.495;114.40;2022-11-07
2022-11-30;2046-02-19;3.533;43.78;2022-11-29
2022-11-30;2051-02-20;3.610;124.04;2022-09-29
2022-12-30;2023-01-13;2.948;322.40;2022-12-30
2022-12-30;2023-01-23;2.930;120.47;2022-12-30
2022-12-30;2023-03-06;2.942;30.15;2022-12-30
2022-12-30;2023-05-22;3.172;168.01;2022-12-30
2022-12-30;2023-06-19;3.008;829.46;2022-12-30
2022-12-30;2023-07-17;3.002;210.28;2022-12-30
2022-12-30;2023-08-05;3.016;116.18;2022-12-30
2022-12-30;2023-09-11;3.045;349.31;2022-12-30
2022-12-30;2023-10-16;3.130;57.86;2022-12-30
2022-12-30;2024-01-15;2.967;62.41;2022-12-30
2022-12-30;2024-03-18;2.987;100.37;2022-12-30
2022-12-30;2024-04-15;2.961;261.82;2022-12-30
2022-12-30;2024-06-17;2.991;53.19;2022-12-30
2022-12-30;2024-07-15;2.989;149.79;2022-12-30
2022-12-30;2024-09-16;3.050;69.58;2022-12-30
2022-12-30;2025-10-20;2.980;100.50;2022-12-30
2022-12-30;2026-04-20;2.941;138.51;2022-12-30
2022-12-30;2029-04-16;3.003;118.63;2022-12-30
2022-12-30;2029-06-18;3.011;115.57;2022-12-30
2022-12-30;2031-06-16;3.126;274.67;2022-12-30
2022-12-30;2033-07-18;3.211;317.93;2022-12-30
2022-12-30;2034-07-17;3.346;61.82;2022-12-30
2022-12-30;2035-07-16;3.279;356.46;2022-12-30
2022-12-30;2036-08-18;3.374;36.32;2022-12-30
2022-12-30;2038-08-16;3.433;135.19;2022-12-30
2022-12-30;2040-04-16;3.488;15.09;2022-12-30
2022-12-30;2046-02-19;3.614;21.09;2022-12-30
2022-12-30;2050-02-14;3.789;13.91;2022-12-30
2022-12-30;2051-02-20;3.612;135.76;2022-12-30
2023-01-31;2023-03-20;3.130;-;2023-01-06
2023-01-31;2023-05-01;3.040;1000.00;2023-01-30
2023-01-31;2024-02-19;3.590;3929.00;2023-01-30
2023-01-31;2025-05-19;3.720;100.00;2023-01-23
2023-01-31;2028-04-17;3.920;749.00;2023-01-16
2023-01-31;2031-06-16;4.120;-;2023-01-06
2023-01-31;2033-06-20;4.230;249.00;2023-01-16
2023-01-31;2040-04-16;4.630;-;2023-01-06
2023-01-31;2043-08-17;4.780;30.00;2023-01-16
2023-01-31;2051-02-20;5.120;-;2023-01-06
2023-02-28;2023-04-03;3.110;1107.00;2023-02-28
2023-02-28;2023-04-10;3.140;603.00;2023-02-28
2023-02-28;2023-04-17;3.120;1021.00;2023-02-28
2023-02-28;2023-04-24;3.160;502.00;2023-02-28
2023-02-28;2023-05-01;3.040;1000.00;2023-01-30
2023-02-28;2023-08-07;3.150;7270.00;2023-02-06
2023-02-28;2024-05-20;3.580;1139.00;2023-02-20
2023-02-28;2025-07-14;3.870;1310.00;2023-02-28
2023-02-28;2028-04-17;4.090;617.00;2023-02-20
2023-02-28;2031-06-16;4.120;-;2023-01-06
2023-02-28;2033-06-20;4.580;1923.00;2023-02-28
2023-02-28;2040-04-16;4.630;-;2023-01-06
2023-02-28;2043-08-17;4.780;30.00;2023-01-16
2023-02-28;2051-02-20;5.120;-;2023-01-06
2023-03-31;2023-05-22;3.030;-;2023-03-31
2023-03-31;2023-09-18;3.170;-;2023-03-31
2023-03-31;2024-02-19;3.440;-;2023-03-31
2023-03-31;2024-09-16;3.670;-;2023-03-31
2023-03-31;2025-04-14;3.880;-;2023-03-31
2023-03-31;2030-06-17;4.300;-;2023-03-31
2023-03-31;2032-06-14;4.510;-;2023-03-31
2023-03-31;2036-07-14;4.850;-;2023-03-31
2023-03-31;2040-04-16;5.070;-;2023-03-31
2023-03-31;2051-02-20;5.530;-;2023-03-31
2023-04-28;2023-07-17;3.020;-;2023-04-28
2023-04-28;2023-09-11;3.090;-;2023-04-28
2023-04-28;2024-02-19;3.410;-;2023-04-28
2023-04-28;2024-09-16;3.730;-;2023-04-28
2023-04-28;2027-05-17;4.160;-;2023-04-28
2023-04-28;2030-06-17;4.410;-;2023-04-28
2023-04-28;2032-06-14;4.550;-;2023-04-28
2023-04-28;2036-07-14;4.960;-;2023-04-28
2023-04-28;2040-04-16;5.190;-;2023-04-28
2023-04-28;2051-02-20;5.640;-;2023-04-28
2023-05-31;2023-07-17;3.000;-;2023-05-31
2023-05-31;2023-09-11;3.010;-;2023-05-31
2023-05-31;2023-12-04;3.100;-;2023-06-05
2023-05-31;2024-09-16;3.530;-;2023-05-31
2023-05-31;2027-05-17;4.000;-;2023-05-31
2023-05-31;2030-06-17;4.290;-;2023-05-31
2023-05-31;2033-06-20;4.630;-;2023-06-05
2023-05-31;2036-07-14;4.820;-;2023-05-31
2023-05-31;2043-08-17;5.310;-;2023-06-05
2023-05-31;2050-02-14;5.550;-;2023-05-31
2023-06-28;2023-09-11;2.980;-;2023-06-28
2023-06-28;2023-10-16;2.980;-;2023-06-28
2023-06-28;2024-02-19;3.060;-;2023-06-28
2023-06-28;2024-09-16;3.290;-;2023-06-28
2023-06-28;2027-05-17;3.680;-;2023-06-28
2023-06-28;2030-06-17;3.910;-;2023-06-28
2023-06-28;2034-06-19;4.340;-;2023-07-03
2023-06-28;2036-07-14;4.510;-;2023-06-28
2023-06-28;2043-08-17;4.990;-;2023-07-03
2023-06-28;2054-02-16;5.430;-;2023-07-03
2023-07-31;2023-09-11;2.950;-;2023-07-31
2023-07-31;2024-01-15;3.030;-;2023-07-31
2023-07-31;2024-02-19;3.070;-;2023-07-31
2023-07-31;2024-09-16;3.360;-;2023-07-31
2023-07-31;2027-05-17;3.690;-;2023-07-31
2023-07-31;2030-06-17;3.890;-;2023-07-31
2023-07-31;2032-06-14;4.070;-;2023-07-31
2023-07-31;2036-07-14;4.400;-;2023-07-31
2023-07-31;2040-04-16;4.740;-;2023-07-31
2023-07-31;2051-02-20;5.300;-;2023-07-31
2023-08-31;2023-10-16;2.970;-;2023-08-31
2023-08-31;2024-01-15;3.020;-;2023-08-31
2023-08-31;2024-03-18;3.080;-;2023-08-31
2023-08-31;2024-09-16;3.310;-;2023-08-31
2023-08-31;2027-05-17;3.670;-;2023-08-31
2023-08-31;2030-06-17;3.900;-;2023-08-31
2023-08-31;2032-06-14;4.070;-;2023-08-31
2023-08-31;2036-07-14;4.410;-;2023-08-31
2023-08-31;2040-04-16;4.730;-;2023-08-31
2023-08-31;2051-02-20;5.300;-;2023-08-31
2023-09-27;2023-11-20;2.970;-;2023-09-27
2023-09-27;2024-01-15;3.040;-;2023-09-27
2023-09-27;2024-07-15;3.180;-;2023-09-27
2023-09-27;2025-08-18;3.470;-;2023-09-27
2023-09-27;2027-05-17;3.640;-;2023-09-27
2023-09-27;2030-06-17;3.940;-;2023-09-27
2023-09-27;2033-06-20;4.150;-;2023-09-27
2023-09-27;2038-07-19;4.560;-;2023-09-27
2023-09-27;2040-04-16;4.710;-;2023-09-27
2023-09-27;2051-02-20;5.300;-;2023-09-27
2023-10-31;2023-12-04;2.900;-;2023-10-31
2023-10-31;2024-02-19;2.940;-;2023-10-31
2023-10-31;2024-07-15;3.030;-;2023-10-31
2023-10-31;2025-08-18;3.370;-;2023-10-31
2023-10-31;2027-05-17;3.590;-;2023-10-31
2023-10-31;2030-06-17;3.900;-;2023-10-31
2023-10-31;2033-06-20;4.150;-;2023-10-31
2023-10-31;2038-07-19;4.550;-;2023-10-31
2023-10-31;2040-04-16;4.710;-;2023-10-31
2023-10-31;2051-02-20;5.260;-;2023-10-31
2023-11-30;2024-01-15;2.920;-;2023-11-30
2023-11-30;2024-05-20;2.960;-;2023-11-30
2023-11-30;2024-07-15;3.010;-;2023-11-30
2023-11-30;2025-08-18;3.260;-;2023-11-30
2023-11-30;2027-05-17;3.490;-;2023-11-30
2023-11-30;2030-06-17;3.720;-;2023-11-30
2023-11-30;2033-06-20;4.000;-;2023-11-30
2023-11-30;2038-07-19;4.380;-;2023-11-30
2023-11-30;2040-04-16;4.630;-;2023-11-30
2023-11-30;2051-02-20;5.250;-;2023-11-30
2023-12-29;2024-02-19;2.920;-;2023-12-29
2023-12-29;2024-05-20;2.980;-;2023-12-29
2023-12-29;2024-07-15;3.000;-;2023-12-29
2023-12-29;2025-08-18;3.230;-;2023-12-29
2023-12-29;2027-05-17;3.410;-;2023-12-29
2023-12-29;2030-06-17;3.650;-;2023-12-29
2023-12-29;2034-09-18;3.910;-;2023-12-29
2023-12-29;2038-07-19;4.170;-;2023-12-29
2023-12-29;2040-04-16;4.350;-;2023-12-29
2023-12-29;2051-02-20;4.990;-;2023-12-29
2024-01-31;2024-03-18;2.880;-;2024-01-31
2024-01-31;2024-05-20;3.060;-;2024-01-31
2024-01-31;2024-11-19;3.140;-;2024-01-31
2024-01-31;2025-11-17;3.290;-;2024-01-31
2024-01-31;2028-04-17;3.480;-;2024-01-31
2024-01-31;2031-06-16;3.580;-;2024-01-31
2024-01-31;2034-09-18;3.810;-;2024-02-05
2024-01-31;2039-03-14;3.970;-;2024-01-31
2024-01-31;2044-08-15;4.320;-;2024-02-05
2024-01-31;2054-02-16;5.030;-;2024-01-31
2024-02-29;2024-04-15;2.940;-;2024-02-29
2024-02-29;2024-07-15;3.050;-;2024-02-29
2024-02-29;2024-11-19;3.090;-;2024-02-29
2024-02-29;2025-11-17;3.220;-;2024-02-29
2024-02-29;2028-04-17;3.360;-;2024-02-29
2024-02-29;2031-06-16;3.550;-;2024-02-29
2024-02-29;2034-06-19;3.740;-;2024-02-29
2024-02-29;2039-03-14;3.990;-;2024-02-29
2024-02-29;2043-08-17;4.180;-;2024-02-29
2024-02-29;2054-02-16;4.930;-;2024-02-29
2024-03-29;2024-04-15;3.000;-;2024-04-02
2024-03-29;2024-06-17;2.990;-;2024-04-02
2024-03-29;2024-07-15;3.020;-;2024-04-02
2024-03-29;2024-11-19;3.070;-;2024-03-29
2024-03-29;2025-04-14;3.170;-;2024-04-02
2024-03-29;2028-04-17;3.340;-;2024-03-29
2024-03-29;2029-10-15;3.470;-;2024-04-02
2024-03-29;2034-09-18;3.770;-;2024-04-02
2024-03-29;2039-03-14;3.970;-;2024-03-29
2024-03-29;2043-08-17;4.170;-;2024-03-29
2024-03-29;2054-02-16;4.880;-;2024-04-02
2024-04-30;2024-07-15;2.970;-;2024-04-30
2024-04-30;2024-08-19;3.040;-;2024-04-30
2024-04-30;2024-11-19;3.100;-;2024-04-30
2024-04-30;2025-11-17;3.230;-;2024-04-30
2024-04-30;2028-04-17;3.360;-;2024-04-30
2024-04-30;2031-06-16;3.540;-;2024-04-30
2024-04-30;2034-06-19;3.740;-;2024-04-30
2024-04-30;2039-03-14;3.970;-;2024-04-30
2024-04-30;2043-08-17;4.170;-;2024-04-30
2024-04-30;2054-02-16;4.850;-;2024-04-30
2024-05-31;2024-06-17;2.990;-;2024-06-04
2024-05-31;2024-07-15;2.960;-;2024-06-04
2024-05-31;2024-09-16;3.060;-;2024-05-31
2024-05-31;2025-04-14;3.090;-;2024-06-04
2024-05-31;2025-06-02;3.110;-;2024-06-04
2024-05-31;2025-11-17;3.220;-;2024-05-31
2024-05-31;2028-04-17;3.360;-;2024-05-31
2024-05-31;2031-06-16;3.560;-;2024-05-31
2024-05-31;2034-09-18;3.780;-;2024-06-04
2024-05-31;2039-07-18;4.030;-;2024-06-04
2024-05-31;2044-08-15;4.230;-;2024-06-04
2024-05-31;2055-02-15;4.920;-;2024-06-04
2024-06-28;2024-08-19;2.770;-;2024-07-02
2024-06-28;2024-08-26;2.780;-;2024-06-28
2024-06-28;2024-10-14;2.790;-;2024-07-02
2024-06-28;2024-11-19;2.800;-;2024-06-28
2024-06-28;2025-01-20;2.820;-;2024-06-28
2024-06-28;2025-04-14;2.890;-;2024-07-02
2024-06-28;2025-06-02;2.900;-;2024-07-02
2024-06-28;2025-11-17;2.930;-;2024-06-28
2024-06-28;2026-05-18;3.030;-;2024-06-28
2024-06-28;2026-06-15;3.030;-;2024-06-28
2024-06-28;2028-04-17;3.190;-;2024-06-28
2024-06-28;2029-10-15;3.300;-;2024-07-02
2024-06-28;2034-09-18;3.590;-;2024-07-02
2024-06-28;2039-07-18;3.850;-;2024-07-02
2024-06-28;2044-08-15;4.090;-;2024-07-02
2024-06-28;2055-02-15;4.710;-;2024-07-02
2024-07-31;2024-09-16;2.590;-;2024-07-31
2024-07-31;2024-11-19;2.610;-;2024-07-31
2024-07-31;2025-05-19;2.730;-;2024-07-31
2024-07-31;2025-11-17;2.780;-;2024-07-31
2024-07-31;2028-04-17;3.040;-;2024-07-31
2024-07-31;2031-06-16;3.280;-;2024-07-31
2024-07-31;2034-06-19;3.510;-;2024-07-31
2024-07-31;2039-03-14;3.750;-;2024-07-31
2024-07-31;2043-08-17;4.000;-;2024-07-31
2024-07-31;2054-02-16;4.610;-;2024-07-31
2024-08-30;2024-10-14;2.610;-;2024-08-30
2024-08-30;2025-01-20;2.650;-;2024-08-30
2024-08-30;2025-05-19;2.740;-;2024-08-30
2024-08-30;2025-11-17;2.760;-;2024-08-30
2024-08-30;2028-04-17;2.910;-;2024-08-30
2024-08-30;2031-06-16;3.200;-;2024-08-30
2024-08-30;2034-06-19;3.380;-;2024-08-30
2024-08-30;2039-03-14;3.620;-;2024-08-30
2024-08-30;2043-08-17;3.970;-;2024-08-30
2024-08-30;2054-02-16;4.570;-;2024-08-30
2024-09-30;2024-11-19;2.670;-;2024-09-30
2024-09-30;2025-01-20;2.720;-;2024-09-30
2024-09-30;2025-05-19;2.740;-;2024-09-30
2024-09-30;2025-11-17;2.800;-;2024-09-30
2024-09-30;2028-04-17;2.930;-;2024-09-30
2024-09-30;2031-06-16;3.090;-;2024-09-30
2024-09-30;2033-06-20;3.230;-;2024-09-30
2024-09-30;2039-03-14;3.530;-;2024-09-30
2024-09-30;2043-08-17;3.860;-;2024-09-30
2024-09-30;2054-02-16;4.400;-;2024-09-30
2024-10-31;2025-01-20;2.660;-;2024-10-31
2024-10-31;2025-04-14;2.680;-;2024-10-31
2024-10-31;2025-05-19;2.690;-;2024-10-31
2024-10-31;2025-11-17;2.700;-;2024-10-31
2024-10-31;2028-04-17;2.830;-;2024-10-31
2024-10-31;2031-06-16;3.020;-;2024-10-31
2024-10-31;2034-06-19;3.220;-;2024-10-31
2024-10-31;2039-03-14;3.460;-;2024-10-31
2024-10-31;2043-08-17;3.770;-;2024-10-31
2024-10-31;2054-02-16;4.310;-;2024-10-31
2024-11-29;2025-01-20;2.620;-;2024-11-29
2024-11-29;2025-04-14;2.700;-;2024-11-29
2024-11-29;2025-11-17;2.730;-;2024-11-29
2024-11-29;2026-11-16;2.770;-;2024-11-29
2024-11-29;2028-04-17;2.840;-;2024-11-29
2024-11-29;2031-06-16;3.050;-;2024-11-29
2024-11-29;2034-06-19;3.300;-;2024-11-29
2024-11-29;2039-03-14;3.540;-;2024-11-29
2024-11-29;2043-08-17;3.740;-;2024-11-29
2024-11-29;2054-02-16;4.300;-;2024-11-29
2024-12-31;2025-03-01;2.490;-;2024-12-31
2024-12-31;2025-04-14;2.530;-;2024-12-31
2024-12-31;2025-11-17;2.560;-;2024-12-31
2024-12-31;2026-11-16;2.650;-;2024-12-31
2024-12-31;2028-04-17;2.730;-;2024-12-31
2024-12-31;2031-06-16;2.920;-;2024-12-31
2024-12-31;2034-06-19;3.170;-;2024-12-31
2024-12-31;2039-03-14;3.410;-;2024-12-31
2024-12-31;2043-08-17;3.700;-;2024-12-31
2024-12-31;2054-02-16;4.300;-;2024-12-31
2025-01-31;2025-04-14;2.490;-;2025-01-31
2025-01-31;2025-07-14;2.570;-;2025-01-31
2025-01-31;2026-01-19;2.590;-;2025-01-31
2025-01-31;2026-11-16;2.650;-;2025-01-31
2025-01-31;2029-10-15;2.780;-;2025-01-31
2025-01-31;2030-04-15;2.820;-;2025-01-31
2025-01-31;2035-06-18;3.170;-;2025-01-31
2025-01-31;2039-07-18;3.400;-;2025-01-31
2025-01-31;2045-08-14;3.750;-;2025-01-31
2025-01-31;2055-04-19;4.180;-;2025-01-31
2025-02-28;2025-04-14;2.490;-;2025-02-28
2025-02-28;2025-07-14;2.540;-;2025-02-28
2025-02-28;2026-01-19;2.570;-;2025-02-28
2025-02-28;2026-11-16;2.630;-;2025-02-28
2025-02-28;2029-10-15;2.830;-;2025-02-28
2025-02-28;2030-04-15;2.860;-;2025-02-28
2025-02-28;2035-06-18;3.180;-;2025-02-28
2025-02-28;2039-07-18;3.400;-;2025-02-28
2025-02-28;2045-08-14;3.750;-;2025-02-28
2025-02-28;2055-04-19;4.170;-;2025-02-28
2025-03-28;2025-05-19;2.220;-;2025-03-28
2025-03-28;2025-07-14;2.340;-;2025-03-28
2025-03-28;2026-01-19;2.360;-;2025-03-28
2025-03-28;2026-11-16;2.400;-;2025-03-28
2025-03-28;2029-10-15;2.700;-;2025-03-28
2025-03-28;2030-04-15;2.680;-;2025-03-28
2025-03-28;2035-06-18;2.960;-;2025-03-28
2025-03-28;2039-07-18;3.220;-;2025-03-28
2025-03-28;2045-08-14;3.550;-;2025-03-28
2025-03-28;2055-04-19;3.850;-;2025-03-28
2025-04-30;2025-07-21;2.220;-;2025-04-30
2025-04-30;2025-09-15;2.230;-;2025-04-30
2025-04-30;2026-01-19;2.240;-;2025-04-30
2025-04-30;2026-11-16;2.260;-;2025-04-30
2025-04-30;2029-10-15;2.520;-;2025-04-30
2025-04-30;2030-10-14;2.610;-;2025-04-30
2025-04-30;2035-05-14;2.850;-;2025-05-05
2025-04-30;2039-07-18;3.160;-;2025-04-30
2025-04-30;2045-08-14;3.460;-;2025-05-05
2025-04-30;2055-04-19;3.850;-;2025-04-30
2025-05-30;2025-07-14;2.090;-;2025-06-03
2025-05-30;2025-08-18;2.070;-;2025-06-03
2025-05-30;2025-10-20;2.100;-;2025-06-03
2025-05-30;2026-04-20;2.130;-;2025-06-03
2025-05-30;2026-06-15;2.170;-;2025-06-03
2025-05-30;2029-10-15;2.320;-;2025-05-30
2025-05-30;2030-10-14;2.400;-;2025-06-03
2025-05-30;2035-05-14;2.660;-;2025-06-03
2025-05-30;2039-07-18;2.950;-;2025-05-30
2025-05-30;2045-08-21;3.340;-;2025-06-03
2025-05-30;2055-04-19;3.720;-;2025-06-03
2025-06-30;2025-09-15;2.180;-;2025-06-30
2025-06-30;2025-11-17;2.230;-;2025-06-30
2025-06-30;2026-03-16;2.270;-;2025-06-30
2025-06-30;2027-03-15;2.280;-;2025-06-30
2025-06-30;2030-04-15;2.450;-;2025-06-30
2025-06-30;2030-10-14;2.500;-;2025-06-30
2025-06-30;2035-06-18;2.790;-;2025-06-30
2025-06-30;2039-07-18;3.130;-;2025-06-30
2025-06-30;2045-08-14;3.360;-;2025-06-30
2025-06-30;2055-04-19;3.750;-;2025-06-30
2025-07-31;2025-09-15;2.140;-;2025-07-31
2025-07-31;2025-11-17;2.170;-;2025-07-31
2025-07-31;2026-02-02;1.940;-;2025-08-04
2025-07-31;2027-03-15;2.210;-;2025-07-31
2025-07-31;2027-08-16;2.240;-;2025-08-04
2025-07-31;2030-10-14;2.410;-;2025-07-31
2025-07-31;2035-05-14;2.700;-;2025-08-04
2025-07-31;2039-07-18;3.010;-;2025-07-31
2025-07-31;2045-08-21;3.330;-;2025-08-04
2025-07-31;2055-04-19;3.730;-;2025-07-31
2025-08-29;2025-09-15;2.110;0.00;2025-09-02
2025-08-29;2025-10-20;2.170;0.00;2025-09-02
2025-08-29;2026-01-19;2.190;0.00;2025-08-29
2025-08-29;2026-04-20;2.200;0.00;2025-09-02
2025-08-29;2027-03-15;2.210;0.00;2025-08-29
2025-08-29;2030-04-15;2.380;0.00;2025-08-29
2025-08-29;2030-10-14;2.410;0.00;2025-08-29
2025-08-29;2035-06-18;2.720;0.00;2025-08-29
2025-08-29;2040-07-16;3.060;0.00;2025-09-02
2025-08-29;2045-08-21;3.290;0.00;2025-09-02
2025-08-29;2055-04-19;3.730;0.00;2025-08-29
2025-09-30;2025-11-17;2.160;0.00;2025-09-30
2025-09-30;2026-01-19;2.200;0.00;2025-09-30
2025-09-30;2026-09-14;2.230;0.00;2025-09-30
2025-09-30;2027-03-15;2.260;0.00;2025-09-30
2025-09-30;2030-04-15;2.440;0.00;2025-09-30
2025-09-30;2030-10-14;2.480;0.00;2025-09-30
2025-09-30;2035-06-18;2.760;0.00;2025-09-30
2025-09-30;2039-07-18;3.050;0.00;2025-09-30
2025-09-30;2045-08-14;3.290;0.00;2025-09-30
2025-09-30;2055-04-19;3.740;0.00;2025-09-30
2025-10-31;2025-11-17;2.110;0.00;2025-11-04
2025-10-31;2026-04-20;2.260;0.00;2025-11-04
2025-10-31;2026-09-14;2.250;0.00;2025-10-31
2025-10-31;2027-03-15;2.330;0.00;2025-10-31
2025-10-31;2030-04-15;2.570;0.00;2025-10-31
2025-10-31;2031-04-14;2.610;0.00;2025-11-04
2025-10-31;2035-06-18;2.830;0.00;2025-10-31
2025-10-31;2039-07-18;3.130;0.00;2025-10-31
2025-10-31;2045-08-14;3.400;0.00;2025-10-31
2025-10-31;2055-04-19;3.840;0.00;2025-10-31
2025-11-28;2026-01-19;2.200;0.00;2025-11-28
2025-11-28;2026-03-16;2.280;0.00;2025-11-28
2025-11-28;2026-09-14;2.300;0.00;2025-11-28
2025-11-28;2027-03-15;2.420;0.00;2025-11-28
2025-11-28;2030-04-15;2.650;0.00;2025-11-28
2025-11-28;2033-06-20;2.910;0.00;2025-11-28
2025-11-28;2035-06-18;3.060;0.00;2025-11-28
2025-11-28;2040-07-16;3.300;0.00;2025-11-28
2025-11-28;2046-02-19;3.560;0.00;2025-11-28
2025-11-28;2055-04-19;3.840;0.00;2025-11-28
2025-12-31;2026-01-19;2.220;0.00;2025-12-31
2025-12-31;2026-04-20;2.250;0.00;2025-12-31
2025-12-31;2026-06-15;2.250;0.00;2025-12-31
2025-12-31;2026-07-06;2.190;0.00;2026-01-05
2025-12-31;2026-07-20;2.210;0.00;2025-12-31
2025-12-31;2026-09-14;2.220;0.00;2025-12-31
2025-12-31;2026-10-19;2.160;0.00;2025-12-31
2025-12-31;2027-03-15;2.350;0.00;2025-12-31
2025-12-31;2028-07-17;2.520;0.00;2026-01-05
2025-12-31;2031-04-14;2.650;0.00;2025-12-31
2025-12-31;2035-06-18;2.920;0.00;2025-12-31
2025-12-31;2039-07-18;3.210;0.00;2025-12-31
2025-12-31;2045-08-14;3.430;0.00;2025-12-31
2025-12-31;2055-04-19;3.850;0.00;2025-12-31
2026-01-30;2026-02-16;2.220;0.00;2026-02-03
2026-01-30;2026-03-16;2.250;0.00;2026-02-03
2026-01-30;2026-05-18;2.350;0.00;2026-01-30
2026-01-30;2026-09-14;2.380;0.00;2026-01-30
2026-01-30;2027-03-15;2.540;0.00;2026-01-30
2026-01-30;2028-09-18;2.750;0.00;2026-02-03
2026-01-30;2031-04-14;2.920;0.00;2026-01-30
2026-01-30;2035-06-18;3.110;0.00;2026-01-30
2026-01-30;2039-07-18;3.350;0.00;2026-01-30
2026-01-30;2045-08-14;3.560;0.00;2026-01-30
2026-01-30;2055-04-19;3.970;0.00;2026-01-30
2026-02-27;2026-05-18;2.250;0.00;2026-02-27
2026-02-27;2026-08-17;2.270;0.00;2026-02-27
2026-02-27;2026-09-14;2.280;0.00;2026-02-27
2026-02-27;2027-03-15;2.330;0.00;2026-02-27
2026-02-27;2030-04-15;2.670;0.00;2026-02-27
2026-02-27;2031-04-14;2.750;0.00;2026-02-27
2026-02-27;2035-06-18;2.890;0.00;2026-02-27
2026-02-27;2039-07-18;3.160;0.00;2026-02-27
2026-02-27;2045-08-14;3.550;0.00;2026-02-27
2026-02-27;2055-04-19;3.960;0.00;2026-02-27
2026-03-31;2026-05-18;2.270;0.00;2026-03-31
2026-03-31;2026-08-17;2.340;0.00;2026-03-31
2026-03-31;2027-02-15;2.460;0.00;2026-03-31
2026-03-31;2027-09-20;2.610;0.00;2026-03-31
2026-03-31;2030-04-15;2.960;0.00;2026-03-31
2026-03-31;2031-04-14;3.060;0.00;2026-03-31
2026-03-31;2035-06-18;3.300;0.00;2026-03-31
2026-03-31;2039-07-18;3.580;0.00;2026-03-31
2026-03-31;2045-08-14;3.730;0.00;2026-03-31
2026-03-31;2055-04-19;4.090;0.00;2026-03-31
2026-04-30;2026-07-20;2.210;0.00;2026-04-30
2026-04-30;2026-08-17;2.260;0.00;2026-04-30
2026-04-30;2027-02-15;2.300;0.00;2026-04-30
2026-04-30;2027-09-20;2.340;0.00;2026-04-30
2026-04-30;2030-04-15;2.720;0.00;2026-04-30
2026-04-30;2031-10-20;2.830;0.00;2026-04-30
2026-04-30;2035-06-18;3.100;0.00;2026-04-30
2026-04-30;2039-07-18;3.440;0.00;2026-04-30
2026-04-30;2045-08-14;3.680;0.00;2026-04-30
2026-04-30;2055-04-19;4.000;0.00;2026-04-30
2026-05-26;2026-07-20;2.210;0.00;2026-05-26
2026-05-26;2026-11-16;2.240;0.00;2026-05-26
2026-05-26;2027-02-15;2.270;0.00;2026-05-26
2026-05-26;2027-09-20;2.350;0.00;2026-05-26
2026-05-26;2030-04-15;2.710;0.00;2026-05-26
2026-05-26;2031-10-20;2.890;0.00;2026-05-26
2026-05-26;2035-06-18;3.090;0.00;2026-05-26
2026-05-26;2039-07-18;3.490;0.00;2026-05-26
2026-05-26;2045-08-14;3.660;0.00;2026-05-26
2026-05-26;2055-04-19;4.000;0.00;2026-05-26
2026-06-30;2026-08-17;2.200;0.00;2026-06-30
2026-06-30;2026-11-16;2.230;0.00;2026-06-30
2026-06-30;2027-02-15;2.280;0.00;2026-06-30
2026-06-30;2027-09-20;2.340;0.00;2026-06-30
2026-06-30;2030-04-15;2.710;0.00;2026-06-30
2026-06-30;2031-10-20;2.840;0.00;2026-06-30
2026-06-30;2035-06-18;3.040;0.00;2026-06-30
2026-06-30;2039-07-18;3.610;0.00;2026-06-30
2026-06-30;2045-08-14;3.740;0.00;2026-06-30
2026-06-30;2055-04-19;4.100;0.00;2026-06-30
2005-01-31;2005-03-21;2.442;11.35;2005-01-18
2005-01-31;2005-03-21;2.506;10.64;2005-01-26
2005-01-31;2005-05-02;2.340;150.00;2005-01-31
2005-01-31;2005-09-19;2.510;34.61;2005-01-28
2005-01-31;2005-12-12;2.685;200.70;2005-01-28
2005-01-31;2006-05-02;2.888;30.22;2005-01-31
2005-01-31;2008-12-15;3.671;41.99;2005-01-31
2005-01-31;2009-04-05;3.782;12.68;2005-01-31
2005-01-31;2009-06-28;3.856;29.73;2005-01-31
2005-01-31;2009-10-18;3.936;454.30;2005-01-31
2005-01-31;2012-08-19;4.455;69.63;2005-01-31
2005-01-31;2014-08-02;4.808;85.70;2005-01-31
2005-01-31;2015-01-31;4.910;17.69;2005-01-31
2005-01-31;2019-08-02;5.442;52.15;2005-01-31
2005-01-31;2019-10-18;5.477;239.18;2005-01-31
2005-01-31;2024-04-05;6.002;37.14;2005-01-31
2005-02-28;2005-03-21;2.556;14.18;2005-02-24
2005-02-28;2005-04-25;2.417;20.42;2005-02-24
2005-02-28;2006-01-02;2.774;34.77;2005-02-24
2005-02-28;2007-01-14;3.064;26.60;2005-02-28
2005-02-28;2007-02-04;3.070;31.33;2005-02-28
2005-02-28;2007-03-04;3.045;114.70;2005-02-28
2005-02-28;2007-08-19;3.230;432.78;2005-02-28
2005-02-28;2009-06-28;3.809;21.09;2005-02-28
2005-02-28;2009-10-18;3.913;82.16;2005-02-28
2005-02-28;2012-02-18;4.333;82.20;2005-02-28
2005-02-28;2013-06-02;4.563;56.32;2005-02-28
2005-02-28;2014-04-05;4.713;56.36;2005-02-28
2005-02-28;2015-01-31;4.846;31.24;2005-02-28
2005-02-28;2017-10-14;5.191;24.31;2005-02-24
2005-02-28;2019-04-05;5.354;54.78;2005-02-28
2005-02-28;2019-08-02;5.380;26.55;2005-02-28
2005-02-28;2019-10-18;5.430;92.09;2005-02-28
2005-02-28;2020-02-28;5.471;599.13;2005-02-28
2005-02-28;2025-02-28;6.085;153.20;2005-02-28
2005-03-31;2005-03-21;2.350;103.61;2005-03-15
2005-03-31;2005-04-25;2.417;20.42;2005-02-24
2005-03-31;2005-08-22;2.450;304.86;2005-03-22
2005-03-31;2005-11-28;2.560;100.89;2005-03-24
2005-03-31;2006-05-02;2.750;10.57;2005-03-25
2005-03-31;2008-12-15;3.600;21.16;2005-03-25
2005-03-31;2009-06-28;3.760;58.82;2005-03-24
2005-03-31;2014-04-05;4.600;109.03;2005-03-31
2005-03-31;2017-10-14;5.125;107.83;2005-03-16
2005-03-31;2019-04-05;5.265;166.39;2005-03-31
2005-03-31;2019-08-02;5.290;64.04;2005-03-31
2005-03-31;2020-02-28;5.369;101.84;2005-04-04
2005-03-31;2025-02-28;5.986;805.80;2005-04-04
2005-04-29;2005-04-25;2.417;20.42;2005-02-24
2005-04-29;2005-04-25;2.350;61.76;2005-04-11
2005-04-29;2005-09-18;2.536;12.88;2005-04-18
2005-04-29;2006-01-29;2.668;27.63;2005-04-19
2005-04-29;2006-05-02;2.727;14.12;2005-04-20
2005-04-29;2008-02-03;3.282;52.74;2005-04-29
2005-04-29;2009-01-19;3.604;282.01;2005-04-29
2005-04-29;2009-10-18;3.819;298.67;2005-04-25
2005-04-29;2014-04-05;4.600;14.97;2005-04-29
2005-04-29;2015-05-02;4.754;845.35;2005-05-02
2005-04-29;2019-04-05;5.209;31.30;2005-04-28
2005-04-29;2020-02-28;5.333;184.60;2005-04-28
2005-04-29;2024-04-05;5.852;103.18;2005-04-29
2005-04-29;2025-02-28;5.978;556.97;2005-05-02
2005-05-31;2005-04-25;2.350;61.76;2005-04-11
2005-05-31;2005-08-04;2.505;102.94;2005-05-25
2005-05-31;2005-09-19;2.550;213.77;2005-05-23
2005-05-31;2006-05-02;2.645;61.01;2005-05-31
2005-05-31;2006-06-05;2.713;100.22;2005-05-27
2005-05-31;2007-11-04;3.193;10.80;2005-05-25
2005-05-31;2009-06-28;3.715;48.86;2005-05-17
2005-05-31;2015-01-31;4.702;229.90;2005-05-31
2005-05-31;2017-02-04;4.945;64.73;2005-05-30
2005-05-31;2019-04-05;5.195;21.35;2005-05-31
2005-05-31;2020-02-28;5.294;58.96;2005-05-31
2005-05-31;2025-02-28;5.975;30.46;2005-05-16
2005-06-30;2005-08-04;2.505;102.94;2005-05-25
2005-06-30;2005-08-04;3.900;25.75;2005-06-23
2005-06-30;2005-10-16;2.800;52.68;2005-06-23
2005-06-30;2005-12-12;2.750;10.14;2005-06-23
2005-06-30;2008-10-06;3.483;24.33;2005-06-27
2005-06-30;2009-07-20;3.750;15.98;2005-06-30
2005-06-30;2015-01-31;4.735;51.62;2005-06-30
2005-06-30;2017-10-14;5.040;136.98;2005-06-20
2005-06-30;2019-04-05;5.210;133.68;2005-06-24
2005-06-30;2020-06-06;5.290;237.82;2005-06-20
2005-06-30;2025-02-28;5.939;10.25;2005-06-22
2005-07-29;2005-08-04;2.505;102.94;2005-05-25
2005-07-29;2005-09-19;3.850;255.70;2005-07-29
2005-07-29;2008-10-06;3.485;36.07;2005-07-28
2005-07-29;2009-10-18;3.785;39.49;2005-07-28
2005-07-29;2015-06-20;4.747;653.64;2005-08-01
2005-07-29;2017-10-14;5.041;137.18;2005-07-01
2005-07-29;2020-06-06;5.288;151.38;2005-08-01
2005-07-29;2025-02-28;5.935;41.27;2005-07-29
2005-08-31;2005-08-04;2.505;102.94;2005-05-25
2005-08-31;2005-10-16;2.720;39.45;2005-08-29
2005-08-31;2005-12-12;2.995;101.75;2005-08-18
2005-08-31;2006-02-20;2.700;300.00;2005-08-22
2005-08-31;2006-06-05;3.034;930.28;2005-08-22
2005-08-31;2007-08-19;3.300;62.76;2005-08-26
2005-08-31;2009-01-19;3.631;34.50;2005-08-26
2005-08-31;2010-09-20;3.977;1258.00;2005-09-05
2005-08-31;2014-08-02;4.650;30.76;2005-08-30
2005-08-31;2015-09-05;4.770;1198.08;2005-09-05
2005-08-31;2020-09-05;5.350;1651.53;2005-09-05
2005-08-31;2025-02-28;5.930;1541.35;2005-09-05
2005-09-30;2005-09-19;2.300;51.40;2005-09-12
2005-09-30;2005-12-12;2.620;11.04;2005-09-29
2005-09-30;2006-01-02;2.700;18.21;2005-09-28
2005-09-30;2006-05-14;2.900;50.68;2005-09-30
2005-09-30;2007-01-14;3.170;44.99;2005-09-30
2005-09-30;2009-10-18;3.825;10.44;2005-09-26
2005-09-30;2014-08-02;4.599;51.63;2005-09-28
2005-09-30;2015-09-05;4.757;200.61;2005-10-03
2005-09-30;2018-06-16;5.090;55.96;2005-09-27
2005-09-30;2020-02-28;5.282;105.36;2005-09-30
2005-09-30;2020-09-05;5.346;2094.40;2005-09-19
2005-09-30;2025-10-03;5.982;1606.14;2005-10-03
2005-10-31;2005-09-19;2.300;51.40;2005-09-12
2005-10-31;2006-01-02;2.691;10.03;2005-10-05
2005-10-31;2006-10-09;3.007;50.05;2005-10-24
2005-10-31;2007-03-04;3.150;438.39;2005-10-31
2005-10-31;2008-10-06;3.520;30.04;2005-10-28
2005-10-31;2009-03-16;3.622;82.59;2005-10-28
2005-10-31;2009-05-04;3.652;81.83;2005-10-28
2005-10-31;2010-11-07;3.990;71.15;2005-10-24
2005-10-31;2015-01-31;4.608;54.70;2005-10-31
2005-10-31;2015-10-31;4.731;652.48;2005-10-31
2005-10-31;2020-02-28;5.200;106.64;2005-10-31
2005-10-31;2020-10-17;5.299;154.10;2005-10-31
2005-10-31;2024-04-05;5.734;48.40;2005-10-31
2005-10-31;2025-02-28;5.837;52.93;2005-10-31
2005-10-31;2025-10-03;5.939;44.96;2005-10-31
2005-11-30;2005-11-28;2.512;205.12;2005-11-11
2005-11-30;2006-01-02;2.700;11.64;2005-11-07
2005-11-30;2006-01-29;2.750;34.50;2005-11-07
2005-11-30;2006-10-09;2.906;90.43;2005-11-28
2005-11-30;2010-09-20;3.918;21.29;2005-11-28
2005-11-30;2015-01-31;4.618;49.87;2005-11-29
2005-11-30;2015-11-14;4.727;188.14;2005-11-14
2005-11-30;2020-02-28;5.205;53.52;2005-11-30
2005-11-30;2020-11-14;5.271;1256.19;2005-11-28
2005-11-30;2025-10-03;5.915;30.40;2005-11-30
2005-12-30;2005-12-12;2.804;295.31;2005-12-06
2005-12-30;2006-03-01;2.855;206.22;2005-12-19
2005-12-30;2006-05-14;2.849;52.36;2005-12-28
2005-12-30;2006-12-03;3.000;10.95;2005-12-28
2005-12-30;2009-10-18;3.696;25.46;2005-12-30
2005-12-30;2012-08-19;4.240;48.46;2005-12-29
2005-12-30;2014-08-02;4.520;105.01;2005-12-30
2005-12-30;2015-10-31;4.702;101.13;2005-12-30
2005-12-30;2018-06-16;5.009;28.81;2005-12-12
2005-12-30;2020-10-17;5.245;51.06;2005-12-30
2005-12-30;2020-12-12;5.263;74.77;2005-12-30
2005-12-30;2021-01-02;5.266;301.05;2006-01-02
2005-12-30;2024-04-05;5.682;38.19;2005-12-29
2005-12-30;2025-10-03;5.880;90.64;2005-12-29
2005-12-30;2026-01-02;5.899;844.95;2006-01-02
2006-01-30;2005-12-12;2.804;295.31;2005-12-06
2006-01-30;2006-03-01;2.855;206.22;2005-12-19
2006-01-30;2006-05-14;2.810;52.47;2006-01-24
2006-01-30;2006-09-11;2.940;208.22;2006-01-17
2006-01-30;2007-11-04;3.255;114.40;2006-01-17
2006-01-30;2007-11-17;3.270;37.36;2006-01-17
2006-01-30;2008-12-15;3.523;52.13;2006-01-24
2006-01-30;2010-05-16;3.830;24.77;2006-01-26
2006-01-30;2014-08-02;4.465;85.66;2006-01-26
2006-01-30;2015-01-31;4.510;107.67;2006-01-26
2006-01-30;2016-01-30;4.620;290.62;2006-01-30
2006-01-30;2021-01-30;5.111;67.25;2006-01-30
2006-01-30;2025-10-03;5.655;10.54;2006-01-30
2006-01-30;2026-01-02;5.699;131.09;2006-01-30
2006-02-28;2006-03-01;2.855;206.22;2005-12-19
2006-02-28;2006-03-01;3.000;31.09;2006-02-23
2006-02-28;2006-05-29;2.650;50.00;2006-02-27
2006-02-28;2007-02-12;3.068;167.77;2006-02-27
2006-02-28;2007-11-04;3.245;191.06;2006-02-22
2006-02-28;2009-01-19;3.445;13.50;2006-02-24
2006-02-28;2011-01-17;3.886;303.12;2006-02-22
2006-02-28;2015-11-14;4.430;103.84;2006-02-28
2006-02-28;2019-02-03;4.750;34.10;2006-02-20
2006-02-28;2020-12-12;4.863;52.82;2006-02-28
2006-02-28;2021-01-02;4.883;52.57;2006-02-28
2006-02-28;2021-01-30;5.111;67.25;2006-01-30
2006-02-28;2026-01-02;5.410;32.21;2006-02-27
2006-03-31;2006-03-01;2.855;206.22;2005-12-19
2006-03-31;2006-05-02;2.612;42.00;2006-03-31
2006-03-31;2006-07-03;2.650;50.00;2006-04-03
2006-03-31;2007-01-20;2.991;145.27;2006-03-30
2006-03-31;2007-06-03;3.187;219.99;2006-03-31
2006-03-31;2007-11-04;3.260;15.80;2006-03-31
2006-03-31;2009-06-28;3.580;28.88;2006-03-30
2006-03-31;2009-07-20;3.590;199.77;2006-03-30
2006-03-31;2010-05-16;3.700;25.05;2006-03-31
2006-03-31;2014-08-02;4.218;216.61;2006-03-31
2006-03-31;2015-10-31;4.311;52.67;2006-03-31
2006-03-31;2019-02-03;4.685;123.13;2006-03-31
2006-03-31;2021-01-30;4.840;105.12;2006-03-31
2006-03-31;2025-10-03;5.187;22.41;2006-03-28
2006-03-31;2026-01-02;5.205;33.10;2006-03-22
2006-04-28;2006-03-01;2.855;206.22;2005-12-19
2006-04-28;2006-05-02;2.510;103.60;2006-04-21
2006-04-28;2006-07-17;2.640;50.00;2006-04-17
2006-04-28;2006-10-23;2.790;50.00;2006-04-24
2006-04-28;2007-04-15;3.042;205.81;2006-04-24
2006-04-28;2007-11-04;3.232;87.22;2006-04-28
2006-04-28;2009-11-01;3.595;33.35;2006-04-24
2006-04-28;2012-08-19;4.000;11.51;2006-04-24
2006-04-28;2014-06-14;4.163;58.47;2006-04-28
2006-04-28;2016-01-30;4.260;104.57;2006-04-28
2006-04-28;2019-04-05;4.690;98.57;2006-04-14
2006-04-28;2020-12-12;4.791;119.55;2006-04-28
2006-04-28;2021-01-30;4.810;105.79;2006-04-26
2006-04-28;2026-01-02;5.155;55.76;2006-04-26
2006-05-31;2006-07-01;2.640;65.94;2006-05-18
2006-05-31;2006-08-26;2.635;144.59;2006-05-29
2006-05-31;2006-08-28;2.590;50.00;2006-05-29
2006-05-31;2007-03-04;2.890;25.95;2006-05-31
2006-05-31;2007-07-01;3.031;91.00;2006-05-31
2006-05-31;2008-03-17;3.205;91.41;2006-05-31
2006-05-31;2009-01-19;3.360;42.00;2006-05-30
2006-05-31;2012-12-02;3.915;85.33;2006-05-30
2006-05-31;2015-11-14;4.192;128.18;2006-05-29
2006-05-31;2019-04-05;4.694;98.77;2006-05-03
2006-05-31;2020-12-12;4.608;116.14;2006-05-25
2006-05-31;2021-01-02;4.621;141.89;2006-05-25
2006-05-31;2021-01-30;4.595;130.10;2006-05-18
2006-05-31;2026-06-05;4.945;205.14;2006-06-05
2006-06-30;2006-07-01;2.640;65.94;2006-05-18
2006-06-30;2006-08-28;2.601;50.11;2006-06-30
2006-06-30;2006-10-02;2.595;100.68;2006-06-23
2006-06-30;2006-10-09;2.610;50.31;2006-06-23
2006-06-30;2007-02-12;2.750;151.94;2006-06-26
2006-06-30;2007-11-17;3.045;36.31;2006-06-29
2006-06-30;2007-12-29;3.075;58.77;2006-06-29
2006-06-30;2009-01-19;3.280;27.43;2006-06-30
2006-06-30;2011-01-17;3.630;111.90;2006-06-26
2006-06-30;2016-01-30;4.170;106.03;2006-06-29
2006-06-30;2019-04-05;4.426;68.69;2006-06-27
2006-06-30;2020-02-28;4.420;67.63;2006-06-30
2006-06-30;2020-10-17;4.517;157.31;2006-06-30
2006-06-30;2021-01-30;4.566;152.91;2006-06-23
2006-06-30;2025-02-28;4.833;11.84;2006-06-26
2006-06-30;2026-06-05;4.945;205.14;2006-06-05
2006-07-31;2006-07-01;2.640;65.94;2006-05-18
2006-07-31;2006-08-28;2.601;50.11;2006-06-30
2006-07-31;2007-02-12;2.990;101.41;2006-07-28
2006-07-31;2008-03-17;3.060;51.16;2006-07-31
2006-07-31;2009-06-28;3.310;52.56;2006-07-28
2006-07-31;2011-01-17;3.525;21.05;2006-07-31
2006-07-31;2011-03-06;3.465;237.24;2006-07-31
2006-07-31;2016-01-30;4.100;53.48;2006-07-31
2006-07-31;2019-04-05;4.420;89.12;2006-07-19
2006-07-31;2020-12-12;4.493;74.19;2006-07-31
2006-07-31;2021-01-30;4.566;152.91;2006-06-23
2006-07-31;2025-02-28;4.833;11.84;2006-06-26
2006-07-31;2026-06-05;4.945;205.14;2006-06-05
2006-08-31;2006-08-28;2.601;50.11;2006-06-30
2006-08-31;2006-09-11;2.900;51.47;2006-08-30
2006-08-31;2013-01-06;3.640;29.09;2006-08-25
2006-08-31;2013-06-02;3.690;28.44;2006-08-25
2006-08-31;2016-03-06;4.007;113.65;2006-08-25
2006-08-31;2019-08-02;4.283;56.65;2006-08-31
2006-08-31;2021-01-30;4.387;42.12;2006-08-23
2006-08-31;2026-01-02;4.760;18.95;2006-08-10
2006-08-31;2026-06-05;4.945;205.14;2006-06-05
2006-09-29;2006-10-09;2.450;102.96;2006-09-29
2006-09-29;2006-11-19;2.610;118.54;2006-09-18
2006-09-29;2007-02-19;2.612;101.97;2006-09-26
2006-09-29;2007-07-07;2.775;74.97;2006-09-19
2006-09-29;2008-03-17;2.963;103.00;2006-10-02
2006-09-29;2009-10-18;3.141;505.76;2006-09-29
2006-09-29;2011-01-17;3.350;52.74;2006-09-28
2006-09-29;2014-08-02;3.535;55.15;2006-09-28
2006-09-29;2019-04-05;3.801;158.96;2006-09-19
2006-09-29;2020-12-12;3.910;77.37;2006-09-20
2006-09-29;2021-01-30;4.387;42.12;2006-08-23
2006-09-29;2025-10-03;4.463;74.61;2006-09-07
2006-09-29;2026-06-05;4.470;16.18;2006-09-05
2006-10-31;2006-10-09;2.400;102.99;2006-10-02
2006-10-31;2006-11-19;2.610;118.54;2006-09-18
2006-10-31;2007-04-09;2.680;10.01;2006-10-26
2006-10-31;2007-04-30;2.690;200.00;2006-10-30
2006-10-31;2008-01-06;2.901;424.31;2006-10-18
2006-10-31;2009-11-01;3.150;202.76;2006-10-26
2006-10-31;2010-12-11;3.341;135.21;2006-10-27
2006-10-31;2012-04-21;3.490;55.39;2006-10-27
2006-10-31;2015-11-14;3.540;113.73;2006-10-26
2006-10-31;2016-01-30;3.633;164.22;2006-10-26
2006-10-31;2019-02-03;3.780;48.05;2006-10-18
2006-10-31;2020-12-12;3.820;60.30;2006-10-31
2006-10-31;2021-01-02;3.825;40.90;2006-10-31
2006-10-31;2021-01-30;4.387;42.12;2006-08-23
2006-10-31;2025-10-03;4.463;74.61;2006-09-07
2006-10-31;2026-06-05;4.470;16.18;2006-09-05
2006-11-30;2006-12-03;2.500;42.45;2006-11-24
2006-11-30;2007-01-14;2.560;25.92;2006-11-24
2006-11-30;2007-02-04;2.560;143.63;2006-11-17
2006-11-30;2007-02-12;2.565;85.54;2006-11-17
2006-11-30;2007-02-26;2.480;200.00;2006-11-27
2006-11-30;2007-06-03;2.612;20.89;2006-11-30
2006-11-30;2007-07-01;2.625;26.00;2006-11-30
2006-11-30;2008-03-17;2.790;94.99;2006-11-29
2006-11-30;2008-06-16;2.810;66.13;2006-11-29
2006-11-30;2010-10-16;3.046;84.07;2006-11-30
2006-11-30;2010-11-07;3.050;26.74;2006-11-30
2006-11-30;2010-12-11;3.055;113.22;2006-11-30
2006-11-30;2014-08-02;3.291;253.56;2006-11-30
2006-11-30;2019-02-03;3.580;87.15;2006-11-27
2006-11-30;2019-10-18;3.640;119.46;2006-11-27
2006-11-30;2021-01-30;3.621;611.05;2006-12-04
2006-11-30;2026-06-05;3.801;1220.95;2006-12-04
2006-11-30;2036-12-04;3.980;2180.20;2006-12-04
2006-12-29;2007-01-20;2.600;148.51;2006-12-20
2006-12-29;2007-02-04;2.560;143.63;2006-11-17
2006-12-29;2007-02-12;2.565;85.54;2006-11-17
2006-12-29;2007-05-28;2.600;255.46;2006-12-22
2006-12-29;2007-11-04;2.820;39.67;2006-12-28
2006-12-29;2008-04-14;2.910;99.85;2007-01-02
2006-12-29;2009-01-19;2.910;623.75;2006-12-27
2006-12-29;2009-03-16;2.895;300.00;2007-01-02
2006-12-29;2009-05-04;2.892;332.42;2006-12-27
2006-12-29;2011-03-06;3.060;106.43;2006-12-29
2006-12-29;2014-08-02;3.257;124.54;2006-12-28
2006-12-29;2015-11-14;3.334;250.20;2006-12-28
2006-12-29;2016-01-30;3.406;75.17;2006-12-28
2006-12-29;2016-03-06;3.351;109.04;2006-12-28
2006-12-29;2017-10-14;3.400;271.93;2006-12-28
2006-12-29;2019-02-03;3.505;78.11;2006-12-28
2006-12-29;2020-02-28;3.586;62.18;2006-12-28
2006-12-29;2021-01-02;3.600;123.68;2006-12-28
2006-12-29;2021-01-30;3.600;614.06;2007-01-02
2006-12-29;2026-06-05;3.821;30.22;2006-12-28
2006-12-29;2036-12-04;3.972;246.38;2007-01-02
2007-01-31;2007-02-12;2.803;338.80;2007-01-30
2007-01-31;2007-04-15;2.698;210.83;2007-01-31
2007-01-31;2007-05-14;2.729;92.06;2007-01-31
2007-01-31;2007-11-04;2.865;117.07;2007-01-26
2007-01-31;2008-04-14;2.939;1050.88;2007-02-05
2007-01-31;2008-06-16;2.960;210.87;2007-01-31
2007-01-31;2009-03-16;3.045;399.86;2007-02-05
2007-01-31;2011-03-06;3.110;426.28;2007-02-05
2007-01-31;2016-03-06;3.345;112.57;2007-01-31
2007-01-31;2017-01-15;3.394;80.20;2007-02-05
2007-01-31;2019-10-18;3.533;63.12;2007-01-26
2007-01-31;2022-02-05;3.651;949.88;2007-02-05
2007-01-31;2026-01-02;3.780;155.29;2007-01-30
2007-01-31;2026-06-05;3.788;85.25;2007-01-30
2007-01-31;2036-12-04;3.969;60.45;2007-01-31
2007-02-28;2007-02-12;2.800;87.79;2007-02-06
2007-02-28;2007-04-15;2.850;105.44;2007-02-07
2007-02-28;2007-08-13;2.840;35.03;2007-02-21
2007-02-28;2008-01-06;2.925;204.37;2007-02-19
2007-02-28;2008-05-05;2.966;399.88;2007-03-05
2007-02-28;2009-10-18;3.090;51.85;2007-02-26
2007-02-28;2012-03-19;3.162;100.06;2007-03-05
2007-02-28;2012-08-19;3.218;29.77;2007-02-28
2007-02-28;2016-03-06;3.351;202.94;2007-02-22
2007-02-28;2017-10-14;3.432;166.08;2007-02-16
2007-02-28;2022-02-05;3.662;801.11;2007-03-05
2007-02-28;2026-06-05;3.791;1136.24;2007-03-05
2007-02-28;2036-12-04;3.968;386.08;2007-03-05
2007-03-30;2007-04-15;3.225;267.65;2007-03-15
2007-03-30;2007-04-21;3.275;372.75;2007-03-15
2007-03-30;2007-06-11;3.060;100.67;2007-03-29
2007-03-30;2008-02-03;3.060;102.26;2007-03-30
2007-03-30;2008-05-05;2.963;100.10;2007-03-21
2007-03-30;2010-05-16;3.100;17.78;2007-03-21
2007-03-30;2012-12-02;3.220;34.57;2007-03-21
2007-03-30;2014-04-05;3.277;900.32;2007-03-23
2007-03-30;2019-04-05;3.540;257.67;2007-03-08
2007-03-30;2021-01-30;3.629;10.64;2007-03-29
2007-03-30;2025-02-28;3.765;92.00;2007-03-29
2007-03-30;2036-12-04;3.969;16.55;2007-03-07
2007-04-30;2007-05-14;3.300;401.67;2007-04-23
2007-04-30;2007-06-11;3.060;50.35;2007-04-03
2007-04-30;2008-03-17;3.075;200.79;2007-04-19
2007-04-30;2008-04-14;3.060;100.47;2007-04-16
2007-04-30;2008-04-14;3.030;21.91;2007-04-19
2007-04-30;2009-06-28;3.110;34.10;2007-04-13
2007-04-30;2013-06-02;3.306;273.60;2007-04-13
2007-04-30;2014-08-02;3.365;159.00;2007-04-16
2007-04-30;2020-02-28;3.665;120.62;2007-04-20
2007-04-30;2020-12-12;3.688;118.90;2007-04-20
2007-04-30;2021-01-02;3.690;207.59;2007-04-20
2007-04-30;2026-06-05;3.799;165.52;2007-04-19
2007-04-30;2036-12-04;3.969;16.55;2007-03-07
2007-05-31;2007-06-03;3.250;79.32;2007-05-24
2007-05-31;2007-08-19;3.330;20.93;2007-05-25
2007-05-31;2007-09-03;3.300;1150.00;2007-06-04
2007-05-31;2007-12-03;3.343;1463.00;2007-06-04
2007-05-31;2008-05-05;2.973;16.10;2007-06-04
2007-05-31;2009-03-16;3.360;80.39;2007-05-31
2007-05-31;2011-01-17;3.280;93.33;2007-05-31
2007-05-31;2014-04-05;3.346;78.19;2007-05-04
2007-05-31;2016-01-30;3.485;24.31;2007-05-31
2007-05-31;2016-03-06;3.650;80.21;2007-05-31
2007-05-31;2019-04-05;3.618;94.15;2007-05-07
2007-05-31;2020-10-17;3.520;60.42;2007-05-31
2007-05-31;2021-01-30;3.596;525.06;2007-05-31
2007-05-31;2026-06-05;3.930;36.35;2007-05-28
2007-05-31;2036-12-04;3.965;22.24;2007-05-18
2007-06-29;2007-07-07;3.350;109.42;2007-06-29
2007-06-29;2007-07-28;3.363;327.61;2007-06-29
2007-06-29;2007-08-19;3.290;35.46;2007-06-20
2007-06-29;2007-12-03;3.300;20.05;2007-06-29
2007-06-29;2007-12-17;3.350;50.00;2007-06-18
2007-06-29;2008-01-06;3.350;158.40;2007-06-12
2007-06-29;2009-05-04;3.300;62.91;2007-06-29
2007-06-29;2011-01-17;3.326;40.28;2007-06-29
2007-06-29;2014-04-05;3.421;44.71;2007-06-28
2007-06-29;2015-10-31;3.491;39.23;2007-06-29
2007-06-29;2016-01-30;3.494;27.68;2007-06-29
2007-06-29;2019-08-02;3.600;35.21;2007-06-29
2007-06-29;2021-01-30;3.640;83.41;2007-06-29
2007-06-29;2026-06-05;3.772;143.40;2007-06-26
2007-06-29;2036-12-04;3.965;21.55;2007-06-25
2007-07-31;2007-08-19;3.407;268.20;2007-07-26
2007-07-31;2007-10-20;3.373;238.41;2007-07-25
2007-07-31;2007-11-17;3.365;49.90;2007-07-31
2007-07-31;2008-04-14;3.397;15.36;2007-07-23
2007-07-31;2009-05-04;3.300;91.37;2007-07-10
2007-07-31;2011-03-06;3.670;42.63;2007-07-23
2007-07-31;2014-04-05;3.468;75.78;2007-07-27
2007-07-31;2016-01-30;3.541;60.53;2007-07-27
2007-07-31;2019-10-18;3.750;52.81;2007-07-26
2007-07-31;2021-01-30;3.800;19.29;2007-07-26
2007-07-31;2025-10-03;3.915;137.48;2007-07-26
2007-07-31;2026-06-05;3.805;322.06;2007-07-26
2007-07-31;2036-12-04;3.970;53.10;2007-07-31
2007-08-31;2007-09-03;3.510;481.79;2007-08-17
2007-08-31;2007-09-29;3.348;156.82;2007-08-01
2007-08-31;2007-12-03;3.350;46.10;2007-08-13
2007-08-31;2008-03-17;3.350;50.68;2007-08-30
2007-08-31;2009-05-04;3.500;75.93;2007-08-15
2007-08-31;2009-10-18;3.605;89.24;2007-08-30
2007-08-31;2012-03-19;3.810;267.12;2007-08-31
2007-08-31;2015-01-31;4.155;48.33;2007-08-23
2007-08-31;2019-02-03;4.270;25.11;2007-08-28
2007-08-31;2021-01-30;3.798;19.31;2007-08-02
2007-08-31;2026-06-05;4.280;56.12;2007-08-28
2007-08-31;2036-12-04;3.970;51.00;2007-08-27
2007-09-28;2007-11-04;3.450;57.93;2007-09-21
2007-09-28;2007-12-10;3.436;19.19;2007-09-28
2007-09-28;2008-02-02;3.375;26.90;2007-09-27
2007-09-28;2008-05-19;3.605;101.27;2007-09-26
2007-09-28;2009-03-16;3.579;80.80;2007-09-12
2007-09-28;2009-09-14;3.585;99.20;2007-09-17
2007-09-28;2009-11-01;3.610;98.24;2007-09-28
2007-09-28;2010-12-11;3.760;65.00;2007-09-28
2007-09-28;2012-08-19;3.954;178.12;2007-09-24
2007-09-28;2014-04-05;4.121;213.60;2007-09-24
2007-09-28;2015-01-31;4.155;39.89;2007-09-26
2007-09-28;2019-04-05;4.355;231.08;2007-09-21
2007-09-28;2022-02-05;4.485;18.68;2007-09-06
2007-09-28;2025-02-28;4.229;147.45;2007-09-20
2007-09-28;2036-12-04;4.300;101.38;2007-09-27
2007-10-31;2007-12-03;3.500;252.96;2007-10-12
2007-10-31;2007-12-10;3.436;19.19;2007-09-28
2007-10-31;2008-04-14;3.393;350.00;2007-10-15
2007-10-31;2008-04-14;3.390;100.01;2007-10-16
2007-10-31;2008-11-17;3.416;500.23;2007-11-05
2007-10-31;2009-09-14;3.564;398.81;2007-11-05
2007-10-31;2010-07-03;3.690;10.82;2007-10-10
2007-10-31;2012-08-19;3.884;83.21;2007-10-23
2007-10-31;2013-01-06;3.917;136.61;2007-10-23
2007-10-31;2016-01-30;4.200;26.71;2007-10-22
2007-10-31;2019-08-02;4.387;225.42;2007-10-19
2007-10-31;2022-02-05;4.485;18.68;2007-09-06
2007-10-31;2026-06-05;4.380;102.32;2007-10-30
2007-10-31;2036-12-04;4.300;101.38;2007-09-27
2007-11-30;2007-12-03;3.500;252.96;2007-10-12
2007-11-30;2007-12-10;3.436;19.19;2007-09-28
2007-11-30;2008-02-18;3.400;200.00;2007-11-19
2007-11-30;2008-05-19;3.445;217.00;2007-11-19
2007-11-30;2009-01-19;3.526;300.09;2007-11-26
2007-11-30;2010-12-11;3.709;17.22;2007-11-22
2007-11-30;2014-04-05;4.125;76.42;2007-11-22
2007-11-30;2015-10-31;4.410;30.75;2007-11-22
2007-11-30;2019-04-05;4.321;29.11;2007-11-02
2007-11-30;2021-01-30;4.491;10.27;2007-11-22
2007-11-30;2025-10-03;4.550;20.00;2007-11-22
2007-11-30;2026-06-05;4.525;60.66;2007-11-22
2007-11-30;2036-12-04;4.308;50.98;2007-11-26
2007-12-31;2008-01-06;3.720;523.71;2007-12-27
2007-12-31;2008-03-24;3.820;200.03;2007-12-25
2007-12-31;2008-03-31;3.740;100.00;2007-12-31
2007-12-31;2008-06-30;3.820;25.00;2007-12-31
2007-12-31;2009-02-16;3.750;49.86;2007-12-31
2007-12-31;2011-01-17;3.711;52.20;2007-12-28
2007-12-31;2012-03-19;4.180;123.49;2007-12-31
2007-12-31;2016-01-30;4.348;178.13;2007-12-31
2007-12-31;2017-10-14;4.369;27.77;2007-12-31
2007-12-31;2019-04-05;4.391;29.14;2007-12-31
2007-12-31;2019-08-02;4.395;38.43;2007-12-31
2007-12-31;2019-10-18;4.399;44.43;2007-12-31
2007-12-31;2020-02-28;4.401;28.69;2007-12-31
2007-12-31;2020-12-12;4.409;23.96;2007-12-31
2007-12-31;2021-01-30;4.416;64.05;2007-12-31
2007-12-31;2026-06-05;4.515;240.10;2007-12-27
2007-12-31;2036-12-04;4.308;50.98;2007-11-26
2008-01-31;2008-02-02;3.500;83.21;2008-01-21
2008-01-31;2008-03-17;3.550;102.63;2008-01-16
2008-01-31;2008-05-05;3.520;50.00;2008-02-04
2008-01-31;2008-08-04;3.560;200.00;2008-02-04
2008-01-31;2009-01-19;3.675;303.12;2008-01-30
2008-01-31;2009-02-16;3.740;64.93;2008-01-30
2008-01-31;2009-05-18;3.716;199.30;2008-02-04
2008-01-31;2011-03-06;3.915;17.28;2008-01-28
2008-01-31;2014-06-14;4.070;54.58;2008-01-29
2008-01-31;2015-10-31;4.190;16.88;2008-01-31
2008-01-31;2016-01-30;4.219;70.60;2008-01-31
2008-01-31;2018-06-16;4.398;71.17;2008-01-31
2008-01-31;2022-02-05;4.682;27.94;2008-01-28
2008-01-31;2026-01-02;4.865;31.22;2008-01-22
2008-01-31;2036-12-04;4.308;50.98;2007-11-26
2008-02-29;2008-04-14;3.400;154.55;2008-02-18
2008-02-29;2008-04-14;3.450;103.07;2008-02-22
2008-02-29;2008-05-26;3.440;400.00;2008-02-25
2008-02-29;2008-08-25;3.500;23.80;2008-02-25
2008-02-29;2009-03-16;3.645;616.02;2008-02-19
2008-02-29;2012-03-19;3.790;100.89;2008-03-03
2008-02-29;2013-06-02;3.845;68.05;2008-02-27
2008-02-29;2015-10-31;4.035;17.09;2008-02-26
2008-02-29;2016-03-06;4.015;21.45;2008-02-26
2008-02-29;2021-01-30;4.435;32.41;2008-02-08
2008-02-29;2022-02-05;4.682;27.94;2008-01-28
2008-02-29;2026-01-02;4.593;77.52;2008-02-21
2008-02-29;2036-12-04;4.500;36.98;2008-02-28
2008-03-31;2008-04-14;3.400;154.55;2008-02-18
2008-03-31;2008-04-14;3.400;54.31;2008-03-31
2008-03-31;2008-10-06;3.420;34.43;2008-03-27
2008-03-31;2009-05-18;3.652;70.20;2008-03-31
2008-03-31;2012-03-19;3.770;18.59;2008-03-31
2008-03-31;2014-10-18;3.925;35.25;2008-03-19
2008-03-31;2016-01-30;4.015;10.53;2008-03-27
2008-03-31;2019-04-05;4.165;42.02;2008-03-14
2008-03-31;2022-02-05;4.321;56.17;2008-03-27
2008-03-31;2025-10-03;4.535;35.81;2008-03-06
2008-03-31;2026-01-02;4.550;35.36;2008-03-06
2008-03-31;2036-12-04;4.500;36.98;2008-02-28
2008-04-30;2008-05-19;3.400;206.70;2008-04-17
2008-04-30;2008-06-23;3.430;101.36;2008-04-21
2008-04-30;2008-10-06;3.440;33.71;2008-04-29
2008-04-30;2009-02-03;3.460;61.18;2008-04-30
2008-04-30;2009-07-20;3.568;62.51;2008-04-28
2008-04-30;2011-01-17;3.720;50.85;2008-04-30
2008-04-30;2012-12-02;3.850;49.79;2008-04-30
2008-04-30;2015-11-14;3.998;110.77;2008-04-25
2008-04-30;2021-01-02;4.272;20.06;2008-04-18
2008-04-30;2022-02-05;4.335;28.08;2008-04-08
2008-04-30;2026-06-05;4.562;55.88;2008-04-30
2008-04-30;2036-12-04;4.500;36.98;2008-02-28
2008-05-30;2008-05-19;3.400;221.71;2008-05-13
2008-05-30;2008-08-17;3.390;32.19;2008-05-29
2008-05-30;2008-09-01;3.400;100.00;2008-06-02
2008-05-30;2009-03-16;3.505;152.59;2008-05-30
2008-05-30;2009-05-04;3.522;101.15;2008-05-30
2008-05-30;2009-07-20;3.600;15.98;2008-05-28
2008-05-30;2011-04-16;3.760;39.41;2008-05-30
2008-05-30;2012-12-02;3.858;49.93;2008-05-30
2008-05-30;2015-11-14;3.996;21.42;2008-05-09
2008-05-30;2019-04-05;4.250;39.92;2008-05-26
2008-05-30;2022-02-05;4.335;28.08;2008-04-08
2008-05-30;2026-06-05;4.574;78.20;2008-05-06
2008-05-30;2036-12-04;4.500;36.98;2008-02-28
2008-06-30;2008-06-16;3.380;333.76;2008-06-05
2008-06-30;2008-06-23;3.372;203.59;2008-06-05
2008-06-30;2008-09-01;3.400;23.90;2008-06-03
2008-06-30;2008-09-29;3.397;605.30;2008-06-30
2008-06-30;2009-02-03;3.470;51.22;2008-06-20
2008-06-30;2009-10-18;3.609;26.62;2008-06-19
2008-06-30;2011-03-06;3.750;75.14;2008-06-24
2008-06-30;2014-10-18;4.066;79.79;2008-06-20
2008-06-30;2015-10-31;4.118;117.64;2008-06-20
2008-06-30;2020-09-05;4.297;68.18;2008-06-27
2008-06-30;2024-04-05;4.454;67.08;2008-06-30
2008-06-30;2026-06-05;4.574;78.20;2008-05-06
2008-06-30;2036-12-04;4.500;36.98;2008-02-28
2008-07-31;2008-08-25;3.400;88.59;2008-07-24
2008-07-31;2008-09-01;3.400;23.90;2008-06-03
2008-07-31;2008-10-20;3.400;500.00;2008-07-21
2008-07-31;2009-02-03;3.520;178.68;2008-07-18
2008-07-31;2009-11-01;3.700;213.35;2008-07-31
2008-07-31;2012-03-19;3.856;98.69;2008-07-21
2008-07-31;2012-12-02;4.020;110.84;2008-07-18
2008-07-31;2020-02-28;4.280;11.31;2008-07-18
2008-07-31;2024-04-05;4.454;67.08;2008-06-30
2008-07-31;2025-10-03;4.531;12.12;2008-07-03
2008-07-31;2026-06-05;4.566;10.74;2008-07-03
2008-07-31;2036-12-04;4.500;36.98;2008-02-28
2008-08-29;2008-09-29;3.500;111.22;2008-08-29
2008-08-29;2008-11-17;3.400;300.00;2008-08-18
2008-08-29;2008-11-17;3.520;102.75;2008-08-27
2008-08-29;2009-10-18;3.676;14.19;2008-08-29
2008-08-29;2012-12-02;4.020;40.25;2008-08-15
2008-08-29;2013-06-02;4.060;76.02;2008-08-15
2008-08-29;2016-01-30;4.239;73.91;2008-08-29
2008-08-29;2020-12-12;4.541;166.18;2008-08-29
2008-08-29;2024-04-05;4.454;67.08;2008-06-30
2008-08-29;2025-10-03;4.531;12.12;2008-07-03
2008-08-29;2026-06-05;4.566;10.74;2008-07-03
2008-08-29;2036-12-04;4.500;36.98;2008-02-28
2008-09-30;2008-10-06;3.600;206.47;2008-09-29
2008-09-30;2008-11-17;3.520;102.75;2008-08-27
2008-09-30;2009-01-18;3.505;106.78;2008-09-23
2008-09-30;2009-04-20;3.850;81.84;2008-09-26
2008-09-30;2009-05-04;3.850;170.10;2008-09-26
2008-09-30;2009-10-18;3.800;183.15;2008-09-30
2008-09-30;2009-11-16;3.592;300.43;2008-10-06
2008-09-30;2012-03-19;4.023;79.08;2008-09-26
2008-09-30;2012-08-19;4.073;43.55;2008-09-26
2008-09-30;2012-12-02;4.125;19.59;2008-09-30
2008-09-30;2015-11-14;4.300;55.33;2008-09-26
2008-09-30;2020-12-12;4.540;101.98;2008-09-02
2008-09-30;2024-04-05;4.817;35.02;2008-09-29
2008-09-30;2026-01-02;4.885;81.63;2008-09-29
2008-09-30;2036-12-04;4.500;36.98;2008-02-28
2008-10-31;2008-11-17;3.750;216.37;2008-10-27
2008-10-31;2009-01-19;3.744;64.16;2008-10-29
2008-10-31;2009-01-26;3.690;200.00;2008-10-27
2008-10-31;2009-10-18;3.970;151.57;2008-10-24
2008-10-31;2010-01-18;3.917;3000.99;2008-11-03
2008-10-31;2010-10-16;4.057;236.54;2008-10-29
2008-10-31;2012-02-18;4.144;68.55;2008-10-29
2008-10-31;2014-08-02;4.315;20.88;2008-10-31
2008-10-31;2015-11-14;4.390;74.68;2008-10-30
2008-10-31;2019-04-05;4.647;39.42;2008-10-30
2008-10-31;2019-10-18;4.677;21.42;2008-10-30
2008-10-31;2022-02-05;4.764;56.04;2008-10-29
2008-10-31;2025-10-03;4.888;61.84;2008-10-28
2008-10-31;2036-12-04;4.500;36.98;2008-02-28
2008-11-28;2008-12-22;3.704;201.25;2008-11-28
2008-11-28;2009-01-18;3.680;127.40;2008-11-14
2008-11-28;2009-03-16;3.710;15.26;2008-11-27
2008-11-28;2009-10-18;3.838;34.99;2008-11-28
2008-11-28;2010-04-19;3.876;1998.57;2008-12-01
2008-11-28;2011-01-17;4.055;100.59;2008-11-26
2008-11-28;2013-12-01;3.994;1000.25;2008-12-01
2008-11-28;2016-01-30;4.400;92.93;2008-11-21
2008-11-28;2020-09-05;4.707;63.81;2008-11-19
2008-11-28;2024-04-05;4.836;65.62;2008-11-13
2008-11-28;2025-10-03;4.888;61.84;2008-10-28
2008-11-28;2036-12-04;4.500;36.98;2008-02-28
2008-12-31;2009-01-19;3.767;54.51;2008-12-25
2008-12-31;2009-02-16;3.729;20.63;2008-12-03
2008-12-31;2009-04-06;3.650;100.00;2009-01-05
2008-12-31;2009-06-29;3.737;44.51;2008-12-31
2008-12-31;2009-12-21;3.839;107.71;2008-12-31
2008-12-31;2010-01-18;3.900;80.53;2008-12-31
2008-12-31;2012-02-18;4.070;16.33;2008-12-31
2008-12-31;2012-08-19;4.100;12.09;2008-12-31
2008-12-31;2012-12-02;4.118;21.32;2008-12-31
2008-12-31;2012-12-29;4.100;463.98;2008-12-31
2008-12-31;2013-12-14;4.178;58.49;2008-12-30
2008-12-31;2015-01-31;4.319;149.45;2008-12-30
2008-12-31;2015-03-20;4.259;406.69;2008-12-30
2008-12-31;2015-06-20;4.270;736.07;2008-12-30
2008-12-31;2016-01-30;4.410;52.98;2008-12-25
2008-12-31;2020-11-14;4.490;64.80;2008-12-31
2008-12-31;2024-04-05;4.820;212.54;2008-12-30
2008-12-31;2026-06-05;4.920;39.82;2008-12-15
2008-12-31;2036-12-04;4.500;36.98;2008-02-28
2009-01-30;2009-02-03;3.636;518.89;2009-01-22
2009-01-30;2009-03-16;3.650;112.22;2009-01-08
2009-01-30;2009-06-28;3.690;50.04;2009-01-27
2009-01-30;2009-07-27;3.680;305.80;2009-01-26
2009-01-30;2009-07-27;3.680;55.61;2009-01-27
2009-01-30;2010-06-14;3.860;43.14;2009-01-27
2009-01-30;2012-12-02;4.007;32.21;2009-01-30
2009-01-30;2013-12-01;4.053;200.91;2009-02-02
2009-01-30;2016-03-06;4.345;70.76;2009-01-07
2009-01-30;2017-02-04;4.410;34.86;2009-01-07
2009-01-30;2022-02-05;4.604;31.02;2009-01-21
2009-01-30;2026-01-02;4.900;1113.41;2009-01-05
2009-01-30;2036-12-04;4.500;36.98;2008-02-28
2009-02-27;2009-03-16;3.650;112.22;2009-01-08
2009-02-27;2009-03-16;3.641;585.61;2009-02-25
2009-02-27;2009-06-08;3.580;100.86;2009-02-25
2009-02-27;2009-06-28;3.650;129.45;2009-02-25
2009-02-27;2009-08-10;3.659;1175.03;2009-02-09
2009-02-27;2009-10-18;3.700;50.69;2009-02-09
2009-02-27;2010-06-14;3.825;20.09;2009-02-23
2009-02-27;2010-07-19;3.833;850.47;2009-02-23
2009-02-27;2011-02-14;3.840;1004.74;2009-02-23
2009-02-27;2011-03-06;3.841;31.18;2009-02-27
2009-02-27;2013-06-02;3.980;59.20;2009-02-27
2009-02-27;2020-06-06;4.289;347.62;2009-02-26
2009-02-27;2022-02-05;4.604;31.02;2009-01-21
2009-02-27;2025-10-03;4.587;294.84;2009-02-25
2009-02-27;2036-12-04;4.500;36.98;2008-02-28
2009-03-31;2009-03-16;3.650;112.22;2009-01-08
2009-03-31;2009-04-03;3.479;3100.00;2009-03-13
2009-03-31;2009-06-22;3.500;150.00;2009-03-23
2009-03-31;2009-10-18;3.400;169.20;2009-03-30
2009-03-31;2010-06-14;3.597;91.93;2009-03-27
2009-03-31;2011-02-14;3.680;26.28;2009-03-27
2009-03-31;2011-04-04;3.841;200.22;2009-03-16
2009-03-31;2013-12-01;3.968;151.91;2009-03-16
2009-03-31;2020-11-14;4.200;262.86;2009-03-26
2009-03-31;2024-04-05;4.575;10.39;2009-03-25
2009-03-31;2025-10-03;4.460;29.99;2009-03-26
2009-03-31;2036-12-04;4.500;36.98;2008-02-28
2009-04-30;2009-06-08;3.450;101.52;2009-04-30
2009-04-30;2009-07-12;3.265;404.56;2009-04-24
2009-04-30;2009-07-20;3.280;165.57;2009-04-24
2009-04-30;2009-07-27;3.280;54.50;2009-04-27
2009-04-30;2009-10-19;3.340;34.50;2009-04-20
2009-04-30;2010-06-21;3.470;50.68;2009-04-30
2009-04-30;2010-07-12;3.470;99.57;2009-04-30
2009-04-30;2012-06-02;3.540;38.53;2009-04-15
2009-04-30;2014-06-14;3.680;189.14;2009-04-30
2009-04-30;2020-10-17;4.020;156.80;2009-04-24
2009-04-30;2025-10-03;4.460;29.99;2009-03-26
2009-04-30;2036-12-04;4.500;36.98;2008-02-28
2009-05-29;2009-06-28;3.300;53.34;2009-05-28
2009-05-29;2009-07-12;3.257;202.48;2009-05-05
2009-05-29;2009-11-16;3.300;96.38;2009-05-27
2009-05-29;2010-02-23;3.346;15.62;2009-05-21
2009-05-29;2010-05-16;3.368;48.97;2009-05-21
2009-05-29;2010-06-21;3.400;34.67;2009-05-26
2009-05-29;2010-07-12;3.388;1012.22;2009-05-26
2009-05-29;2011-06-17;3.474;10.49;2009-05-15
2009-05-29;2014-05-18;3.662;100.76;2009-06-01
2009-05-29;2020-06-06;4.062;159.10;2009-05-12
2009-05-29;2026-06-05;4.385;43.07;2009-05-18
2009-05-29;2036-12-04;4.500;36.98;2008-02-28
2009-06-30;2009-07-20;3.267;71.84;2009-06-30
2009-06-30;2009-09-22;3.271;24.24;2009-06-30
2009-06-30;2009-11-01;3.300;13.06;2009-06-29
2009-06-30;2009-11-16;3.514;32.06;2009-06-29
2009-06-30;2010-01-04;3.300;100.00;2009-07-06
2009-06-30;2010-08-16;3.402;1459.88;2009-06-29
2009-06-30;2012-08-19;3.595;11.35;2009-06-09
2009-06-30;2012-12-02;3.655;11.01;2009-06-09
2009-06-30;2014-06-28;3.600;84.11;2009-06-30
2009-06-30;2015-03-20;3.769;36.85;2009-06-30
2009-06-30;2016-01-30;3.819;39.58;2009-06-30
2009-06-30;2019-04-05;4.005;57.74;2009-06-18
2009-06-30;2020-06-06;4.068;66.55;2009-06-19
2009-06-30;2025-10-03;4.379;36.66;2009-06-18
2009-06-30;2036-12-04;4.500;36.98;2008-02-28
2009-07-31;2009-09-21;3.280;293.86;2009-07-31
2009-07-31;2009-10-18;3.286;123.79;2009-07-21
2009-07-31;2010-01-18;3.300;206.34;2009-07-31
2009-07-31;2010-02-01;3.270;100.00;2009-08-03
2009-07-31;2011-01-17;3.446;200.88;2009-07-31
2009-07-31;2013-01-06;3.585;93.18;2009-07-31
2009-07-31;2014-04-05;3.707;49.15;2009-07-27
2009-07-31;2014-05-18;3.714;80.87;2009-07-27
2009-07-31;2014-06-28;3.721;144.65;2009-07-27
2009-07-31;2014-08-02;3.722;88.31;2009-07-27
2009-07-31;2015-01-31;3.740;153.31;2009-07-27
2009-07-31;2016-03-06;3.817;49.31;2009-07-27
2009-07-31;2020-11-14;4.091;140.20;2009-07-27
2009-07-31;2020-12-12;4.095;165.84;2009-07-27
2009-07-31;2025-02-28;4.328;36.32;2009-07-24
2009-07-31;2025-10-03;4.441;54.04;2009-07-27
2009-07-31;2036-12-04;4.487;246.39;2009-07-21
2009-08-31;2009-10-18;3.250;63.11;2009-08-25
2009-08-31;2009-11-01;3.284;21.25;2009-08-18
2009-08-31;2009-11-23;3.240;650.40;2009-08-24
2009-08-31;2010-06-21;3.340;65.15;2009-08-31
2009-08-31;2011-04-04;3.475;136.73;2009-08-31
2009-08-31;2013-01-06;3.590;93.22;2009-08-31
2009-08-31;2014-05-18;3.680;101.59;2009-08-31
2009-08-31;2014-06-28;3.695;35.17;2009-08-31
2009-08-31;2015-11-14;3.830;130.51;2009-08-31
2009-08-31;2022-02-05;4.203;21.26;2009-08-18
2009-08-31;2025-02-28;4.418;24.06;2009-08-18
2009-08-31;2025-10-03;4.445;12.24;2009-08-26
2009-08-31;2026-01-02;4.456;90.68;2009-08-26
2009-08-31;2036-12-04;4.487;246.39;2009-07-21
2009-09-30;2009-10-18;3.247;1655.45;2009-09-30
2009-09-30;2009-11-01;3.250;55.31;2009-09-30
2009-09-30;2009-11-23;3.250;74.31;2009-09-10
2009-09-30;2010-01-18;3.240;103.65;2009-09-18
2009-09-30;2010-04-19;3.264;537.84;2009-09-30
2009-09-30;2011-02-14;3.380;155.07;2009-09-30
2009-09-30;2011-04-04;3.425;56.53;2009-09-30
2009-09-30;2012-02-11;3.487;97.81;2009-09-29
2009-09-30;2012-02-24;3.509;53.71;2009-09-29
2009-09-30;2012-05-05;3.509;60.27;2009-09-29
2009-09-30;2012-05-26;3.515;72.17;2009-09-29
2009-09-30;2012-09-22;3.547;93.95;2009-09-29
2009-09-30;2015-09-05;3.799;157.93;2009-09-30
2009-09-30;2015-10-31;3.811;87.48;2009-09-30
2009-09-30;2019-04-05;4.000;23.35;2009-09-25
2009-09-30;2020-06-06;4.099;81.66;2009-09-29
2009-09-30;2020-10-17;4.125;104.66;2009-09-29
2009-09-30;2020-12-12;4.135;322.85;2009-09-29
2009-09-30;2022-02-05;4.203;147.20;2009-09-29
2009-09-30;2024-04-05;4.330;142.33;2009-09-25
2009-09-30;2025-10-03;4.417;2224.14;2009-09-29
2009-09-30;2026-06-05;4.456;166.47;2009-09-29
2009-09-30;2036-12-04;4.487;246.39;2009-07-21
2009-10-30;2009-11-16;3.250;207.99;2009-10-30
2009-10-30;2009-12-21;3.250;103.37;2009-10-26
2009-10-30;2010-04-19;3.290;124.43;2009-10-30
2009-10-30;2010-09-13;3.300;35.21;2009-10-23
2009-10-30;2010-11-07;3.356;164.78;2009-10-30
2009-10-30;2011-11-02;3.544;1325.89;2009-11-02
2009-10-30;2014-05-18;3.710;985.28;2009-11-02
2009-10-30;2019-10-18;4.081;85.93;2009-10-29
2009-10-30;2020-09-05;4.111;77.71;2009-10-29
2009-10-30;2025-02-28;4.390;81.33;2009-10-23
2009-10-30;2026-06-05;4.460;40.00;2009-10-20
2009-10-30;2036-12-04;4.487;246.39;2009-07-21
2009-11-30;2009-12-21;3.280;82.91;2009-11-24
2009-11-30;2010-02-23;3.255;219.06;2009-11-17
2009-11-30;2010-02-23;3.255;43.85;2009-11-27
2009-11-30;2010-10-25;3.370;60.16;2009-11-27
2009-11-30;2011-04-04;3.515;74.30;2009-11-25
2009-11-30;2012-03-19;3.586;20.24;2009-11-26
2009-11-30;2014-05-18;3.764;374.96;2009-11-30
2009-11-30;2017-02-04;3.890;51.35;2009-11-04
2009-11-30;2017-10-14;3.940;51.34;2009-11-04
2009-11-30;2020-09-05;4.133;27.75;2009-11-13
2009-11-30;2025-10-03;4.434;376.48;2009-11-16
2009-11-30;2026-06-05;4.414;22.18;2009-11-25
2009-11-30;2036-12-04;4.485;20.92;2009-11-25
2009-12-31;2010-01-11;3.314;71.05;2009-12-24
2009-12-31;2010-03-15;3.316;246.87;2009-12-29
2009-12-31;2010-11-22;3.402;250.68;2009-12-21
2009-12-31;2010-12-06;3.401;500.72;2009-12-21
2009-12-31;2011-04-16;3.443;21.66;2009-12-31
2009-12-31;2012-08-19;3.643;175.26;2009-12-25
2009-12-31;2015-09-05;3.860;158.95;2009-12-31
2009-12-31;2019-10-18;4.130;86.20;2009-12-31
2009-12-31;2020-06-06;4.172;39.31;2009-12-25
2009-12-31;2021-01-02;4.210;21.78;2009-12-25
2009-12-31;2025-02-28;4.410;127.22;2009-12-31
2009-12-31;2026-01-02;4.457;110.19;2009-12-28
2009-12-31;2036-12-04;4.510;37.56;2009-12-29
2010-01-29;2010-02-01;3.330;101.56;2010-01-22
2010-01-29;2010-03-15;3.316;247.21;2010-01-13
2010-01-29;2010-05-03;3.450;300.00;2010-02-01
2010-01-29;2010-11-07;3.500;219.09;2010-01-27
2010-01-29;2010-11-15;3.505;115.76;2010-01-27
2010-01-29;2011-04-04;3.630;20.73;2010-01-26
2010-01-29;2012-04-16;3.669;199.89;2010-01-18
2010-01-29;2014-11-16;3.890;3765.16;2010-02-01
2010-01-29;2019-10-18;4.190;86.09;2010-01-28
2010-01-29;2020-06-06;4.200;56.23;2010-01-26
2010-01-29;2026-01-02;4.451;63.15;2010-01-06
2010-01-29;2026-01-02;4.465;105.29;2010-01-21
2010-01-29;2036-12-04;4.510;28.56;2010-01-04
2010-02-26;2010-04-19;3.450;167.67;2010-02-26
2010-02-26;2010-05-17;3.485;209.31;2010-02-26
2010-02-26;2010-08-09;3.563;140.18;2010-02-19
2010-02-26;2010-08-23;3.600;25.00;2010-02-22
2010-02-26;2011-04-04;3.750;49.85;2010-02-26
2010-02-26;2012-02-18;3.800;105.57;2010-02-26
2010-02-26;2012-03-19;3.830;56.82;2010-02-26
2010-02-26;2016-01-30;4.079;76.52;2010-02-26
2010-02-26;2019-08-02;4.231;310.20;2010-02-26
2010-02-26;2019-10-18;4.244;209.80;2010-02-26
2010-02-26;2020-03-03;4.150;49.87;2010-03-01
2010-02-26;2025-03-01;4.250;49.73;2010-03-01
2010-02-26;2026-01-02;4.451;63.15;2010-01-06
2010-02-26;2036-12-04;4.510;28.56;2010-01-04
2010-03-31;2010-05-17;3.438;267.08;2010-03-22
2010-03-31;2010-05-17;3.410;200.34;2010-03-26
2010-03-31;2010-09-13;3.513;50.94;2010-03-26
2010-03-31;2011-01-17;3.600;60.47;2010-03-26
2010-03-31;2011-02-14;3.615;119.83;2010-03-26
2010-03-31;2011-06-06;3.730;300.38;2010-03-31
2010-03-31;2012-06-02;3.840;21.25;2010-03-19
2010-03-31;2013-01-06;3.840;21.73;2010-03-19
2010-03-31;2014-10-18;3.990;220.74;2010-03-26
2010-03-31;2019-10-18;4.225;99.93;2010-03-30
2010-03-31;2020-03-03;4.240;99.42;2010-04-05
2010-03-31;2020-12-12;4.258;22.04;2010-03-19
2010-03-31;2021-01-02;4.315;39.40;2010-03-19
2010-03-31;2025-10-03;4.405;89.92;2010-03-25
2010-03-31;2026-01-02;4.451;63.15;2010-01-06
2010-03-31;2036-12-04;4.510;86.06;2010-03-19
2010-04-30;2010-05-17;3.438;267.08;2010-03-22
2010-04-30;2010-06-14;3.430;272.98;2010-04-28
2010-04-30;2010-07-26;3.407;357.90;2010-04-26
2010-04-30;2011-02-14;3.540;120.29;2010-04-28
2010-04-30;2011-05-16;3.590;64.63;2010-04-30
2010-04-30;2014-04-05;3.932;94.77;2010-04-15
2010-04-30;2014-06-14;3.853;291.56;2010-04-30
2010-04-30;2020-03-03;4.185;195.68;2010-04-30
2010-04-30;2020-06-06;4.153;205.45;2010-04-26
2010-04-30;2025-10-03;4.397;90.34;2010-04-26
2010-04-30;2026-01-02;4.451;63.15;2010-01-06
2010-04-30;2030-05-03;4.447;278.29;2010-05-03
2010-04-30;2036-12-04;4.504;15.96;2010-04-23
2026-07-31;2026-09-14;2.110;-;2026-07-31
2026-07-31;2026-11-16;2.180;-;2026-07-31
2026-07-31;2027-02-15;2.210;-;2026-07-31
2026-07-31;2027-09-20;2.240;-;2026-07-31
2026-07-31;2030-04-15;2.750;-;2026-07-31
2026-07-31;2031-10-20;2.890;-;2026-07-31
2026-07-31;2035-06-18;3.180;-;2026-07-31
2026-07-31;2039-07-18;3.640;-;2026-07-31
2026-07-31;2045-08-14;3.720;-;2026-07-31
2026-07-31;2055-04-19;4.100;-;2026-07-31
2026-08-31;2026-11-16;2.080;0.00;2026-08-31
2026-08-31;2027-02-15;2.190;0.00;2026-08-31
2026-08-31;2027-08-16;2.200;0.00;2026-08-31
2026-08-31;2027-09-20;2.210;0.00;2026-08-31
2026-08-31;2030-04-15;2.700;0.00;2026-08-31
2026-08-31;2031-10-20;2.860;0.00;2026-08-31
2026-08-31;2035-06-18;3.160;0.00;2026-08-31
2026-08-31;2039-07-18;3.620;0.00;2026-08-31
2026-08-31;2045-08-14;3.740;0.00;2026-08-31
2026-08-31;2055-04-19;4.100;0.00;2026-08-31
